# Environment
Emuera.NET 0.2.6.0
ShinEraTenseiP 0.5.9

# Log

=======================================================================================================================================================================
[500] 대기표시전환 [501] 1행표시 [502] 2행표시 [503] 3행표시 [504] 위치변경 　현재 월령：7/8 ＯＬＤ ＭＯＯＮ
-----------------------------------------------------------------------------------------------------------------------------------------------------------------------
 
 
 
 
 
 
 
 
 

1173턴 째　               7/8 ＯＬＤ ＭＯＯＮ       목표금액：￥0　　　조교가능횟수：6
-----------------------------------------------------------------------------------------------------------------------------------------------------------------------
 
 
 
 
 

-----------------------------------------------------------------------------------------------------------------------------------------------------------------------
『인간』 알 아자링                       　　　　　
ＭＡＧ   ▅▅▅▅▅▅▅▅▅▅▅▅▅▅▅▅▅▅▅▅▅▅▅▅▅▅▅▅▅▅▅▅▅▅▅▅▅▅▅▅▅▅▅▅ (    17,375/    99,000)
ＣＯＭＰ ▋▋▋▋                                         (4/4)
동료마： 2 / 24                                       소지금：￥0 / 30,085마카
=======================================================================================================================================================================
【RPG・진행】
[100] - 턴엔드           [101] - 탐색             [102] - 콜로세움참가     
[103] - 휴식             [104] - 의뢰청부         [105] - 이벤트           
[106] - 개별이벤트       [107] - 납금             [108] - 사교의관         
[109] - 벨벳룸           [110] - 셋업             [111] - 동료마강화       
[112] - 소지품확인       [116] - 아이템합성       [117] - ？？？？？       
[120] - SHOP             
【조교사】
[201] - 조교             [202] - 파트너변경       [203] - 조수변경         
[204] - 조교아이템구입   [205] - 조교능력상승     [206] - 노역/매각/경영   
[207] - ？？？？？       [208] - 의상방           [209] - ？？？？？       
[210] - 명칭/호칭변경    [212] - 요바이필터       [213] - 집회시킨다       
[214] - 교류한다         [215] - 전투훈련         
【캐릭터확인】
[301] - 능력확인         [302] - 캐릭터필터       [303] - 캐릭터정렬       
【그외】
[403] - ？？？？         
【시스템】
[200] - 세이브           [300] - 로드             [400] - 옵션             
[777] - 환생리스타트     [888] - 일기장.exe       [998] - 악마조교전.exe   
1000105
=======================================================================================================================================================================
[  9] - 타르타로스 답파 지령                
[ 12] - 깊은 안개의 스튜디오                
[ 17] - 조직으로부터의 통지                 
[ 18] - 악마 트레이드 시스템에 관하여       
[ 19] - 단발이벤트(신규6개)                 
[ 33] - 드워프의 부탁                       
[ 34] - 카드서머너                          
[ 35] - 사교의 관에서                       
[ 39] - 미지에 대한 탐구                    
[ 43] - （EX:PT）환영의 유령                
[ 52] - 특이한 악마의 매매                  
[ 91] - （EX:DP）악마빙의자의 소문          
[ 93] - （EX:RSL）착신・ki-ringtone         
[ 94] - （EX:유유유） 프롤로그              
[ 96] - （EX:Rabi-Ribi）Bunny meets YOU     
[ 97] - （EX:MB 1）그림자연극의 마을        
[ 99] - （EX:마도카☆마기카）정체불명의 하얀 악마
[1000] 돌아간다
-----------------------------------------------------------------------------------------------------------------------------------------------------------------------
어느 이벤트를 실행하시겠습니까？
1000
=======================================================================================================================================================================
[500] 대기표시전환 [501] 1행표시 [502] 2행표시 [503] 3행표시 [504] 위치변경 　현재 월령：7/8 ＯＬＤ ＭＯＯＮ
-----------------------------------------------------------------------------------------------------------------------------------------------------------------------
 
 
 
 
 
 
 
 
 

1173턴 째　               7/8 ＯＬＤ ＭＯＯＮ       목표금액：￥0　　　조교가능횟수：6
-----------------------------------------------------------------------------------------------------------------------------------------------------------------------
 
 
 
 
 

-----------------------------------------------------------------------------------------------------------------------------------------------------------------------
『인간』 알 아자링                       　　　　　
ＭＡＧ   ▅▅▅▅▅▅▅▅▅▅▅▅▅▅▅▅▅▅▅▅▅▅▅▅▅▅▅▅▅▅▅▅▅▅▅▅▅▅▅▅▅▅▅▅ (    17,375/    99,000)
ＣＯＭＰ ▋▋▋▋                                         (4/4)
동료마： 2 / 24                                       소지금：￥0 / 30,085마카
=======================================================================================================================================================================
【RPG・진행】
[100] - 턴엔드           [101] - 탐색             [102] - 콜로세움참가     
[103] - 휴식             [104] - 의뢰청부         [105] - 이벤트           
[106] - 개별이벤트       [107] - 납금             [108] - 사교의관         
[109] - 벨벳룸           [110] - 셋업             [111] - 동료마강화       
[112] - 소지품확인       [116] - 아이템합성       [117] - ？？？？？       
[120] - SHOP             
【조교사】
[201] - 조교             [202] - 파트너변경       [203] - 조수변경         
[204] - 조교아이템구입   [205] - 조교능력상승     [206] - 노역/매각/경영   
[207] - ？？？？？       [208] - 의상방           [209] - ？？？？？       
[210] - 명칭/호칭변경    [212] - 요바이필터       [213] - 집회시킨다       
[214] - 교류한다         [215] - 전투훈련         
【캐릭터확인】
[301] - 능력확인         [302] - 캐릭터필터       [303] - 캐릭터정렬       
【그외】
[403] - ？？？？         
【시스템】
[200] - 세이브           [300] - 로드             [400] - 옵션             
[777] - 환생리스타트     [888] - 일기장.exe       [998] - 악마조교전.exe   
1000107
-----------------------------------------------------------------------------------------------------------------------------------------------------------------------
조직에 납금할 금액을 지정해 주세요 （현재 조직에 대한 공헌도：7,616,706）
목표금액：￥0　소지금：￥0
 
 
 
 
 
 
 
 
 
 
 
 
 
 
 
 

=======================================================================================================================================================================
[500] 대기표시전환 [501] 1행표시 [502] 2행표시 [503] 3행표시 [504] 위치변경 　현재 월령：7/8 ＯＬＤ ＭＯＯＮ
-----------------------------------------------------------------------------------------------------------------------------------------------------------------------
 
 
 
 
 
 
 
 
 

1173턴 째　               7/8 ＯＬＤ ＭＯＯＮ       목표금액：￥0　　　조교가능횟수：6
-----------------------------------------------------------------------------------------------------------------------------------------------------------------------
 
 
 
 
 

-----------------------------------------------------------------------------------------------------------------------------------------------------------------------
『인간』 알 아자링                       　　　　　
ＭＡＧ   ▅▅▅▅▅▅▅▅▅▅▅▅▅▅▅▅▅▅▅▅▅▅▅▅▅▅▅▅▅▅▅▅▅▅▅▅▅▅▅▅▅▅▅▅ (    17,375/    99,000)
ＣＯＭＰ ▋▋▋▋                                         (4/4)
동료마： 2 / 24                                       소지금：￥0 / 30,085마카
=======================================================================================================================================================================
【RPG・진행】
[100] - 턴엔드           [101] - 탐색             [102] - 콜로세움참가     
[103] - 휴식             [104] - 의뢰청부         [105] - 이벤트           
[106] - 개별이벤트       [107] - 납금             [108] - 사교의관         
[109] - 벨벳룸           [110] - 셋업             [111] - 동료마강화       
[112] - 소지품확인       [116] - 아이템합성       [117] - ？？？？？       
[120] - SHOP             
【조교사】
[201] - 조교             [202] - 파트너변경       [203] - 조수변경         
[204] - 조교아이템구입   [205] - 조교능력상승     [206] - 노역/매각/경영   
[207] - ？？？？？       [208] - 의상방           [209] - ？？？？？       
[210] - 명칭/호칭변경    [212] - 요바이필터       [213] - 집회시킨다       
[214] - 교류한다         [215] - 전투훈련         
【캐릭터확인】
[301] - 능력확인         [302] - 캐릭터필터       [303] - 캐릭터정렬       
【그외】
[403] - ？？？？         
【시스템】
[200] - 세이브           [300] - 로드             [400] - 옵션             
[777] - 환생리스타트     [888] - 일기장.exe       [998] - 악마조교전.exe   
1000101
-----------------------------------------------------------------------------------------------------------------------------------------------------------------------
탐색할 장소를 선택해주세요。
이 턴 동안、돌입조건이 충족되는 한 자유롭게 재돌입할 수 있지만
다음 턴이 될 때까지 탐색장소를 변경할 수 없습니다。
-----------------------------------------------------------------------------------------------------------------------------------------------------------------------
[  1] 에코빌딩                          　(권장LV: 5)
[ 24] 도서관                            　(권장LV: 7)
[ 31] 롯폰기대환락가                    　(권장LV:??)
[ 34] 하츠다이쉘터                      　(권장LV: 5)
[ 61] 하라주쿠                          　(권장LV: 5)
[ 68] 아마라심계                        　(권장LV:20)
[ 76] 야토빌딩                          　(권장LV: 5)
[105] 정령계_EX：유희왕                 　(권장LV:15)
-----------------------------------------------------------------------------------------------------------------------------------------------------------------------
[ 94] 시아크                                               突入回数無消費
-----------------------------------------------------------------------------------------------------------------------------------------------------------------------
[1002] 필터링 설정        [1010] 자동 필터링        [1011] 필터 전체 해제
-----------------------------------------------------------------------------------------------------------------------------------------------------------------------
[1000] 돌아간다
                                                    
 
 
 
 
 
 
 
 
 
 

=======================================================================================================================================================================
롯폰기대환락가입구
  ￥0    ＣＯＭＰ용량： 2/24사용중
MAG:   17375    7/8 ＯＬＤ ＭＯＯＮ
 
 
 
 
                                                                                                               
                                                                          　■↑↑↑■　　　■■■　　　　　　 
                                                                          　■□□□■　　　■！■　　　　　　 
                                                                          　■□□□■■■■■문■■■　　　　 
                                                                          　■□□□□□□□□□！□■■■　　 
                                                                          　■□□□□□□□□□□□□！■■■ 
                                                                          　■□□□□□□□□□□□□□□□出 
                                                                          　■■■■■문■■■문■■■■■■■ 
                                                                          　　　　　■！■　■！■　　　　　　 
                                                                          　　　　　■■■　■■■　　　　　　 
                                                                          　　　　　　　　　　　　　　　　　　 
                                                                                                               
 
 
 
 
[CAPS-LOCK:ON]　　 [RUNRUN:OFF]　　 
=======================================================================================================================================================================


 
 
 
 
 
 
 
 
 
=======================================================================================================================================================================
ＣＯＭＭＡＮＤ                [1]ＩＴＥＭ         [5]ＣＯＭＰ         [+]ＬＯＧ           [R]ＲＵＮ ＯＦＦ    
        [w]↑                 [2]ＳＫＩＬＬ       [6]ＦＯＲＭ         [n]ＭＡＰ           
[a]← [f]조  사 [d]→         [3]ＥＱＵＩＰ       [7]ＳＴＡＴＵＳ　   [-]ＡＵＴＯ ＲＵＮ  
        [s]↓                 [4]ＲＥＣＯＶＥＲ   [8]ＭＡＧ           [o]ＯＰＴＩＯＮ     
=======================================================================================================================================================================
 
=======================================================================================================================================================================
롯폰기대환락가입구
  ￥0    ＣＯＭＰ용량： 2/24사용중
MAG:   17375    7/8 ＯＬＤ ＭＯＯＮ
 
 
 
 
                                                                                                               
                                                                          　■↑↑↑■　　　■■■　　　　　　 
                                                                          　■□□□■　　　■！■　　　　　　 
                                                                          　■□□□■■■■■문■■■　　　　 
                                                                          　■□□□□□□□□□！□■■■　　 
                                                                          　■□□□□□□□□□□□□！■■■ 
                                                                          　■□□□□□□□□□□□□□□□出 
                                                                          　■■■■■문■■■문■■■■■■■ 
                                                                          　　　　　■！■　■！■　　　　　　 
                                                                          　　　　　■■■　■■■　　　　　　 
                                                                          　　　　　　　　　　　　　　　　　　 
                                                                                                               
 
 
 
 
[CAPS-LOCK:ON]　　 [RUNRUN:OFF]　　 
=======================================================================================================================================================================


 
 
 
 
 
 
 
 
 
=======================================================================================================================================================================
ＣＯＭＭＡＮＤ                [1]ＩＴＥＭ         [5]ＣＯＭＰ         [+]ＬＯＧ           [R]ＲＵＮ ＯＦＦ    
        [w]↑                 [2]ＳＫＩＬＬ       [6]ＦＯＲＭ         [n]ＭＡＰ           
[a]← [f]조  사 [d]→         [3]ＥＱＵＩＰ       [7]ＳＴＡＴＵＳ　   [-]ＡＵＴＯ ＲＵＮ  
        [s]↓                 [4]ＲＥＣＯＶＥＲ   [8]ＭＡＧ           [o]ＯＰＴＩＯＮ     
=======================================================================================================================================================================
 
=======================================================================================================================================================================
롯폰기대환락가입구
  ￥0    ＣＯＭＰ용량： 2/24사용중
MAG:   17375    7/8 ＯＬＤ ＭＯＯＮ
 
 
 
 
                                                                                                               
                                                                          　■↑↑↑■　　　■■■　　　　　　 
                                                                          　■□□□■　　　■！■　　　　　　 
                                                                          　■□□□■■■■■문■■■　　　　 
                                                                          　■□□□□□□□□□！□■■■　　 
                                                                          　■□□□□□□□□□□□□！■■■ 
                                                                          　■□□□□□□□□□□□□□□□出 
                                                                          　■■■■■문■■■문■■■■■■■ 
                                                                          　　　　　■！■　■！■　　　　　　 
                                                                          　　　　　■■■　■■■　　　　　　 
                                                                          　　　　　　　　　　　　　　　　　　 
                                                                                                               
 
 
 
 
[CAPS-LOCK:ON]　　 [RUNRUN:OFF]　　 
=======================================================================================================================================================================


 
 
 
 
 
 
 
 
 
=======================================================================================================================================================================
ＣＯＭＭＡＮＤ                [1]ＩＴＥＭ         [5]ＣＯＭＰ         [+]ＬＯＧ           [R]ＲＵＮ ＯＦＦ    
        [w]↑                 [2]ＳＫＩＬＬ       [6]ＦＯＲＭ         [n]ＭＡＰ           
[a]← [f]조  사 [d]→         [3]ＥＱＵＩＰ       [7]ＳＴＡＴＵＳ　   [-]ＡＵＴＯ ＲＵＮ  
        [s]↓                 [4]ＲＥＣＯＶＥＲ   [8]ＭＡＧ           [o]ＯＰＴＩＯＮ     
=======================================================================================================================================================================
 
=======================================================================================================================================================================
롯폰기대환락가입구
  ￥0    ＣＯＭＰ용량： 2/24사용중
MAG:   17375    7/8 ＯＬＤ ＭＯＯＮ
 
 
 
 
                                                                                                               
                                                                          　■↑↑↑■　　　■■■　　　　　　 
                                                                          　■□□□■　　　■！■　　　　　　 
                                                                          　■□□□■■■■■문■■■　　　　 
                                                                          　■□□□□□□□□□！□■■■　　 
                                                                          　■□□□□□□□□□□□□！■■■ 
                                                                          　■□□□□□□□□□□□□□□□出 
                                                                          　■■■■■문■■■문■■■■■■■ 
                                                                          　　　　　■！■　■！■　　　　　　 
                                                                          　　　　　■■■　■■■　　　　　　 
                                                                          　　　　　　　　　　　　　　　　　　 
                                                                                                               
 
 
 
 
[CAPS-LOCK:ON]　　 [RUNRUN:OFF]　　 
=======================================================================================================================================================================


 
 
 
 
 
 
 
 
 
=======================================================================================================================================================================
ＣＯＭＭＡＮＤ                [1]ＩＴＥＭ         [5]ＣＯＭＰ         [+]ＬＯＧ           [R]ＲＵＮ ＯＦＦ    
        [w]↑                 [2]ＳＫＩＬＬ       [6]ＦＯＲＭ         [n]ＭＡＰ           
[a]← [f]조  사 [d]→         [3]ＥＱＵＩＰ       [7]ＳＴＡＴＵＳ　   [-]ＡＵＴＯ ＲＵＮ  
        [s]↓                 [4]ＲＥＣＯＶＥＲ   [8]ＭＡＧ           [o]ＯＰＴＩＯＮ     
=======================================================================================================================================================================
 
=======================================================================================================================================================================
롯폰기대환락가입구
  ￥0    ＣＯＭＰ용량： 2/24사용중
MAG:   17375    7/8 ＯＬＤ ＭＯＯＮ
 
 
 
 
                                                                                                               
                                                                          　■↑↑↑■　　　■■■　　　　　　 
                                                                          　■□□□■　　　■！■　　　　　　 
                                                                          　■□□□■■■■■문■■■　　　　 
                                                                          　■□□□□□□□□□！□■■■　　 
                                                                          　■□□□□□□□□□□□□！■■■ 
                                                                          　■□□□□□□□□□□□□□□□出 
                                                                          　■■■■■문■■■문■■■■■■■ 
                                                                          　　　　　■！■　■！■　　　　　　 
                                                                          　　　　　■■■　■■■　　　　　　 
                                                                          　　　　　　　　　　　　　　　　　　 
                                                                                                               
 
 
 
 
[CAPS-LOCK:ON]　　 [RUNRUN:OFF]　　 
=======================================================================================================================================================================


 
 
 
 
 
 
 
 
 
=======================================================================================================================================================================
ＣＯＭＭＡＮＤ                [1]ＩＴＥＭ         [5]ＣＯＭＰ         [+]ＬＯＧ           [R]ＲＵＮ ＯＦＦ    
        [w]↑                 [2]ＳＫＩＬＬ       [6]ＦＯＲＭ         [n]ＭＡＰ           
[a]← [f]조  사 [d]→         [3]ＥＱＵＩＰ       [7]ＳＴＡＴＵＳ　   [-]ＡＵＴＯ ＲＵＮ  
        [s]↓                 [4]ＲＥＣＯＶＥＲ   [8]ＭＡＧ           [o]ＯＰＴＩＯＮ     
=======================================================================================================================================================================
 
=======================================================================================================================================================================
롯폰기대환락가입구
  ￥0    ＣＯＭＰ용량： 2/24사용중
MAG:   17375    7/8 ＯＬＤ ＭＯＯＮ
 
 
 
 
                                                                                                               
                                                                          　■↑↑↑■　　　■■■　　　　　　 
                                                                          　■□□□■　　　■！■　　　　　　 
                                                                          　■□□□■■■■■문■■■　　　　 
                                                                          　■□□□□□□□□□！□■■■　　 
                                                                          　■□□□□□□□□□□□□！■■■ 
                                                                          　■□□□□□□□□□□□□□□□出 
                                                                          　■■■■■문■■■문■■■■■■■ 
                                                                          　　　　　■！■　■！■　　　　　　 
                                                                          　　　　　■■■　■■■　　　　　　 
                                                                          　　　　　　　　　　　　　　　　　　 
                                                                                                               
 
 
 
 
[CAPS-LOCK:ON]　　 [RUNRUN:OFF]　　 
=======================================================================================================================================================================


 
 
 
 
 
 
 
 
 
=======================================================================================================================================================================
ＣＯＭＭＡＮＤ                [1]ＩＴＥＭ         [5]ＣＯＭＰ         [+]ＬＯＧ           [R]ＲＵＮ ＯＦＦ    
        [w]↑                 [2]ＳＫＩＬＬ       [6]ＦＯＲＭ         [n]ＭＡＰ           
[a]← [f]조  사 [d]→         [3]ＥＱＵＩＰ       [7]ＳＴＡＴＵＳ　   [-]ＡＵＴＯ ＲＵＮ  
        [s]↓                 [4]ＲＥＣＯＶＥＲ   [8]ＭＡＧ           [o]ＯＰＴＩＯＮ     
=======================================================================================================================================================================
 
=======================================================================================================================================================================
롯폰기대환락가입구
  ￥0    ＣＯＭＰ용량： 2/24사용중
MAG:   17375    7/8 ＯＬＤ ＭＯＯＮ
 
 
 
 
                                                                                                               
                                                                          　■↑↑↑■　　　■■■　　　　　　 
                                                                          　■□□□■　　　■！■　　　　　　 
                                                                          　■□□□■■■■■문■■■　　　　 
                                                                          　■□□□□□□□□□！□■■■　　 
                                                                          　■□□□□□□□□□□□□！■■■ 
                                                                          　■□□□□□□□□□□□□□□□出 
                                                                          　■■■■■문■■■문■■■■■■■ 
                                                                          　　　　　■！■　■！■　　　　　　 
                                                                          　　　　　■■■　■■■　　　　　　 
                                                                          　　　　　　　　　　　　　　　　　　 
                                                                                                               
 
 
 
 
[CAPS-LOCK:ON]　　 [RUNRUN:OFF]　　 
=======================================================================================================================================================================


 
 
 
 
 
 
 
 
 
=======================================================================================================================================================================
ＣＯＭＭＡＮＤ                [1]ＩＴＥＭ         [5]ＣＯＭＰ         [+]ＬＯＧ           [R]ＲＵＮ ＯＦＦ    
        [w]↑                 [2]ＳＫＩＬＬ       [6]ＦＯＲＭ         [n]ＭＡＰ           
[a]← [f]조  사 [d]→         [3]ＥＱＵＩＰ       [7]ＳＴＡＴＵＳ　   [-]ＡＵＴＯ ＲＵＮ  
        [s]↓                 [4]ＲＥＣＯＶＥＲ   [8]ＭＡＧ           [o]ＯＰＴＩＯＮ     
=======================================================================================================================================================================
 
=======================================================================================================================================================================
롯폰기대환락가입구
  ￥0    ＣＯＭＰ용량： 2/24사용중
MAG:   17375    7/8 ＯＬＤ ＭＯＯＮ
 
 
 
 
                                                                                                               
                                                                          　■↑↑↑■　　　■■■　　　　　　 
                                                                          　■□□□■　　　■！■　　　　　　 
                                                                          　■□□□■■■■■문■■■　　　　 
                                                                          　■□□□□□□□□□！□■■■　　 
                                                                          　■□□□□□□□□□□□□！■■■ 
                                                                          　■□□□□□□□□□□□□□□□出 
                                                                          　■■■■■문■■■문■■■■■■■ 
                                                                          　　　　　■！■　■！■　　　　　　 
                                                                          　　　　　■■■　■■■　　　　　　 
                                                                          　　　　　　　　　　　　　　　　　　 
                                                                                                               
 
 
 
 
[CAPS-LOCK:ON]　　 [RUNRUN:OFF]　　 
=======================================================================================================================================================================


 
 
 
 
 
 
 
 
 
=======================================================================================================================================================================
ＣＯＭＭＡＮＤ                [1]ＩＴＥＭ         [5]ＣＯＭＰ         [+]ＬＯＧ           [R]ＲＵＮ ＯＦＦ    
        [w]↑                 [2]ＳＫＩＬＬ       [6]ＦＯＲＭ         [n]ＭＡＰ           
[a]← [f]조  사 [d]→         [3]ＥＱＵＩＰ       [7]ＳＴＡＴＵＳ　   [-]ＡＵＴＯ ＲＵＮ  
        [s]↓                 [4]ＲＥＣＯＶＥＲ   [8]ＭＡＧ           [o]ＯＰＴＩＯＮ     
=======================================================================================================================================================================
 
=======================================================================================================================================================================
롯폰기대환락가입구
  ￥0    ＣＯＭＰ용량： 2/24사용중
MAG:   17375    7/8 ＯＬＤ ＭＯＯＮ
 
 
 
 
                                                                                                               
                                                                          　■↑↑↑■　　　■■■　　　　　　 
                                                                          　■□□□■　　　■！■　　　　　　 
                                                                          　■□□□■■■■■문■■■　　　　 
                                                                          　■□□□□□□□□□！□■■■　　 
                                                                          　■□□□□□□□□□□□□！■■■ 
                                                                          　■□□□□□□□□□□□□□□□出 
                                                                          　■■■■■문■■■문■■■■■■■ 
                                                                          　　　　　■！■　■！■　　　　　　 
                                                                          　　　　　■■■　■■■　　　　　　 
                                                                          　　　　　　　　　　　　　　　　　　 
                                                                                                               
 
 
 
 
[CAPS-LOCK:ON]　　 [RUNRUN:OFF]　　 
=======================================================================================================================================================================


 
 
 
 
 
 
 
 
 
=======================================================================================================================================================================
ＣＯＭＭＡＮＤ                [1]ＩＴＥＭ         [5]ＣＯＭＰ         [+]ＬＯＧ           [R]ＲＵＮ ＯＦＦ    
        [w]↑                 [2]ＳＫＩＬＬ       [6]ＦＯＲＭ         [n]ＭＡＰ           
[a]← [f]조  사 [d]→         [3]ＥＱＵＩＰ       [7]ＳＴＡＴＵＳ　   [-]ＡＵＴＯ ＲＵＮ  
        [s]↓                 [4]ＲＥＣＯＶＥＲ   [8]ＭＡＧ           [o]ＯＰＴＩＯＮ     
=======================================================================================================================================================================
 
=======================================================================================================================================================================
롯폰기대환락가입구
  ￥0    ＣＯＭＰ용량： 2/24사용중
MAG:   17375    7/8 ＯＬＤ ＭＯＯＮ
 
 
 
 
                                                                                                               
                                                                          　■↑↑↑■　　　■■■　　　　　　 
                                                                          　■□□□■　　　■！■　　　　　　 
                                                                          　■□□□■■■■■문■■■　　　　 
                                                                          　■□□□□□□□□□！□■■■　　 
                                                                          　■□□□□□□□□□□□□！■■■ 
                                                                          　■□□□□□□□□□□□□□□□出 
                                                                          　■■■■■문■■■문■■■■■■■ 
                                                                          　　　　　■！■　■！■　　　　　　 
                                                                          　　　　　■■■　■■■　　　　　　 
                                                                          　　　　　　　　　　　　　　　　　　 
                                                                                                               
 
 
 
 
[CAPS-LOCK:ON]　　 [RUNRUN:OFF]　　 
=======================================================================================================================================================================


 
 
 
 
 
 
 
 
 
=======================================================================================================================================================================
ＣＯＭＭＡＮＤ                [1]ＩＴＥＭ         [5]ＣＯＭＰ         [+]ＬＯＧ           [R]ＲＵＮ ＯＦＦ    
        [w]↑                 [2]ＳＫＩＬＬ       [6]ＦＯＲＭ         [n]ＭＡＰ           
[a]← [f]조  사 [d]→         [3]ＥＱＵＩＰ       [7]ＳＴＡＴＵＳ　   [-]ＡＵＴＯ ＲＵＮ  
        [s]↓                 [4]ＲＥＣＯＶＥＲ   [8]ＭＡＧ           [o]ＯＰＴＩＯＮ     
=======================================================================================================================================================================
 
=======================================================================================================================================================================
롯폰기대환락가입구
  ￥0    ＣＯＭＰ용량： 2/24사용중
MAG:   17375    7/8 ＯＬＤ ＭＯＯＮ
 
 
 
 
                                                                                                               
                                                                          　■↑↑↑■　　　■■■　　　　　　 
                                                                          　■□□□■　　　■！■　　　　　　 
                                                                          　■□□□■■■■■문■■■　　　　 
                                                                          　■□□□□□□□□□！□■■■　　 
                                                                          　■□□□□□□□□□□□□！■■■ 
                                                                          　■□□□□□□□□□□□□□□□出 
                                                                          　■■■■■문■■■문■■■■■■■ 
                                                                          　　　　　■！■　■！■　　　　　　 
                                                                          　　　　　■■■　■■■　　　　　　 
                                                                          　　　　　　　　　　　　　　　　　　 
                                                                                                               
 
 
 
 
[CAPS-LOCK:ON]　　 [RUNRUN:OFF]　　 
=======================================================================================================================================================================


 
 
 
 
 
 
 
 
 
=======================================================================================================================================================================
ＣＯＭＭＡＮＤ                [1]ＩＴＥＭ         [5]ＣＯＭＰ         [+]ＬＯＧ           [R]ＲＵＮ ＯＦＦ    
        [w]↑                 [2]ＳＫＩＬＬ       [6]ＦＯＲＭ         [n]ＭＡＰ           
[a]← [f]조  사 [d]→         [3]ＥＱＵＩＰ       [7]ＳＴＡＴＵＳ　   [-]ＡＵＴＯ ＲＵＮ  
        [s]↓                 [4]ＲＥＣＯＶＥＲ   [8]ＭＡＧ           [o]ＯＰＴＩＯＮ     
=======================================================================================================================================================================
 
=======================================================================================================================================================================
롯폰기대환락가입구
  ￥0    ＣＯＭＰ용량： 2/24사용중
MAG:   17375    7/8 ＯＬＤ ＭＯＯＮ
 
 
 
 
                                                                                                               
                                                                          　■↑↑↑■　　　■■■　　　　　　 
                                                                          　■□□□■　　　■！■　　　　　　 
                                                                          　■□□□■■■■■문■■■　　　　 
                                                                          　■□□□□□□□□□！□■■■　　 
                                                                          　■□□□□□□□□□□□□！■■■ 
                                                                          　■□□□□□□□□□□□□□□□出 
                                                                          　■■■■■문■■■문■■■■■■■ 
                                                                          　　　　　■！■　■！■　　　　　　 
                                                                          　　　　　■■■　■■■　　　　　　 
                                                                          　　　　　　　　　　　　　　　　　　 
                                                                                                               
 
 
 
 
[CAPS-LOCK:ON]　　 [RUNRUN:OFF]　　 
=======================================================================================================================================================================


 
 
 
 
 
 
 
 
 
=======================================================================================================================================================================
ＣＯＭＭＡＮＤ                [1]ＩＴＥＭ         [5]ＣＯＭＰ         [+]ＬＯＧ           [R]ＲＵＮ ＯＦＦ    
        [w]↑                 [2]ＳＫＩＬＬ       [6]ＦＯＲＭ         [n]ＭＡＰ           
[a]← [f]조  사 [d]→         [3]ＥＱＵＩＰ       [7]ＳＴＡＴＵＳ　   [-]ＡＵＴＯ ＲＵＮ  
        [s]↓                 [4]ＲＥＣＯＶＥＲ   [8]ＭＡＧ           [o]ＯＰＴＩＯＮ     
=======================================================================================================================================================================
 
=======================================================================================================================================================================
롯폰기대환락가입구
  ￥0    ＣＯＭＰ용량： 2/24사용중
MAG:   17375    7/8 ＯＬＤ ＭＯＯＮ
 
 
 
 
                                                                                                               
                                                                          　■↑↑↑■　　　■■■　　　　　　 
                                                                          　■□□□■　　　■！■　　　　　　 
                                                                          　■□□□■■■■■문■■■　　　　 
                                                                          　■□□□□□□□□□！□■■■　　 
                                                                          　■□□□□□□□□□□□□！■■■ 
                                                                          　■□□□□□□□□□□□□□□□出 
                                                                          　■■■■■문■■■문■■■■■■■ 
                                                                          　　　　　■！■　■！■　　　　　　 
                                                                          　　　　　■■■　■■■　　　　　　 
                                                                          　　　　　　　　　　　　　　　　　　 
                                                                                                               
 
 
 
 
[CAPS-LOCK:ON]　　 [RUNRUN:OFF]　　 
=======================================================================================================================================================================


 
 
 
 
 
 
 
 
 
=======================================================================================================================================================================
ＣＯＭＭＡＮＤ                [1]ＩＴＥＭ         [5]ＣＯＭＰ         [+]ＬＯＧ           [R]ＲＵＮ ＯＦＦ    
        [w]↑                 [2]ＳＫＩＬＬ       [6]ＦＯＲＭ         [n]ＭＡＰ           
[a]← [f]조  사 [d]→         [3]ＥＱＵＩＰ       [7]ＳＴＡＴＵＳ　   [-]ＡＵＴＯ ＲＵＮ  
        [s]↓                 [4]ＲＥＣＯＶＥＲ   [8]ＭＡＧ           [o]ＯＰＴＩＯＮ     
=======================================================================================================================================================================
 
=======================================================================================================================================================================
롯폰기대환락가입구
  ￥0    ＣＯＭＰ용량： 2/24사용중
MAG:   17375    7/8 ＯＬＤ ＭＯＯＮ
 
 
 
 
                                                                                                               
                                                                          　■↑↑↑■　　　■■■　　　　　　 
                                                                          　■□□□■　　　■！■　　　　　　 
                                                                          　■□□□■■■■■문■■■　　　　 
                                                                          　■□□□□□□□□□！□■■■　　 
                                                                          　■□□□□□□□□□□□□！■■■ 
                                                                          　■□□□□□□□□□□□□□□□出 
                                                                          　■■■■■문■■■문■■■■■■■ 
                                                                          　　　　　■！■　■！■　　　　　　 
                                                                          　　　　　■■■　■■■　　　　　　 
                                                                          　　　　　　　　　　　　　　　　　　 
                                                                                                               
 
 
 
 
[CAPS-LOCK:ON]　　 [RUNRUN:OFF]　　 
=======================================================================================================================================================================


 
 
 
 
 
 
 
 
 
=======================================================================================================================================================================
ＣＯＭＭＡＮＤ                [1]ＩＴＥＭ         [5]ＣＯＭＰ         [+]ＬＯＧ           [R]ＲＵＮ ＯＦＦ    
        [w]↑                 [2]ＳＫＩＬＬ       [6]ＦＯＲＭ         [n]ＭＡＰ           
[a]← [f]조  사 [d]→         [3]ＥＱＵＩＰ       [7]ＳＴＡＴＵＳ　   [-]ＡＵＴＯ ＲＵＮ  
        [s]↓                 [4]ＲＥＣＯＶＥＲ   [8]ＭＡＧ           [o]ＯＰＴＩＯＮ     
=======================================================================================================================================================================
 
=======================================================================================================================================================================
롯폰기대환락가입구
  ￥0    ＣＯＭＰ용량： 2/24사용중
MAG:   17375    7/8 ＯＬＤ ＭＯＯＮ
 
 
 
 
                                                                                                               
                                                                          　■↑↑↑■　　　■■■　　　　　　 
                                                                          　■□□□■　　　■！■　　　　　　 
                                                                          　■□□□■■■■■문■■■　　　　 
                                                                          　■□□□□□□□□□！□■■■　　 
                                                                          　■□□□□□□□□□□□□！■■■ 
                                                                          　■□□□□□□□□□□□□□□□出 
                                                                          　■■■■■문■■■문■■■■■■■ 
                                                                          　　　　　■！■　■！■　　　　　　 
                                                                          　　　　　■■■　■■■　　　　　　 
                                                                          　　　　　　　　　　　　　　　　　　 
                                                                                                               
 
 
 
 
[CAPS-LOCK:ON]　　 [RUNRUN:OFF]　　 
=======================================================================================================================================================================


 
 
 
 
 
 
 
 
 
=======================================================================================================================================================================
ＣＯＭＭＡＮＤ                [1]ＩＴＥＭ         [5]ＣＯＭＰ         [+]ＬＯＧ           [R]ＲＵＮ ＯＦＦ    
        [w]↑                 [2]ＳＫＩＬＬ       [6]ＦＯＲＭ         [n]ＭＡＰ           
[a]← [f]조  사 [d]→         [3]ＥＱＵＩＰ       [7]ＳＴＡＴＵＳ　   [-]ＡＵＴＯ ＲＵＮ  
        [s]↓                 [4]ＲＥＣＯＶＥＲ   [8]ＭＡＧ           [o]ＯＰＴＩＯＮ     
=======================================================================================================================================================================
 
=======================================================================================================================================================================
롯폰기대환락가입구
  ￥0    ＣＯＭＰ용량： 2/24사용중
MAG:   17375    7/8 ＯＬＤ ＭＯＯＮ
 
 
 
 
                                                                                                               
                                                                          　■↑↑↑■　　　■■■　　　　　　 
                                                                          　■□□□■　　　■！■　　　　　　 
                                                                          　■□□□■■■■■문■■■　　　　 
                                                                          　■□□□□□□□□□！□■■■　　 
                                                                          　■□□□□□□□□□□□□！■■■ 
                                                                          　■□□□□□□□□□□□□□□□出 
                                                                          　■■■■■문■■■문■■■■■■■ 
                                                                          　　　　　■！■　■！■　　　　　　 
                                                                          　　　　　■■■　■■■　　　　　　 
                                                                          　　　　　　　　　　　　　　　　　　 
                                                                                                               
 
 
 
 
[CAPS-LOCK:ON]　　 [RUNRUN:OFF]　　 
=======================================================================================================================================================================


 
 
 
 
 
 
 
 
 
=======================================================================================================================================================================
ＣＯＭＭＡＮＤ                [1]ＩＴＥＭ         [5]ＣＯＭＰ         [+]ＬＯＧ           [R]ＲＵＮ ＯＦＦ    
        [w]↑                 [2]ＳＫＩＬＬ       [6]ＦＯＲＭ         [n]ＭＡＰ           
[a]← [f]조  사 [d]→         [3]ＥＱＵＩＰ       [7]ＳＴＡＴＵＳ　   [-]ＡＵＴＯ ＲＵＮ  
        [s]↓                 [4]ＲＥＣＯＶＥＲ   [8]ＭＡＧ           [o]ＯＰＴＩＯＮ     
=======================================================================================================================================================================
 
=======================================================================================================================================================================
롯폰기대환락가입구
  ￥0    ＣＯＭＰ용량： 2/24사용중
MAG:   17375    7/8 ＯＬＤ ＭＯＯＮ
 
 
 
 
                                                                                                               
                                                                          　■↑↑↑■　　　■■■　　　　　　 
                                                                          　■□□□■　　　■！■　　　　　　 
                                                                          　■□□□■■■■■문■■■　　　　 
                                                                          　■□□□□□□□□□！□■■■　　 
                                                                          　■□□□□□□□□□□□□！■■■ 
                                                                          　■□□□□□□□□□□□□□□□出 
                                                                          　■■■■■문■■■문■■■■■■■ 
                                                                          　　　　　■！■　■！■　　　　　　 
                                                                          　　　　　■■■　■■■　　　　　　 
                                                                          　　　　　　　　　　　　　　　　　　 
                                                                                                               
 
 
 
 
[CAPS-LOCK:ON]　　 [RUNRUN:OFF]　　 
=======================================================================================================================================================================


 
 
 
 
 
 
 
 
 
=======================================================================================================================================================================
ＣＯＭＭＡＮＤ                [1]ＩＴＥＭ         [5]ＣＯＭＰ         [+]ＬＯＧ           [R]ＲＵＮ ＯＦＦ    
        [w]↑                 [2]ＳＫＩＬＬ       [6]ＦＯＲＭ         [n]ＭＡＰ           
[a]← [f]조  사 [d]→         [3]ＥＱＵＩＰ       [7]ＳＴＡＴＵＳ　   [-]ＡＵＴＯ ＲＵＮ  
        [s]↓                 [4]ＲＥＣＯＶＥＲ   [8]ＭＡＧ           [o]ＯＰＴＩＯＮ     
=======================================================================================================================================================================
 
=======================================================================================================================================================================
롯폰기대환락가입구
  ￥0    ＣＯＭＰ용량： 2/24사용중
MAG:   17375    7/8 ＯＬＤ ＭＯＯＮ
 
 
 
 
                                                                                                               
                                                                          　■↑↑↑■　　　■■■　　　　　　 
                                                                          　■□□□■　　　■！■　　　　　　 
                                                                          　■□□□■■■■■문■■■　　　　 
                                                                          　■□□□□□□□□□！□■■■　　 
                                                                          　■□□□□□□□□□□□□！■■■ 
                                                                          　■□□□□□□□□□□□□□□□出 
                                                                          　■■■■■문■■■문■■■■■■■ 
                                                                          　　　　　■！■　■！■　　　　　　 
                                                                          　　　　　■■■　■■■　　　　　　 
                                                                          　　　　　　　　　　　　　　　　　　 
                                                                                                               
 
 
 
 
[CAPS-LOCK:ON]　　 [RUNRUN:ON]　　 
=======================================================================================================================================================================


 
 
 
 
 
 
 
 
 
=======================================================================================================================================================================
ＣＯＭＭＡＮＤ                [1]ＩＴＥＭ         [5]ＣＯＭＰ         [+]ＬＯＧ           [R]ＲＵＮ ＯＮ      
        [w]↑                 [2]ＳＫＩＬＬ       [6]ＦＯＲＭ         [n]ＭＡＰ           
[a]← [f]조  사 [d]→         [3]ＥＱＵＩＰ       [7]ＳＴＡＴＵＳ　   [-]ＡＵＴＯ ＲＵＮ  
        [s]↓                 [4]ＲＥＣＯＶＥＲ   [8]ＭＡＧ           [o]ＯＰＴＩＯＮ     
=======================================================================================================================================================================
 
=======================================================================================================================================================================
롯폰기대환락가입구
  ￥0    ＣＯＭＰ용량： 2/24사용중
MAG:   17375    6/8 ＯＬＤ ＭＯＯＮ
 
 
 
 
                                                                                                               
                                                                          　■↑↑↑■　　　■■■　　　　　　 
                                                                          　■□□□■　　　■！■　　　　　　 
                                                                          　■□□□■■■■■문■■■　　　　 
                                                                          　■□□□□□□□□□！□■■■　　 
                                                                          　■□□□□□□□□□□□□！■■■ 
                                                                          　■□□□□□□□□□□□□□□□出 
                                                                          　■■■■■문■■■문■■■■■■■ 
                                                                          　　　　　■！■　■！■　　　　　　 
                                                                          　　　　　■■■　■■■　　　　　　 
                                                                          　　　　　　　　　　　　　　　　　　 
                                                                                                               
 
 
 
 
[CAPS-LOCK:ON]　　 [RUNRUN:ON]　　 
=======================================================================================================================================================================


 
 
 
 
 
 
 
 
 
=======================================================================================================================================================================
ＣＯＭＭＡＮＤ                [1]ＩＴＥＭ         [5]ＣＯＭＰ         [+]ＬＯＧ           [R]ＲＵＮ ＯＮ      
        [w]↑                 [2]ＳＫＩＬＬ       [6]ＦＯＲＭ         [n]ＭＡＰ           
[a]← [f]조  사 [d]→         [3]ＥＱＵＩＰ       [7]ＳＴＡＴＵＳ　   [-]ＡＵＴＯ ＲＵＮ  
        [s]↓                 [4]ＲＥＣＯＶＥＲ   [8]ＭＡＧ           [o]ＯＰＴＩＯＮ     
=======================================================================================================================================================================
 
=======================================================================================================================================================================
롯폰기대환락가입구
  ￥0    ＣＯＭＰ용량： 2/24사용중
MAG:   17375    6/8 ＯＬＤ ＭＯＯＮ
 
 
 
 
                                                                                                               
                                                                          　■↑↑↑■　　　■■■　　　　　　 
                                                                          　■□□□■　　　■！■　　　　　　 
                                                                          　■□□□■■■■■문■■■　　　　 
                                                                          　■□□□□□□□□□！□■■■　　 
                                                                          　■□□□□□□□□□□□□！■■■ 
                                                                          　■□□□□□□□□□□□□□□□出 
                                                                          　■■■■■문■■■문■■■■■■■ 
                                                                          　　　　　■！■　■！■　　　　　　 
                                                                          　　　　　■■■　■■■　　　　　　 
                                                                          　　　　　　　　　　　　　　　　　　 
                                                                                                               
 
 
 
 
[CAPS-LOCK:ON]　　 [RUNRUN:ON]　　 
=======================================================================================================================================================================


 
 
 
 
 
 
 
 
 
=======================================================================================================================================================================
ＣＯＭＭＡＮＤ                [1]ＩＴＥＭ         [5]ＣＯＭＰ         [+]ＬＯＧ           [R]ＲＵＮ ＯＮ      
        [w]↑                 [2]ＳＫＩＬＬ       [6]ＦＯＲＭ         [n]ＭＡＰ           
[a]← [f]조  사 [d]→         [3]ＥＱＵＩＰ       [7]ＳＴＡＴＵＳ　   [-]ＡＵＴＯ ＲＵＮ  
        [s]↓                 [4]ＲＥＣＯＶＥＲ   [8]ＭＡＧ           [o]ＯＰＴＩＯＮ     
=======================================================================================================================================================================
 
=======================================================================================================================================================================
롯폰기대환락가입구
  ￥0    ＣＯＭＰ용량： 2/24사용중
MAG:   17375    6/8 ＯＬＤ ＭＯＯＮ
 
 
 
 
                                                                                                               
                                                                          　■↑↑↑■　　　■■■　　　　　　 
                                                                          　■□□□■　　　■！■　　　　　　 
                                                                          　■□□□■■■■■문■■■　　　　 
                                                                          　■□□□□□□□□□！□■■■　　 
                                                                          　■□□□□□□□□□□□□！■■■ 
                                                                          　■□□□□□□□□□□□□□□□出 
                                                                          　■■■■■문■■■문■■■■■■■ 
                                                                          　　　　　■！■　■！■　　　　　　 
                                                                          　　　　　■■■　■■■　　　　　　 
                                                                          　　　　　　　　　　　　　　　　　　 
                                                                                                               
 
 
 
 
[CAPS-LOCK:ON]　　 [RUNRUN:ON]　　 
=======================================================================================================================================================================


 
 
 
 
 
 
 
 
 
=======================================================================================================================================================================
ＣＯＭＭＡＮＤ                [1]ＩＴＥＭ         [5]ＣＯＭＰ         [+]ＬＯＧ           [R]ＲＵＮ ＯＮ      
        [w]↑                 [2]ＳＫＩＬＬ       [6]ＦＯＲＭ         [n]ＭＡＰ           
[a]← [f]조  사 [d]→         [3]ＥＱＵＩＰ       [7]ＳＴＡＴＵＳ　   [-]ＡＵＴＯ ＲＵＮ  
        [s]↓                 [4]ＲＥＣＯＶＥＲ   [8]ＭＡＧ           [o]ＯＰＴＩＯＮ     
=======================================================================================================================================================================
 
=======================================================================================================================================================================
롯폰기대환락가대로
  ￥0    ＣＯＭＰ용량： 2/24사용중
MAG:   17375    6/8 ＯＬＤ ＭＯＯＮ
 
 
                                                                    ■■■■■■■■■■■■문■문■문■문■■■　■↑■　　　　 
                                                                    ■！■！□□□！□□！■□□□□□□□■！■　■□■　■■■ 
                                                                    ■문■□□□□□□□□■문■문■문■□■□■　■□■　■！■ 
                                                                    ■□□□□！□□□□□■■문■문■■□■□■■■□■■■문■ 
                                                                    ■□□□□□□□□□□■！□□□□□□■□□□□□□□□□■ 
                                                                    ■■■문■■■■문■■■■■■문■■■■□■■■□■■■□■ 
                                                                    出□□□！□□□□□□□□□！□□□□□□□□□□□□□□□ 
                                                                    出□□□□□□□□□□□□□□□□□□□□□□□□□！□□□ 
                                                                    出□□■■■■■■■□！■■■■■■■□□■■■■■■■□□ 
                                                                    出□□□□□□□□□□□□□□□□□□□□□□□□□□□□□ 
                                                                    出□■□■□□□□□□□□□□□□□！□□□□□□！□□□□ 
                                                                    ■□□□□□■■■■■■■문■■■문■■■■■■문■■■■■ 
                                                                    ■■□□□■■　　　　　　　　　■！■　■！문□□□문！■　 
                                                                    　■↓↓↓■　　　　　　　　　　■■■　■■■■■■■■■　 
 
 
[CAPS-LOCK:ON]　　 [RUNRUN:ON]　　 
=======================================================================================================================================================================


 
 
 
 
 
 
 
 
 
=======================================================================================================================================================================
ＣＯＭＭＡＮＤ                [1]ＩＴＥＭ         [5]ＣＯＭＰ         [+]ＬＯＧ           [R]ＲＵＮ ＯＮ      
        [w]↑                 [2]ＳＫＩＬＬ       [6]ＦＯＲＭ         [n]ＭＡＰ           
[a]← [f]조  사 [d]→         [3]ＥＱＵＩＰ       [7]ＳＴＡＴＵＳ　   [-]ＡＵＴＯ ＲＵＮ  
        [s]↓                 [4]ＲＥＣＯＶＥＲ   [8]ＭＡＧ           [o]ＯＰＴＩＯＮ     
=======================================================================================================================================================================
 
=======================================================================================================================================================================
롯폰기대환락가대로
  ￥0    ＣＯＭＰ용량： 2/24사용중
MAG:   17375    6/8 ＯＬＤ ＭＯＯＮ
 
 
                                                                    ■■■■■■■■■■■■문■문■문■문■■■　■↑■　　　　 
                                                                    ■！■！□□□！□□！■□□□□□□□■！■　■□■　■■■ 
                                                                    ■문■□□□□□□□□■문■문■문■□■□■　■□■　■！■ 
                                                                    ■□□□□！□□□□□■■문■문■■□■□■■■□■■■문■ 
                                                                    ■□□□□□□□□□□■！□□□□□□■□□□□□□□□□■ 
                                                                    ■■■문■■■■문■■■■■■문■■■■□■■■□■■■□■ 
                                                                    出□□□！□□□□□□□□□！□□□□□□□□□□□□□□□ 
                                                                    出□□□□□□□□□□□□□□□□□□□□□□□□□！□□□ 
                                                                    出□□■■■■■■■□！■■■■■■■□□■■■■■■■□□ 
                                                                    出□□□□□□□□□□□□□□□□□□□□□□□□□□□□□ 
                                                                    出□■□■□□□□□□□□□□□□□！□□□□□□！□□□□ 
                                                                    ■□□□□□■■■■■■■문■■■문■■■■■■문■■■■■ 
                                                                    ■■□□□■■　　　　　　　　　■！■　■！문□□□문！■　 
                                                                    　■↓↓↓■　　　　　　　　　　■■■　■■■■■■■■■　 
 
 
[CAPS-LOCK:ON]　　 [RUNRUN:ON]　　 
=======================================================================================================================================================================


 
 
 
 
 
 
 
 
 
=======================================================================================================================================================================
ＣＯＭＭＡＮＤ                [1]ＩＴＥＭ         [5]ＣＯＭＰ         [+]ＬＯＧ           [R]ＲＵＮ ＯＮ      
        [w]↑                 [2]ＳＫＩＬＬ       [6]ＦＯＲＭ         [n]ＭＡＰ           
[a]← [f]조  사 [d]→         [3]ＥＱＵＩＰ       [7]ＳＴＡＴＵＳ　   [-]ＡＵＴＯ ＲＵＮ  
        [s]↓                 [4]ＲＥＣＯＶＥＲ   [8]ＭＡＧ           [o]ＯＰＴＩＯＮ     
=======================================================================================================================================================================
 
=======================================================================================================================================================================
롯폰기대환락가대로
  ￥0    ＣＯＭＰ용량： 2/24사용중
MAG:   17375    6/8 ＯＬＤ ＭＯＯＮ
 
 
                                                                    ■■■■■■■■■■■■문■문■문■문■■■　■↑■　　　　 
                                                                    ■！■！□□□！□□！■□□□□□□□■！■　■□■　■■■ 
                                                                    ■문■□□□□□□□□■문■문■문■□■□■　■□■　■！■ 
                                                                    ■□□□□！□□□□□■■문■문■■□■□■■■□■■■문■ 
                                                                    ■□□□□□□□□□□■！□□□□□□■□□□□□□□□□■ 
                                                                    ■■■문■■■■문■■■■■■문■■■■□■■■□■■■□■ 
                                                                    出□□□！□□□□□□□□□！□□□□□□□□□□□□□□□ 
                                                                    出□□□□□□□□□□□□□□□□□□□□□□□□□！□□□ 
                                                                    出□□■■■■■■■□！■■■■■■■□□■■■■■■■□□ 
                                                                    出□□□□□□□□□□□□□□□□□□□□□□□□□□□□□ 
                                                                    出□■□■□□□□□□□□□□□□□！□□□□□□！□□□□ 
                                                                    ■□□□□□■■■■■■■문■■■문■■■■■■문■■■■■ 
                                                                    ■■□□□■■　　　　　　　　　■！■　■！문□□□문！■　 
                                                                    　■↓↓↓■　　　　　　　　　　■■■　■■■■■■■■■　 
 
 
[CAPS-LOCK:ON]　　 [RUNRUN:ON]　　 
=======================================================================================================================================================================


 
 
 
 
 
 
 
 
 
=======================================================================================================================================================================
ＣＯＭＭＡＮＤ                [1]ＩＴＥＭ         [5]ＣＯＭＰ         [+]ＬＯＧ           [R]ＲＵＮ ＯＮ      
        [w]↑                 [2]ＳＫＩＬＬ       [6]ＦＯＲＭ         [n]ＭＡＰ           
[a]← [f]조  사 [d]→         [3]ＥＱＵＩＰ       [7]ＳＴＡＴＵＳ　   [-]ＡＵＴＯ ＲＵＮ  
        [s]↓                 [4]ＲＥＣＯＶＥＲ   [8]ＭＡＧ           [o]ＯＰＴＩＯＮ     
=======================================================================================================================================================================
 
=======================================================================================================================================================================
롯폰기대환락가대로
  ￥0    ＣＯＭＰ용량： 2/24사용중
MAG:   17375    6/8 ＯＬＤ ＭＯＯＮ
 
 
                                                                    ■■■■■■■■■■■■문■문■문■문■■■　■↑■　　　　 
                                                                    ■！■！□□□！□□！■□□□□□□□■！■　■□■　■■■ 
                                                                    ■문■□□□□□□□□■문■문■문■□■□■　■□■　■！■ 
                                                                    ■□□□□！□□□□□■■문■문■■□■□■■■□■■■문■ 
                                                                    ■□□□□□□□□□□■！□□□□□□■□□□□□□□□□■ 
                                                                    ■■■문■■■■문■■■■■■문■■■■□■■■□■■■□■ 
                                                                    出□□□！□□□□□□□□□！□□□□□□□□□□□□□□□ 
                                                                    出□□□□□□□□□□□□□□□□□□□□□□□□□！□□□ 
                                                                    出□□■■■■■■■□！■■■■■■■□□■■■■■■■□□ 
                                                                    出□□□□□□□□□□□□□□□□□□□□□□□□□□□□□ 
                                                                    出□■□■□□□□□□□□□□□□□！□□□□□□！□□□□ 
                                                                    ■□□□□□■■■■■■■문■■■문■■■■■■문■■■■■ 
                                                                    ■■□□□■■　　　　　　　　　■！■　■！문□□□문！■　 
                                                                    　■↓↓↓■　　　　　　　　　　■■■　■■■■■■■■■　 
 
 
[CAPS-LOCK:ON]　　 [RUNRUN:ON]　　 
=======================================================================================================================================================================


 
 
 
 
 
 
 
 
 
=======================================================================================================================================================================
ＣＯＭＭＡＮＤ                [1]ＩＴＥＭ         [5]ＣＯＭＰ         [+]ＬＯＧ           [R]ＲＵＮ ＯＮ      
        [w]↑                 [2]ＳＫＩＬＬ       [6]ＦＯＲＭ         [n]ＭＡＰ           
[a]← [f]조  사 [d]→         [3]ＥＱＵＩＰ       [7]ＳＴＡＴＵＳ　   [-]ＡＵＴＯ ＲＵＮ  
        [s]↓                 [4]ＲＥＣＯＶＥＲ   [8]ＭＡＧ           [o]ＯＰＴＩＯＮ     
=======================================================================================================================================================================
 
=======================================================================================================================================================================
롯폰기대환락가대로
  ￥0    ＣＯＭＰ용량： 2/24사용중
MAG:   17375    6/8 ＯＬＤ ＭＯＯＮ
 
 
                                                                    ■■■■■■■■■■■■문■문■문■문■■■　■↑■　　　　 
                                                                    ■！■！□□□！□□！■□□□□□□□■！■　■□■　■■■ 
                                                                    ■문■□□□□□□□□■문■문■문■□■□■　■□■　■！■ 
                                                                    ■□□□□！□□□□□■■문■문■■□■□■■■□■■■문■ 
                                                                    ■□□□□□□□□□□■！□□□□□□■□□□□□□□□□■ 
                                                                    ■■■문■■■■문■■■■■■문■■■■□■■■□■■■□■ 
                                                                    出□□□！□□□□□□□□□！□□□□□□□□□□□□□□□ 
                                                                    出□□□□□□□□□□□□□□□□□□□□□□□□□！□□□ 
                                                                    出□□■■■■■■■□！■■■■■■■□□■■■■■■■□□ 
                                                                    出□□□□□□□□□□□□□□□□□□□□□□□□□□□□□ 
                                                                    出□■□■□□□□□□□□□□□□□！□□□□□□！□□□□ 
                                                                    ■□□□□□■■■■■■■문■■■문■■■■■■문■■■■■ 
                                                                    ■■□□□■■　　　　　　　　　■！■　■！문□□□문！■　 
                                                                    　■↓↓↓■　　　　　　　　　　■■■　■■■■■■■■■　 
 
 
[CAPS-LOCK:ON]　　 [RUNRUN:ON]　　 
=======================================================================================================================================================================


 
 
 
 
 
 
 
 
 
=======================================================================================================================================================================
ＣＯＭＭＡＮＤ                [1]ＩＴＥＭ         [5]ＣＯＭＰ         [+]ＬＯＧ           [R]ＲＵＮ ＯＮ      
        [w]↑                 [2]ＳＫＩＬＬ       [6]ＦＯＲＭ         [n]ＭＡＰ           
[a]← [f]조  사 [d]→         [3]ＥＱＵＩＰ       [7]ＳＴＡＴＵＳ　   [-]ＡＵＴＯ ＲＵＮ  
        [s]↓                 [4]ＲＥＣＯＶＥＲ   [8]ＭＡＧ           [o]ＯＰＴＩＯＮ     
=======================================================================================================================================================================
 
=======================================================================================================================================================================
롯폰기대환락가대로
  ￥0    ＣＯＭＰ용량： 2/24사용중
MAG:   17375    6/8 ＯＬＤ ＭＯＯＮ
 
 
                                                                    ■■■■■■■■■■■■문■문■문■문■■■　■↑■　　　　 
                                                                    ■！■！□□□！□□！■□□□□□□□■！■　■□■　■■■ 
                                                                    ■문■□□□□□□□□■문■문■문■□■□■　■□■　■！■ 
                                                                    ■□□□□！□□□□□■■문■문■■□■□■■■□■■■문■ 
                                                                    ■□□□□□□□□□□■！□□□□□□■□□□□□□□□□■ 
                                                                    ■■■문■■■■문■■■■■■문■■■■□■■■□■■■□■ 
                                                                    出□□□！□□□□□□□□□！□□□□□□□□□□□□□□□ 
                                                                    出□□□□□□□□□□□□□□□□□□□□□□□□□！□□□ 
                                                                    出□□■■■■■■■□！■■■■■■■□□■■■■■■■□□ 
                                                                    出□□□□□□□□□□□□□□□□□□□□□□□□□□□□□ 
                                                                    出□■□■□□□□□□□□□□□□□！□□□□□□！□□□□ 
                                                                    ■□□□□□■■■■■■■문■■■문■■■■■■문■■■■■ 
                                                                    ■■□□□■■　　　　　　　　　■！■　■！문□□□문！■　 
                                                                    　■↓↓↓■　　　　　　　　　　■■■　■■■■■■■■■　 
 
 
[CAPS-LOCK:ON]　　 [RUNRUN:ON]　　 
=======================================================================================================================================================================


 
 
 
 
 
 
 
 
 
=======================================================================================================================================================================
ＣＯＭＭＡＮＤ                [1]ＩＴＥＭ         [5]ＣＯＭＰ         [+]ＬＯＧ           [R]ＲＵＮ ＯＮ      
        [w]↑                 [2]ＳＫＩＬＬ       [6]ＦＯＲＭ         [n]ＭＡＰ           
[a]← [f]조  사 [d]→         [3]ＥＱＵＩＰ       [7]ＳＴＡＴＵＳ　   [-]ＡＵＴＯ ＲＵＮ  
        [s]↓                 [4]ＲＥＣＯＶＥＲ   [8]ＭＡＧ           [o]ＯＰＴＩＯＮ     
=======================================================================================================================================================================
 
=======================================================================================================================================================================
롯폰기대환락가대로
  ￥0    ＣＯＭＰ용량： 2/24사용중
MAG:   17375    6/8 ＯＬＤ ＭＯＯＮ
 
 
                                                                    ■■■■■■■■■■■■문■문■문■문■■■　■↑■　　　　 
                                                                    ■！■！□□□！□□！■□□□□□□□■！■　■□■　■■■ 
                                                                    ■문■□□□□□□□□■문■문■문■□■□■　■□■　■！■ 
                                                                    ■□□□□！□□□□□■■문■문■■□■□■■■□■■■문■ 
                                                                    ■□□□□□□□□□□■！□□□□□□■□□□□□□□□□■ 
                                                                    ■■■문■■■■문■■■■■■문■■■■□■■■□■■■□■ 
                                                                    出□□□！□□□□□□□□□！□□□□□□□□□□□□□□□ 
                                                                    出□□□□□□□□□□□□□□□□□□□□□□□□□！□□□ 
                                                                    出□□■■■■■■■□！■■■■■■■□□■■■■■■■□□ 
                                                                    出□□□□□□□□□□□□□□□□□□□□□□□□□□□□□ 
                                                                    出□■□■□□□□□□□□□□□□□！□□□□□□！□□□□ 
                                                                    ■□□□□□■■■■■■■문■■■문■■■■■■문■■■■■ 
                                                                    ■■□□□■■　　　　　　　　　■！■　■！문□□□문！■　 
                                                                    　■↓↓↓■　　　　　　　　　　■■■　■■■■■■■■■　 
 
 
[CAPS-LOCK:ON]　　 [RUNRUN:ON]　　 
=======================================================================================================================================================================


 
 
 
 
 
 
 
 
 
=======================================================================================================================================================================
ＣＯＭＭＡＮＤ                [1]ＩＴＥＭ         [5]ＣＯＭＰ         [+]ＬＯＧ           [R]ＲＵＮ ＯＮ      
        [w]↑                 [2]ＳＫＩＬＬ       [6]ＦＯＲＭ         [n]ＭＡＰ           
[a]← [f]조  사 [d]→         [3]ＥＱＵＩＰ       [7]ＳＴＡＴＵＳ　   [-]ＡＵＴＯ ＲＵＮ  
        [s]↓                 [4]ＲＥＣＯＶＥＲ   [8]ＭＡＧ           [o]ＯＰＴＩＯＮ     
=======================================================================================================================================================================
 
=======================================================================================================================================================================
롯폰기대환락가대로
  ￥0    ＣＯＭＰ용량： 2/24사용중
MAG:   17375    5/8 ＯＬＤ ＭＯＯＮ
 
 
                                                                    ■■■■■■■■■■■■문■문■문■문■■■　■↑■　　　　 
                                                                    ■！■！□□□！□□！■□□□□□□□■！■　■□■　■■■ 
                                                                    ■문■□□□□□□□□■문■문■문■□■□■　■□■　■！■ 
                                                                    ■□□□□！□□□□□■■문■문■■□■□■■■□■■■문■ 
                                                                    ■□□□□□□□□□□■！□□□□□□■□□□□□□□□□■ 
                                                                    ■■■문■■■■문■■■■■■문■■■■□■■■□■■■□■ 
                                                                    出□□□！□□□□□□□□□！□□□□□□□□□□□□□□□ 
                                                                    出□□□□□□□□□□□□□□□□□□□□□□□□□！□□□ 
                                                                    出□□■■■■■■■□！■■■■■■■□□■■■■■■■□□ 
                                                                    出□□□□□□□□□□□□□□□□□□□□□□□□□□□□□ 
                                                                    出□■□■□□□□□□□□□□□□□！□□□□□□！□□□□ 
                                                                    ■□□□□□■■■■■■■문■■■문■■■■■■문■■■■■ 
                                                                    ■■□□□■■　　　　　　　　　■！■　■！문□□□문！■　 
                                                                    　■↓↓↓■　　　　　　　　　　■■■　■■■■■■■■■　 
 
 
[CAPS-LOCK:ON]　　 [RUNRUN:ON]　　 
=======================================================================================================================================================================


 
 
 
 
 
 
 
 
 
=======================================================================================================================================================================
ＣＯＭＭＡＮＤ                [1]ＩＴＥＭ         [5]ＣＯＭＰ         [+]ＬＯＧ           [R]ＲＵＮ ＯＮ      
        [w]↑                 [2]ＳＫＩＬＬ       [6]ＦＯＲＭ         [n]ＭＡＰ           
[a]← [f]조  사 [d]→         [3]ＥＱＵＩＰ       [7]ＳＴＡＴＵＳ　   [-]ＡＵＴＯ ＲＵＮ  
        [s]↓                 [4]ＲＥＣＯＶＥＲ   [8]ＭＡＧ           [o]ＯＰＴＩＯＮ     
=======================================================================================================================================================================
 
=======================================================================================================================================================================
롯폰기대환락가대로
  ￥0    ＣＯＭＰ용량： 2/24사용중
MAG:   17375    5/8 ＯＬＤ ＭＯＯＮ
 
 
                                                                    ■■■■■■■■■■■■문■문■문■문■■■　■↑■　　　　 
                                                                    ■！■！□□□！□□！■□□□□□□□■！■　■□■　■■■ 
                                                                    ■문■□□□□□□□□■문■문■문■□■□■　■□■　■！■ 
                                                                    ■□□□□！□□□□□■■문■문■■□■□■■■□■■■문■ 
                                                                    ■□□□□□□□□□□■！□□□□□□■□□□□□□□□□■ 
                                                                    ■■■문■■■■문■■■■■■문■■■■□■■■□■■■□■ 
                                                                    出□□□！□□□□□□□□□！□□□□□□□□□□□□□□□ 
                                                                    出□□□□□□□□□□□□□□□□□□□□□□□□□！□□□ 
                                                                    出□□■■■■■■■□！■■■■■■■□□■■■■■■■□□ 
                                                                    出□□□□□□□□□□□□□□□□□□□□□□□□□□□□□ 
                                                                    出□■□■□□□□□□□□□□□□□！□□□□□□！□□□□ 
                                                                    ■□□□□□■■■■■■■문■■■문■■■■■■문■■■■■ 
                                                                    ■■□□□■■　　　　　　　　　■！■　■！문□□□문！■　 
                                                                    　■↓↓↓■　　　　　　　　　　■■■　■■■■■■■■■　 
 
 
[CAPS-LOCK:ON]　　 [RUNRUN:ON]　　 
=======================================================================================================================================================================


 
 
 
 
 
 
 
 
 
=======================================================================================================================================================================
ＣＯＭＭＡＮＤ                [1]ＩＴＥＭ         [5]ＣＯＭＰ         [+]ＬＯＧ           [R]ＲＵＮ ＯＮ      
        [w]↑                 [2]ＳＫＩＬＬ       [6]ＦＯＲＭ         [n]ＭＡＰ           
[a]← [f]조  사 [d]→         [3]ＥＱＵＩＰ       [7]ＳＴＡＴＵＳ　   [-]ＡＵＴＯ ＲＵＮ  
        [s]↓                 [4]ＲＥＣＯＶＥＲ   [8]ＭＡＧ           [o]ＯＰＴＩＯＮ     
=======================================================================================================================================================================
 
=======================================================================================================================================================================
롯폰기대환락가대로
  ￥0    ＣＯＭＰ용량： 2/24사용중
MAG:   17375    5/8 ＯＬＤ ＭＯＯＮ
 
 
                                                                    ■■■■■■■■■■■■문■문■문■문■■■　■↑■　　　　 
                                                                    ■！■！□□□！□□！■□□□□□□□■！■　■□■　■■■ 
                                                                    ■문■□□□□□□□□■문■문■문■□■□■　■□■　■！■ 
                                                                    ■□□□□！□□□□□■■문■문■■□■□■■■□■■■문■ 
                                                                    ■□□□□□□□□□□■！□□□□□□■□□□□□□□□□■ 
                                                                    ■■■문■■■■문■■■■■■문■■■■□■■■□■■■□■ 
                                                                    出□□□！□□□□□□□□□！□□□□□□□□□□□□□□□ 
                                                                    出□□□□□□□□□□□□□□□□□□□□□□□□□！□□□ 
                                                                    出□□■■■■■■■□！■■■■■■■□□■■■■■■■□□ 
                                                                    出□□□□□□□□□□□□□□□□□□□□□□□□□□□□□ 
                                                                    出□■□■□□□□□□□□□□□□□！□□□□□□！□□□□ 
                                                                    ■□□□□□■■■■■■■문■■■문■■■■■■문■■■■■ 
                                                                    ■■□□□■■　　　　　　　　　■！■　■！문□□□문！■　 
                                                                    　■↓↓↓■　　　　　　　　　　■■■　■■■■■■■■■　 
 
 
[CAPS-LOCK:ON]　　 [RUNRUN:ON]　　 
=======================================================================================================================================================================


 
 
 
 
 
 
 
 
 
=======================================================================================================================================================================
ＣＯＭＭＡＮＤ                [1]ＩＴＥＭ         [5]ＣＯＭＰ         [+]ＬＯＧ           [R]ＲＵＮ ＯＮ      
        [w]↑                 [2]ＳＫＩＬＬ       [6]ＦＯＲＭ         [n]ＭＡＰ           
[a]← [f]조  사 [d]→         [3]ＥＱＵＩＰ       [7]ＳＴＡＴＵＳ　   [-]ＡＵＴＯ ＲＵＮ  
        [s]↓                 [4]ＲＥＣＯＶＥＲ   [8]ＭＡＧ           [o]ＯＰＴＩＯＮ     
=======================================================================================================================================================================
 
=======================================================================================================================================================================
롯폰기대환락가대로
  ￥0    ＣＯＭＰ용량： 2/24사용중
MAG:   17375    5/8 ＯＬＤ ＭＯＯＮ
 
 
                                                                    ■■■■■■■■■■문■문■문■문■■■　■↑■　　　　■■ 
                                                                    ■！□□□！□□！■□□□□□□□■！■　■□■　■■■■□ 
                                                                    ■□□□□□□□□■문■문■문■□■□■　■□■　■！■■□ 
                                                                    □□□！□□□□□■■문■문■■□■□■■■□■■■문■■□ 
                                                                    □□□□□□□□□■！□□□□□□■□□□□□□□□□■！□ 
                                                                    ■문■■■■문■■■■■■문■■■■□■■■□■■■□■■문 
                                                                    □□！□□□□□□□□□！□□□□□□□□□□□□□□□□□ 
                                                                    □□□□□□□□□□□□□□□□□□□□□□□□！□□□□□ 
                                                                    □■■■■■■■□！■■■■■■■□□■■■■■■■□□■■ 
                                                                    □□□□□□□□□□□□□□□□□□□□□□□□□□□□□□ 
                                                                    ■□■□□□□□□□□□□□□□！□□□□□□！□□□□□□ 
                                                                    □□□□■■■■■■■문■■■문■■■■■■문■■■■■■■ 
                                                                    □□□■■　　　　　　　　　■！■　■！문□□□문！■　　　 
                                                                    ↓↓↓■　　　　　　　　　　■■■　■■■■■■■■■　　　 
 
 
[CAPS-LOCK:ON]　　 [RUNRUN:ON]　　 
=======================================================================================================================================================================


 
 
 
 
 
 
 
 
 
=======================================================================================================================================================================
ＣＯＭＭＡＮＤ                [1]ＩＴＥＭ         [5]ＣＯＭＰ         [+]ＬＯＧ           [R]ＲＵＮ ＯＮ      
        [w]↑                 [2]ＳＫＩＬＬ       [6]ＦＯＲＭ         [n]ＭＡＰ           
[a]← [f]조  사 [d]→         [3]ＥＱＵＩＰ       [7]ＳＴＡＴＵＳ　   [-]ＡＵＴＯ ＲＵＮ  
        [s]↓                 [4]ＲＥＣＯＶＥＲ   [8]ＭＡＧ           [o]ＯＰＴＩＯＮ     
=======================================================================================================================================================================
 
=======================================================================================================================================================================
롯폰기대환락가대로
  ￥0    ＣＯＭＰ용량： 2/24사용중
MAG:   17375    5/8 ＯＬＤ ＭＯＯＮ
 
 
                                                                    ■■■■■■■■■문■문■문■문■■■　■↑■　　　　■■■ 
                                                                    ！□□□！□□！■□□□□□□□■！■　■□■　■■■■□□ 
                                                                    □□□□□□□□■문■문■문■□■□■　■□■　■！■■□■ 
                                                                    □□！□□□□□■■문■문■■□■□■■■□■■■문■■□■ 
                                                                    □□□□□□□□■！□□□□□□■□□□□□□□□□■！□□ 
                                                                    문■■■■문■■■■■■문■■■■□■■■□■■■□■■문■ 
                                                                    □！□□□□□□□□□！□□□□□□□□□□□□□□□□□！ 
                                                                    □□□□□□□□□□□□□□□□□□□□□□□！□□□□□□ 
                                                                    ■■■■■■■□！■■■■■■■□□■■■■■■■□□■■■ 
                                                                    □□□□□□□□□□□□□□□□□□□□□□□□□□□□□□ 
                                                                    □■□□□□□□□□□□□□□！□□□□□□！□□□□□□□ 
                                                                    □□□■■■■■■■문■■■문■■■■■■문■■■■■■■■ 
                                                                    □□■■　　　　　　　　　■！■　■！문□□□문！■　　　　 
                                                                    ↓↓■　　　　　　　　　　■■■　■■■■■■■■■　　　　 
 
 
[CAPS-LOCK:ON]　　 [RUNRUN:ON]　　 
=======================================================================================================================================================================


 
 
 
 
 
 
 
 
 
=======================================================================================================================================================================
ＣＯＭＭＡＮＤ                [1]ＩＴＥＭ         [5]ＣＯＭＰ         [+]ＬＯＧ           [R]ＲＵＮ ＯＮ      
        [w]↑                 [2]ＳＫＩＬＬ       [6]ＦＯＲＭ         [n]ＭＡＰ           
[a]← [f]조  사 [d]→         [3]ＥＱＵＩＰ       [7]ＳＴＡＴＵＳ　   [-]ＡＵＴＯ ＲＵＮ  
        [s]↓                 [4]ＲＥＣＯＶＥＲ   [8]ＭＡＧ           [o]ＯＰＴＩＯＮ     
=======================================================================================================================================================================
 
=======================================================================================================================================================================
롯폰기대환락가대로
  ￥0    ＣＯＭＰ용량： 2/24사용중
MAG:   17375    5/8 ＯＬＤ ＭＯＯＮ
 
 
                                                                    ■■■■■■■■■문■문■문■문■■■　■↑■　　　　■■■ 
                                                                    ！□□□！□□！■□□□□□□□■！■　■□■　■■■■□□ 
                                                                    □□□□□□□□■문■문■문■□■□■　■□■　■！■■□■ 
                                                                    □□！□□□□□■■문■문■■□■□■■■□■■■문■■□■ 
                                                                    □□□□□□□□■！□□□□□□■□□□□□□□□□■！□□ 
                                                                    문■■■■문■■■■■■문■■■■□■■■□■■■□■■문■ 
                                                                    □！□□□□□□□□□！□□□□□□□□□□□□□□□□□！ 
                                                                    □□□□□□□□□□□□□□□□□□□□□□□！□□□□□□ 
                                                                    ■■■■■■■□！■■■■■■■□□■■■■■■■□□■■■ 
                                                                    □□□□□□□□□□□□□□□□□□□□□□□□□□□□□□ 
                                                                    □■□□□□□□□□□□□□□！□□□□□□！□□□□□□□ 
                                                                    □□□■■■■■■■문■■■문■■■■■■문■■■■■■■■ 
                                                                    □□■■　　　　　　　　　■！■　■！문□□□문！■　　　　 
                                                                    ↓↓■　　　　　　　　　　■■■　■■■■■■■■■　　　　 
 
 
[CAPS-LOCK:ON]　　 [RUNRUN:ON]　　 
=======================================================================================================================================================================


 
 
 
 
 
 
 
 
 
=======================================================================================================================================================================
ＣＯＭＭＡＮＤ                [1]ＩＴＥＭ         [5]ＣＯＭＰ         [+]ＬＯＧ           [R]ＲＵＮ ＯＮ      
        [w]↑                 [2]ＳＫＩＬＬ       [6]ＦＯＲＭ         [n]ＭＡＰ           
[a]← [f]조  사 [d]→         [3]ＥＱＵＩＰ       [7]ＳＴＡＴＵＳ　   [-]ＡＵＴＯ ＲＵＮ  
        [s]↓                 [4]ＲＥＣＯＶＥＲ   [8]ＭＡＧ           [o]ＯＰＴＩＯＮ     
=======================================================================================================================================================================
 
=======================================================================================================================================================================
롯폰기대환락가대로
  ￥0    ＣＯＭＰ용량： 2/24사용중
MAG:   17375    5/8 ＯＬＤ ＭＯＯＮ
 
 
                                                                    ■■■■■■■■문■문■문■문■■■　■↑■　　　　■■■■ 
                                                                    □□□！□□！■□□□□□□□■！■　■□■　■■■■□□□ 
                                                                    □□□□□□□■문■문■문■□■□■　■□■　■！■■□■■ 
                                                                    □！□□□□□■■문■문■■□■□■■■□■■■문■■□■！ 
                                                                    □□□□□□□■！□□□□□□■□□□□□□□□□■！□□□ 
                                                                    ■■■■문■■■■■■문■■■■□■■■□■■■□■■문■■ 
                                                                    ！□□□□□□□□□！□□□□□□□□□□□□□□□□□！□ 
                                                                    □□□□□□□□□□□□□□□□□□□□□□！□□□□□□□ 
                                                                    ■■■■■■□！■■■■■■■□□■■■■■■■□□■■■■ 
                                                                    □□□□□□□□□□□□□□□□□□□□□□□□□□□□□□ 
                                                                    ■□□□□□□□□□□□□□！□□□□□□！□□□□□□□□ 
                                                                    □□■■■■■■■문■■■문■■■■■■문■■■■■■■■■ 
                                                                    □■■　　　　　　　　　■！■　■！문□□□문！■　　　　■ 
                                                                    ↓■　　　　　　　　　　■■■　■■■■■■■■■　　　　■ 
 
 
[CAPS-LOCK:ON]　　 [RUNRUN:ON]　　 
=======================================================================================================================================================================


 
 
 
 
 
 
 
 
 
=======================================================================================================================================================================
ＣＯＭＭＡＮＤ                [1]ＩＴＥＭ         [5]ＣＯＭＰ         [+]ＬＯＧ           [R]ＲＵＮ ＯＮ      
        [w]↑                 [2]ＳＫＩＬＬ       [6]ＦＯＲＭ         [n]ＭＡＰ           
[a]← [f]조  사 [d]→         [3]ＥＱＵＩＰ       [7]ＳＴＡＴＵＳ　   [-]ＡＵＴＯ ＲＵＮ  
        [s]↓                 [4]ＲＥＣＯＶＥＲ   [8]ＭＡＧ           [o]ＯＰＴＩＯＮ     
=======================================================================================================================================================================
 
=======================================================================================================================================================================
롯폰기대환락가대로
  ￥0    ＣＯＭＰ용량： 2/24사용중
MAG:   17375    5/8 ＯＬＤ ＭＯＯＮ
 
 
                                                                    ■■■■■■■■문■문■문■문■■■　■↑■　　　　■■■■ 
                                                                    □□□！□□！■□□□□□□□■！■　■□■　■■■■□□□ 
                                                                    □□□□□□□■문■문■문■□■□■　■□■　■！■■□■■ 
                                                                    □！□□□□□■■문■문■■□■□■■■□■■■문■■□■！ 
                                                                    □□□□□□□■！□□□□□□■□□□□□□□□□■！□□□ 
                                                                    ■■■■문■■■■■■문■■■■□■■■□■■■□■■문■■ 
                                                                    ！□□□□□□□□□！□□□□□□□□□□□□□□□□□！□ 
                                                                    □□□□□□□□□□□□□□□□□□□□□□！□□□□□□□ 
                                                                    ■■■■■■□！■■■■■■■□□■■■■■■■□□■■■■ 
                                                                    □□□□□□□□□□□□□□□□□□□□□□□□□□□□□□ 
                                                                    ■□□□□□□□□□□□□□！□□□□□□！□□□□□□□□ 
                                                                    □□■■■■■■■문■■■문■■■■■■문■■■■■■■■■ 
                                                                    □■■　　　　　　　　　■！■　■！문□□□문！■　　　　■ 
                                                                    ↓■　　　　　　　　　　■■■　■■■■■■■■■　　　　■ 
 
 
[CAPS-LOCK:ON]　　 [RUNRUN:ON]　　 
=======================================================================================================================================================================


 
 
 
 
 
 
 
 
 
=======================================================================================================================================================================
ＣＯＭＭＡＮＤ                [1]ＩＴＥＭ         [5]ＣＯＭＰ         [+]ＬＯＧ           [R]ＲＵＮ ＯＮ      
        [w]↑                 [2]ＳＫＩＬＬ       [6]ＦＯＲＭ         [n]ＭＡＰ           
[a]← [f]조  사 [d]→         [3]ＥＱＵＩＰ       [7]ＳＴＡＴＵＳ　   [-]ＡＵＴＯ ＲＵＮ  
        [s]↓                 [4]ＲＥＣＯＶＥＲ   [8]ＭＡＧ           [o]ＯＰＴＩＯＮ     
=======================================================================================================================================================================
 
=======================================================================================================================================================================
롯폰기대환락가대로
  ￥0    ＣＯＭＰ용량： 2/24사용중
MAG:   17375    5/8 ＯＬＤ ＭＯＯＮ
 
 
                                                                    ■■■■■■문■문■문■문■■■　■↑■　　　　■■■■■■ 
                                                                    □！□□！■□□□□□□□■！■　■□■　■■■■□□□□□ 
                                                                    □□□□□■문■문■문■□■□■　■□■　■！■■□■■■！ 
                                                                    □□□□□■■문■문■■□■□■■■□■■■문■■□■！■■ 
                                                                    □□□□□■！□□□□□□■□□□□□□□□□■！□□□□□ 
                                                                    ■■문■■■■■■문■■■■□■■■□■■■□■■문■■■■ 
                                                                    □□□□□□□□！□□□□□□□□□□□□□□□□□！□□□ 
                                                                    □□□□□□□□□□□□□□□□□□□□！□□□□□□□□□ 
                                                                    ■■■■□！■■■■■■■□□■■■■■■■□□■■■■■■ 
                                                                    □□□□□□□□□□□□□□□□□□□□□□□□□□□□□□ 
                                                                    □□□□□□□□□□□□！□□□□□□！□□□□□□□□□□ 
                                                                    ■■■■■■■문■■■문■■■■■■문■■■■■■■■■문■ 
                                                                    ■　　　　　　　　　■！■　■！문□□□문！■　　　　■！■ 
                                                                    　　　　　　　　　　■■■　■■■■■■■■■　　　　■■■ 
 
 
[CAPS-LOCK:ON]　　 [RUNRUN:ON]　　 
=======================================================================================================================================================================


 
 
 
 
 
 
 
 
 
=======================================================================================================================================================================
ＣＯＭＭＡＮＤ                [1]ＩＴＥＭ         [5]ＣＯＭＰ         [+]ＬＯＧ           [R]ＲＵＮ ＯＮ      
        [w]↑                 [2]ＳＫＩＬＬ       [6]ＦＯＲＭ         [n]ＭＡＰ           
[a]← [f]조  사 [d]→         [3]ＥＱＵＩＰ       [7]ＳＴＡＴＵＳ　   [-]ＡＵＴＯ ＲＵＮ  
        [s]↓                 [4]ＲＥＣＯＶＥＲ   [8]ＭＡＧ           [o]ＯＰＴＩＯＮ     
=======================================================================================================================================================================
 
=======================================================================================================================================================================
롯폰기대환락가대로
  ￥0    ＣＯＭＰ용량： 2/24사용중
MAG:   17375    5/8 ＯＬＤ ＭＯＯＮ
 
 
                                                                    ■■■■문■문■문■문■■■　■↑■　　　　■■■■■■■■ 
                                                                    □□！■□□□□□□□■！■　■□■　■■■■□□□□□□□ 
                                                                    □□□■문■문■문■□■□■　■□■　■！■■□■■■！■■ 
                                                                    □□□■■문■문■■□■□■■■□■■■문■■□■！■■■！ 
                                                                    □□□■！□□□□□□■□□□□□□□□□■！□□□□□□□ 
                                                                    문■■■■■■문■■■■□■■■□■■■□■■문■■■■■■ 
                                                                    □□□□□□！□□□□□□□□□□□□□□□□□！□□□□□ 
                                                                    □□□□□□□□□□□□□□□□□□！□□□□□□□□□□□ 
                                                                    ■■□！■■■■■■■□□■■■■■■■□□■■■■■■■□ 
                                                                    □□□□□□□□□□□□□□□□□□□□□□□□□□□□！□ 
                                                                    □□□□□□□□□□！□□□□□□！□□□□□□□□□□□□ 
                                                                    ■■■■■문■■■문■■■■■■문■■■■■■■■■문■■■ 
                                                                    　　　　　　　　■！■　■！문□□□문！■　　　　■！■　■ 
                                                                    　　　　　　　　■■■　■■■■■■■■■　　　　■■■　■ 
 
 
[CAPS-LOCK:ON]　　 [RUNRUN:ON]　　 
=======================================================================================================================================================================


 
 
 
 
 
 
 
 
 
=======================================================================================================================================================================
ＣＯＭＭＡＮＤ                [1]ＩＴＥＭ         [5]ＣＯＭＰ         [+]ＬＯＧ           [R]ＲＵＮ ＯＮ      
        [w]↑                 [2]ＳＫＩＬＬ       [6]ＦＯＲＭ         [n]ＭＡＰ           
[a]← [f]조  사 [d]→         [3]ＥＱＵＩＰ       [7]ＳＴＡＴＵＳ　   [-]ＡＵＴＯ ＲＵＮ  
        [s]↓                 [4]ＲＥＣＯＶＥＲ   [8]ＭＡＧ           [o]ＯＰＴＩＯＮ     
=======================================================================================================================================================================
 
=======================================================================================================================================================================
롯폰기대환락가대로
  ￥0    ＣＯＭＰ용량： 2/24사용중
MAG:   17375    4/8 ＯＬＤ ＭＯＯＮ
 
 
                                                                    ■■문■문■문■문■■■　■↑■　　　　■■■■■■■■■■ 
                                                                    ！■□□□□□□□■！■　■□■　■■■■□□□□□□□□□ 
                                                                    □■문■문■문■□■□■　■□■　■！■■□■■■！■■■！ 
                                                                    □■■문■문■■□■□■■■□■■■문■■□■！■■■！■■ 
                                                                    □■！□□□□□□■□□□□□□□□□■！□□□□□□□□□ 
                                                                    ■■■■■문■■■■□■■■□■■■□■■문■■■■■■■■ 
                                                                    □□□□！□□□□□□□□□□□□□□□□□！□□□□□□□ 
                                                                    □□□□□□□□□□□□□□□□！□□□□□□□□□□□□□ 
                                                                    □！■■■■■■■□□■■■■■■■□□■■■■■■■□□■ 
                                                                    □□□□□□□□□□□□□□□□□□□□□□□□□□！□□□ 
                                                                    □□□□□□□□！□□□□□□！□□□□□□□□□□□□□□ 
                                                                    ■■■문■■■문■■■■■■문■■■■■■■■■문■■■문■ 
                                                                    　　　　　　■！■　■！문□□□문！■　　　　■！■　■！■ 
                                                                    　　　　　　■■■　■■■■■■■■■　　　　■■■　■■■ 
 
 
[CAPS-LOCK:ON]　　 [RUNRUN:ON]　　 
=======================================================================================================================================================================


 
 
 
 
 
 
 
 
 
=======================================================================================================================================================================
ＣＯＭＭＡＮＤ                [1]ＩＴＥＭ         [5]ＣＯＭＰ         [+]ＬＯＧ           [R]ＲＵＮ ＯＮ      
        [w]↑                 [2]ＳＫＩＬＬ       [6]ＦＯＲＭ         [n]ＭＡＰ           
[a]← [f]조  사 [d]→         [3]ＥＱＵＩＰ       [7]ＳＴＡＴＵＳ　   [-]ＡＵＴＯ ＲＵＮ  
        [s]↓                 [4]ＲＥＣＯＶＥＲ   [8]ＭＡＧ           [o]ＯＰＴＩＯＮ     
=======================================================================================================================================================================
 
=======================================================================================================================================================================
롯폰기대환락가대로
  ￥0    ＣＯＭＰ용량： 2/24사용중
MAG:   17375    4/8 ＯＬＤ ＭＯＯＮ
 
 
                                                                    ■■문■문■문■문■■■　■↑■　　　　■■■■■■■■■■ 
                                                                    ！■□□□□□□□■！■　■□■　■■■■□□□□□□□□□ 
                                                                    □■문■문■문■□■□■　■□■　■！■■□■■■！■■■！ 
                                                                    □■■문■문■■□■□■■■□■■■문■■□■！■■■！■■ 
                                                                    □■！□□□□□□■□□□□□□□□□■！□□□□□□□□□ 
                                                                    ■■■■■문■■■■□■■■□■■■□■■문■■■■■■■■ 
                                                                    □□□□！□□□□□□□□□□□□□□□□□！□□□□□□□ 
                                                                    □□□□□□□□□□□□□□□□！□□□□□□□□□□□□□ 
                                                                    □！■■■■■■■□□■■■■■■■□□■■■■■■■□□■ 
                                                                    □□□□□□□□□□□□□□□□□□□□□□□□□□！□□□ 
                                                                    □□□□□□□□！□□□□□□！□□□□□□□□□□□□□□ 
                                                                    ■■■문■■■문■■■■■■문■■■■■■■■■문■■■문■ 
                                                                    　　　　　　■！■　■！문□□□문！■　　　　■！■　■！■ 
                                                                    　　　　　　■■■　■■■■■■■■■　　　　■■■　■■■ 
 
 
[CAPS-LOCK:ON]　　 [RUNRUN:ON]　　 
=======================================================================================================================================================================


 
 
 
 
 
 
 
 
 
=======================================================================================================================================================================
ＣＯＭＭＡＮＤ                [1]ＩＴＥＭ         [5]ＣＯＭＰ         [+]ＬＯＧ           [R]ＲＵＮ ＯＮ      
        [w]↑                 [2]ＳＫＩＬＬ       [6]ＦＯＲＭ         [n]ＭＡＰ           
[a]← [f]조  사 [d]→         [3]ＥＱＵＩＰ       [7]ＳＴＡＴＵＳ　   [-]ＡＵＴＯ ＲＵＮ  
        [s]↓                 [4]ＲＥＣＯＶＥＲ   [8]ＭＡＧ           [o]ＯＰＴＩＯＮ     
=======================================================================================================================================================================
 
=======================================================================================================================================================================
롯폰기대환락가대로
  ￥0    ＣＯＭＰ용량： 2/24사용중
MAG:   17375    4/8 ＯＬＤ ＭＯＯＮ
 
 
                                                                    ■■문■문■문■문■■■　■↑■　　　　■■■■■■■■■■ 
                                                                    ！■□□□□□□□■！■　■□■　■■■■□□□□□□□□□ 
                                                                    □■문■문■문■□■□■　■□■　■！■■□■■■！■■■！ 
                                                                    □■■문■문■■□■□■■■□■■■문■■□■！■■■！■■ 
                                                                    □■！□□□□□□■□□□□□□□□□■！□□□□□□□□□ 
                                                                    ■■■■■문■■■■□■■■□■■■□■■문■■■■■■■■ 
                                                                    □□□□！□□□□□□□□□□□□□□□□□！□□□□□□□ 
                                                                    □□□□□□□□□□□□□□□□！□□□□□□□□□□□□□ 
                                                                    □！■■■■■■■□□■■■■■■■□□■■■■■■■□□■ 
                                                                    □□□□□□□□□□□□□□□□□□□□□□□□□□！□□□ 
                                                                    □□□□□□□□！□□□□□□！□□□□□□□□□□□□□□ 
                                                                    ■■■문■■■문■■■■■■문■■■■■■■■■문■■■문■ 
                                                                    　　　　　　■！■　■！문□□□문！■　　　　■！■　■！■ 
                                                                    　　　　　　■■■　■■■■■■■■■　　　　■■■　■■■ 
 
 
[CAPS-LOCK:ON]　　 [RUNRUN:ON]　　 
=======================================================================================================================================================================


 
 
 
 
 
 
 
 
 
=======================================================================================================================================================================
ＣＯＭＭＡＮＤ                [1]ＩＴＥＭ         [5]ＣＯＭＰ         [+]ＬＯＧ           [R]ＲＵＮ ＯＮ      
        [w]↑                 [2]ＳＫＩＬＬ       [6]ＦＯＲＭ         [n]ＭＡＰ           
[a]← [f]조  사 [d]→         [3]ＥＱＵＩＰ       [7]ＳＴＡＴＵＳ　   [-]ＡＵＴＯ ＲＵＮ  
        [s]↓                 [4]ＲＥＣＯＶＥＲ   [8]ＭＡＧ           [o]ＯＰＴＩＯＮ     
=======================================================================================================================================================================
 
=======================================================================================================================================================================
롯폰기대환락가대로
  ￥0    ＣＯＭＰ용량： 2/24사용중
MAG:   17375    4/8 ＯＬＤ ＭＯＯＮ
 
 
                                                                    ■■■문■문■문■문■■■　■↑■　　　　■■■■■■■■■ 
                                                                    □！■□□□□□□□■！■　■□■　■■■■□□□□□□□□ 
                                                                    □□■문■문■문■□■□■　■□■　■！■■□■■■！■■■ 
                                                                    □□■■문■문■■□■□■■■□■■■문■■□■！■■■！■ 
                                                                    □□■！□□□□□□■□□□□□□□□□■！□□□□□□□□ 
                                                                    ■■■■■■문■■■■□■■■□■■■□■■문■■■■■■■ 
                                                                    □□□□□！□□□□□□□□□□□□□□□□□！□□□□□□ 
                                                                    □□□□□□□□□□□□□□□□□！□□□□□□□□□□□□ 
                                                                    ■□！■■■■■■■□□■■■■■■■□□■■■■■■■□□ 
                                                                    □□□□□□□□□□□□□□□□□□□□□□□□□□□！□□ 
                                                                    □□□□□□□□□！□□□□□□！□□□□□□□□□□□□□ 
                                                                    ■■■■문■■■문■■■■■■문■■■■■■■■■문■■■문 
                                                                    　　　　　　　■！■　■！문□□□문！■　　　　■！■　■！ 
                                                                    　　　　　　　■■■　■■■■■■■■■　　　　■■■　■■ 
 
 
[CAPS-LOCK:ON]　　 [RUNRUN:ON]　　 
=======================================================================================================================================================================


 
 
 
 
 
 
 
 
 
=======================================================================================================================================================================
ＣＯＭＭＡＮＤ                [1]ＩＴＥＭ         [5]ＣＯＭＰ         [+]ＬＯＧ           [R]ＲＵＮ ＯＮ      
        [w]↑                 [2]ＳＫＩＬＬ       [6]ＦＯＲＭ         [n]ＭＡＰ           
[a]← [f]조  사 [d]→         [3]ＥＱＵＩＰ       [7]ＳＴＡＴＵＳ　   [-]ＡＵＴＯ ＲＵＮ  
        [s]↓                 [4]ＲＥＣＯＶＥＲ   [8]ＭＡＧ           [o]ＯＰＴＩＯＮ     
=======================================================================================================================================================================
 
=======================================================================================================================================================================
롯폰기대환락가대로
  ￥0    ＣＯＭＰ용량： 2/24사용중
MAG:   17375    4/8 ＯＬＤ ＭＯＯＮ
 
 
                                                                    ■■■문■문■문■문■■■　■↑■　　　　■■■■■■■■■ 
                                                                    □！■□□□□□□□■！■　■□■　■■■■□□□□□□□□ 
                                                                    □□■문■문■문■□■□■　■□■　■！■■□■■■！■■■ 
                                                                    □□■■문■문■■□■□■■■□■■■문■■□■！■■■！■ 
                                                                    □□■！□□□□□□■□□□□□□□□□■！□□□□□□□□ 
                                                                    ■■■■■■문■■■■□■■■□■■■□■■문■■■■■■■ 
                                                                    □□□□□！□□□□□□□□□□□□□□□□□！□□□□□□ 
                                                                    □□□□□□□□□□□□□□□□□！□□□□□□□□□□□□ 
                                                                    ■□！■■■■■■■□□■■■■■■■□□■■■■■■■□□ 
                                                                    □□□□□□□□□□□□□□□□□□□□□□□□□□□！□□ 
                                                                    □□□□□□□□□！□□□□□□！□□□□□□□□□□□□□ 
                                                                    ■■■■문■■■문■■■■■■문■■■■■■■■■문■■■문 
                                                                    　　　　　　　■！■　■！문□□□문！■　　　　■！■　■！ 
                                                                    　　　　　　　■■■　■■■■■■■■■　　　　■■■　■■ 
 
 
[CAPS-LOCK:ON]　　 [RUNRUN:ON]　　 
=======================================================================================================================================================================


 
 
 
 
 
 
 
 
 
=======================================================================================================================================================================
ＣＯＭＭＡＮＤ                [1]ＩＴＥＭ         [5]ＣＯＭＰ         [+]ＬＯＧ           [R]ＲＵＮ ＯＮ      
        [w]↑                 [2]ＳＫＩＬＬ       [6]ＦＯＲＭ         [n]ＭＡＰ           
[a]← [f]조  사 [d]→         [3]ＥＱＵＩＰ       [7]ＳＴＡＴＵＳ　   [-]ＡＵＴＯ ＲＵＮ  
        [s]↓                 [4]ＲＥＣＯＶＥＲ   [8]ＭＡＧ           [o]ＯＰＴＩＯＮ     
=======================================================================================================================================================================
 
=======================================================================================================================================================================
롯폰기대환락가대로
  ￥0    ＣＯＭＰ용량： 2/24사용중
MAG:   17375    4/8 ＯＬＤ ＭＯＯＮ
 
 
                                                                    ■■■문■문■문■문■■■　■↑■　　　　■■■■■■■■■ 
                                                                    □！■□□□□□□□■！■　■□■　■■■■□□□□□□□□ 
                                                                    □□■문■문■문■□■□■　■□■　■！■■□■■■！■■■ 
                                                                    □□■■문■문■■□■□■■■□■■■문■■□■！■■■！■ 
                                                                    □□■！□□□□□□■□□□□□□□□□■！□□□□□□□□ 
                                                                    ■■■■■■문■■■■□■■■□■■■□■■문■■■■■■■ 
                                                                    □□□□□！□□□□□□□□□□□□□□□□□！□□□□□□ 
                                                                    □□□□□□□□□□□□□□□□□！□□□□□□□□□□□□ 
                                                                    ■□！■■■■■■■□□■■■■■■■□□■■■■■■■□□ 
                                                                    □□□□□□□□□□□□□□□□□□□□□□□□□□□！□□ 
                                                                    □□□□□□□□□！□□□□□□！□□□□□□□□□□□□□ 
                                                                    ■■■■문■■■문■■■■■■문■■■■■■■■■문■■■문 
                                                                    　　　　　　　■！■　■！문□□□문！■　　　　■！■　■！ 
                                                                    　　　　　　　■■■　■■■■■■■■■　　　　■■■　■■ 
 
 
[CAPS-LOCK:ON]　　 [RUNRUN:ON]　　 
=======================================================================================================================================================================


 
 
 
 
 
 
 
 
 
=======================================================================================================================================================================
ＣＯＭＭＡＮＤ                [1]ＩＴＥＭ         [5]ＣＯＭＰ         [+]ＬＯＧ           [R]ＲＵＮ ＯＮ      
        [w]↑                 [2]ＳＫＩＬＬ       [6]ＦＯＲＭ         [n]ＭＡＰ           
[a]← [f]조  사 [d]→         [3]ＥＱＵＩＰ       [7]ＳＴＡＴＵＳ　   [-]ＡＵＴＯ ＲＵＮ  
        [s]↓                 [4]ＲＥＣＯＶＥＲ   [8]ＭＡＧ           [o]ＯＰＴＩＯＮ     
=======================================================================================================================================================================
 
=======================================================================================================================================================================
롯폰기대환락가대로
  ￥0    ＣＯＭＰ용량： 2/24사용중
MAG:   17375    4/8 ＯＬＤ ＭＯＯＮ
 
 
                                                                    ■■■문■문■문■문■■■　■↑■　　　　■■■■■■■■■ 
                                                                    □！■□□□□□□□■！■　■□■　■■■■□□□□□□□□ 
                                                                    □□■문■문■문■□■□■　■□■　■！■■□■■■！■■■ 
                                                                    □□■■문■문■■□■□■■■□■■■문■■□■！■■■！■ 
                                                                    □□■！□□□□□□■□□□□□□□□□■！□□□□□□□□ 
                                                                    ■■■■■■문■■■■□■■■□■■■□■■문■■■■■■■ 
                                                                    □□□□□！□□□□□□□□□□□□□□□□□！□□□□□□ 
                                                                    □□□□□□□□□□□□□□□□□！□□□□□□□□□□□□ 
                                                                    ■□！■■■■■■■□□■■■■■■■□□■■■■■■■□□ 
                                                                    □□□□□□□□□□□□□□□□□□□□□□□□□□□！□□ 
                                                                    □□□□□□□□□！□□□□□□！□□□□□□□□□□□□□ 
                                                                    ■■■■문■■■문■■■■■■문■■■■■■■■■문■■■문 
                                                                    　　　　　　　■！■　■！문□□□문！■　　　　■！■　■！ 
                                                                    　　　　　　　■■■　■■■■■■■■■　　　　■■■　■■ 
 
 
[CAPS-LOCK:ON]　　 [RUNRUN:ON]　　 
=======================================================================================================================================================================


 
 
 
 
 
 
 
 
 
=======================================================================================================================================================================
ＣＯＭＭＡＮＤ                [1]ＩＴＥＭ         [5]ＣＯＭＰ         [+]ＬＯＧ           [R]ＲＵＮ ＯＮ      
        [w]↑                 [2]ＳＫＩＬＬ       [6]ＦＯＲＭ         [n]ＭＡＰ           
[a]← [f]조  사 [d]→         [3]ＥＱＵＩＰ       [7]ＳＴＡＴＵＳ　   [-]ＡＵＴＯ ＲＵＮ  
        [s]↓                 [4]ＲＥＣＯＶＥＲ   [8]ＭＡＧ           [o]ＯＰＴＩＯＮ     
=======================================================================================================================================================================
 
=======================================================================================================================================================================
롯폰기대환락가뒷골목
  ￥0    ＣＯＭＰ용량： 2/24사용중
MAG:   17375    4/8 ＯＬＤ ＭＯＯＮ
                                                                          ■■■■■■■■■■■■■■■■■■ 
                                                                          ■□□□□□□□□□□□□□□문！■ 
                                                                          ■□■■■■■■■■■■■■！■■■ 
                                                                          ■□□□□□□■！■■■□■■■　　 
                                                                          ■■■■■■□■□■□□□문　　　　 
                                                                          ■！□□□□□□□문□■■■　　　　 
                                                                          ■■■■■■□■□■□□□■■■■　 
                                                                          ■■■！□□□■□■■■□□□□■　 
                                                                          ■！■■■■■■□■■■■문■■■　 
                                                                          ■□□□□□□■□■■□□□□□■　 
                                                                          ■□■문■문■■！■□□■□■■■　 
                                                                          ■□■■■■■■■■□■□■■　　　 
                                                                          ■□□□□□□■□□□□□문　　　　 
                                                                          ■■■문■■문■문■■■■■■■■　 
                                                                          ■！■■■□□□□□□□□□□□■　 
                                                                          ■□□□□□■■■■■■■■■□■　 
                                                                          ■■■■■■■　　　　　　　■↓■　 
 
[CAPS-LOCK:ON]　　 [RUNRUN:ON]　　 
=======================================================================================================================================================================


 
 
 
 
 
 
 
 
 
=======================================================================================================================================================================
ＣＯＭＭＡＮＤ                [1]ＩＴＥＭ         [5]ＣＯＭＰ         [+]ＬＯＧ           [R]ＲＵＮ ＯＮ      
        [w]↑                 [2]ＳＫＩＬＬ       [6]ＦＯＲＭ         [n]ＭＡＰ           
[a]← [f]조  사 [d]→         [3]ＥＱＵＩＰ       [7]ＳＴＡＴＵＳ　   [-]ＡＵＴＯ ＲＵＮ  
        [s]↓                 [4]ＲＥＣＯＶＥＲ   [8]ＭＡＧ           [o]ＯＰＴＩＯＮ     
=======================================================================================================================================================================
 
=======================================================================================================================================================================
롯폰기대환락가뒷골목
  ￥0    ＣＯＭＰ용량： 2/24사용중
MAG:   17375    4/8 ＯＬＤ ＭＯＯＮ
                                                                          ■■■■■■■■■■■■■■■■■■ 
                                                                          ■□□□□□□□□□□□□□□문！■ 
                                                                          ■□■■■■■■■■■■■■！■■■ 
                                                                          ■□□□□□□■！■■■□■■■　　 
                                                                          ■■■■■■□■□■□□□문　　　　 
                                                                          ■！□□□□□□□문□■■■　　　　 
                                                                          ■■■■■■□■□■□□□■■■■　 
                                                                          ■■■！□□□■□■■■□□□□■　 
                                                                          ■！■■■■■■□■■■■문■■■　 
                                                                          ■□□□□□□■□■■□□□□□■　 
                                                                          ■□■문■문■■！■□□■□■■■　 
                                                                          ■□■■■■■■■■□■□■■　　　 
                                                                          ■□□□□□□■□□□□□문　　　　 
                                                                          ■■■문■■문■문■■■■■■■■　 
                                                                          ■！■■■□□□□□□□□□□□■　 
                                                                          ■□□□□□■■■■■■■■■□■　 
                                                                          ■■■■■■■　　　　　　　■↓■　 
 
[CAPS-LOCK:ON]　　 [RUNRUN:ON]　　 
=======================================================================================================================================================================


 
 
 
 
 
 
 
 
 
=======================================================================================================================================================================
ＣＯＭＭＡＮＤ                [1]ＩＴＥＭ         [5]ＣＯＭＰ         [+]ＬＯＧ           [R]ＲＵＮ ＯＮ      
        [w]↑                 [2]ＳＫＩＬＬ       [6]ＦＯＲＭ         [n]ＭＡＰ           
[a]← [f]조  사 [d]→         [3]ＥＱＵＩＰ       [7]ＳＴＡＴＵＳ　   [-]ＡＵＴＯ ＲＵＮ  
        [s]↓                 [4]ＲＥＣＯＶＥＲ   [8]ＭＡＧ           [o]ＯＰＴＩＯＮ     
=======================================================================================================================================================================
 
=======================================================================================================================================================================
롯폰기대환락가뒷골목
  ￥0    ＣＯＭＰ용량： 2/24사용중
MAG:   17375    4/8 ＯＬＤ ＭＯＯＮ
                                                                          ■■■■■■■■■■■■■■■■■■ 
                                                                          ■□□□□□□□□□□□□□□문！■ 
                                                                          ■□■■■■■■■■■■■■！■■■ 
                                                                          ■□□□□□□■！■■■□■■■　　 
                                                                          ■■■■■■□■□■□□□문　　　　 
                                                                          ■！□□□□□□□문□■■■　　　　 
                                                                          ■■■■■■□■□■□□□■■■■　 
                                                                          ■■■！□□□■□■■■□□□□■　 
                                                                          ■！■■■■■■□■■■■문■■■　 
                                                                          ■□□□□□□■□■■□□□□□■　 
                                                                          ■□■문■문■■！■□□■□■■■　 
                                                                          ■□■■■■■■■■□■□■■　　　 
                                                                          ■□□□□□□■□□□□□문　　　　 
                                                                          ■■■문■■문■문■■■■■■■■　 
                                                                          ■！■■■□□□□□□□□□□□■　 
                                                                          ■□□□□□■■■■■■■■■□■　 
                                                                          ■■■■■■■　　　　　　　■↓■　 
 
[CAPS-LOCK:ON]　　 [RUNRUN:ON]　　 
=======================================================================================================================================================================


 
 
 
 
 
 
 
 
 
=======================================================================================================================================================================
ＣＯＭＭＡＮＤ                [1]ＩＴＥＭ         [5]ＣＯＭＰ         [+]ＬＯＧ           [R]ＲＵＮ ＯＮ      
        [w]↑                 [2]ＳＫＩＬＬ       [6]ＦＯＲＭ         [n]ＭＡＰ           
[a]← [f]조  사 [d]→         [3]ＥＱＵＩＰ       [7]ＳＴＡＴＵＳ　   [-]ＡＵＴＯ ＲＵＮ  
        [s]↓                 [4]ＲＥＣＯＶＥＲ   [8]ＭＡＧ           [o]ＯＰＴＩＯＮ     
=======================================================================================================================================================================
 
=======================================================================================================================================================================
롯폰기대환락가뒷골목
  ￥0    ＣＯＭＰ용량： 2/24사용중
MAG:   17375    4/8 ＯＬＤ ＭＯＯＮ
                                                                          ■■■■■■■■■■■■■■■■■■ 
                                                                          ■□□□□□□□□□□□□□□문！■ 
                                                                          ■□■■■■■■■■■■■■！■■■ 
                                                                          ■□□□□□□■！■■■□■■■　　 
                                                                          ■■■■■■□■□■□□□문　　　　 
                                                                          ■！□□□□□□□문□■■■　　　　 
                                                                          ■■■■■■□■□■□□□■■■■　 
                                                                          ■■■！□□□■□■■■□□□□■　 
                                                                          ■！■■■■■■□■■■■문■■■　 
                                                                          ■□□□□□□■□■■□□□□□■　 
                                                                          ■□■문■문■■！■□□■□■■■　 
                                                                          ■□■■■■■■■■□■□■■　　　 
                                                                          ■□□□□□□■□□□□□문　　　　 
                                                                          ■■■문■■문■문■■■■■■■■　 
                                                                          ■！■■■□□□□□□□□□□□■　 
                                                                          ■□□□□□■■■■■■■■■□■　 
                                                                          ■■■■■■■　　　　　　　■↓■　 
 
[CAPS-LOCK:ON]　　 [RUNRUN:ON]　　 
=======================================================================================================================================================================


 
 
 
 
 
 
 
 
 
=======================================================================================================================================================================
ＣＯＭＭＡＮＤ                [1]ＩＴＥＭ         [5]ＣＯＭＰ         [+]ＬＯＧ           [R]ＲＵＮ ＯＮ      
        [w]↑                 [2]ＳＫＩＬＬ       [6]ＦＯＲＭ         [n]ＭＡＰ           
[a]← [f]조  사 [d]→         [3]ＥＱＵＩＰ       [7]ＳＴＡＴＵＳ　   [-]ＡＵＴＯ ＲＵＮ  
        [s]↓                 [4]ＲＥＣＯＶＥＲ   [8]ＭＡＧ           [o]ＯＰＴＩＯＮ     
=======================================================================================================================================================================
 
=======================================================================================================================================================================
롯폰기대환락가뒷골목
  ￥0    ＣＯＭＰ용량： 2/24사용중
MAG:   17375    3/8 ＯＬＤ ＭＯＯＮ
                                                                          ■■■■■■■■■■■■■■■■■■ 
                                                                          ■□□□□□□□□□□□□□□문！■ 
                                                                          ■□■■■■■■■■■■■■！■■■ 
                                                                          ■□□□□□□■！■■■□■■■　　 
                                                                          ■■■■■■□■□■□□□문　　　　 
                                                                          ■！□□□□□□□문□■■■　　　　 
                                                                          ■■■■■■□■□■□□□■■■■　 
                                                                          ■■■！□□□■□■■■□□□□■　 
                                                                          ■！■■■■■■□■■■■문■■■　 
                                                                          ■□□□□□□■□■■□□□□□■　 
                                                                          ■□■문■문■■！■□□■□■■■　 
                                                                          ■□■■■■■■■■□■□■■　　　 
                                                                          ■□□□□□□■□□□□□문　　　　 
                                                                          ■■■문■■문■문■■■■■■■■　 
                                                                          ■！■■■□□□□□□□□□□□■　 
                                                                          ■□□□□□■■■■■■■■■□■　 
                                                                          ■■■■■■■　　　　　　　■↓■　 
 
[CAPS-LOCK:ON]　　 [RUNRUN:ON]　　 
=======================================================================================================================================================================


 
 
 
 
 
 
 
 
 
=======================================================================================================================================================================
ＣＯＭＭＡＮＤ                [1]ＩＴＥＭ         [5]ＣＯＭＰ         [+]ＬＯＧ           [R]ＲＵＮ ＯＮ      
        [w]↑                 [2]ＳＫＩＬＬ       [6]ＦＯＲＭ         [n]ＭＡＰ           
[a]← [f]조  사 [d]→         [3]ＥＱＵＩＰ       [7]ＳＴＡＴＵＳ　   [-]ＡＵＴＯ ＲＵＮ  
        [s]↓                 [4]ＲＥＣＯＶＥＲ   [8]ＭＡＧ           [o]ＯＰＴＩＯＮ     
=======================================================================================================================================================================
 
=======================================================================================================================================================================
롯폰기대환락가뒷골목
  ￥0    ＣＯＭＰ용량： 2/24사용중
MAG:   17375    3/8 ＯＬＤ ＭＯＯＮ
                                                                          ■■■■■■■■■■■■■■■■■■ 
                                                                          ■□□□□□□□□□□□□□□문！■ 
                                                                          ■□■■■■■■■■■■■■！■■■ 
                                                                          ■□□□□□□■！■■■□■■■　　 
                                                                          ■■■■■■□■□■□□□문　　　　 
                                                                          ■！□□□□□□□문□■■■　　　　 
                                                                          ■■■■■■□■□■□□□■■■■　 
                                                                          ■■■！□□□■□■■■□□□□■　 
                                                                          ■！■■■■■■□■■■■문■■■　 
                                                                          ■□□□□□□■□■■□□□□□■　 
                                                                          ■□■문■문■■！■□□■□■■■　 
                                                                          ■□■■■■■■■■□■□■■　　　 
                                                                          ■□□□□□□■□□□□□문　　　　 
                                                                          ■■■문■■문■문■■■■■■■■　 
                                                                          ■！■■■□□□□□□□□□□□■　 
                                                                          ■□□□□□■■■■■■■■■□■　 
                                                                          ■■■■■■■　　　　　　　■↓■　 
 
[CAPS-LOCK:ON]　　 [RUNRUN:ON]　　 
=======================================================================================================================================================================


 
 
 
 
 
 
 
 
 
=======================================================================================================================================================================
ＣＯＭＭＡＮＤ                [1]ＩＴＥＭ         [5]ＣＯＭＰ         [+]ＬＯＧ           [R]ＲＵＮ ＯＮ      
        [w]↑                 [2]ＳＫＩＬＬ       [6]ＦＯＲＭ         [n]ＭＡＰ           
[a]← [f]조  사 [d]→         [3]ＥＱＵＩＰ       [7]ＳＴＡＴＵＳ　   [-]ＡＵＴＯ ＲＵＮ  
        [s]↓                 [4]ＲＥＣＯＶＥＲ   [8]ＭＡＧ           [o]ＯＰＴＩＯＮ     
=======================================================================================================================================================================
 
=======================================================================================================================================================================
롯폰기대환락가뒷골목
  ￥0    ＣＯＭＰ용량： 2/24사용중
MAG:   17375    3/8 ＯＬＤ ＭＯＯＮ
                                                                          ■■■■■■■■■■■■■■■■■■ 
                                                                          ■□□□□□□□□□□□□□□문！■ 
                                                                          ■□■■■■■■■■■■■■！■■■ 
                                                                          ■□□□□□□■！■■■□■■■　　 
                                                                          ■■■■■■□■□■□□□문　　　　 
                                                                          ■！□□□□□□□문□■■■　　　　 
                                                                          ■■■■■■□■□■□□□■■■■　 
                                                                          ■■■！□□□■□■■■□□□□■　 
                                                                          ■！■■■■■■□■■■■문■■■　 
                                                                          ■□□□□□□■□■■□□□□□■　 
                                                                          ■□■문■문■■！■□□■□■■■　 
                                                                          ■□■■■■■■■■□■□■■　　　 
                                                                          ■□□□□□□■□□□□□문　　　　 
                                                                          ■■■문■■문■문■■■■■■■■　 
                                                                          ■！■■■□□□□□□□□□□□■　 
                                                                          ■□□□□□■■■■■■■■■□■　 
                                                                          ■■■■■■■　　　　　　　■↓■　 
 
[CAPS-LOCK:ON]　　 [RUNRUN:ON]　　 
=======================================================================================================================================================================


 
 
 
 
 
 
 
 
 
=======================================================================================================================================================================
ＣＯＭＭＡＮＤ                [1]ＩＴＥＭ         [5]ＣＯＭＰ         [+]ＬＯＧ           [R]ＲＵＮ ＯＮ      
        [w]↑                 [2]ＳＫＩＬＬ       [6]ＦＯＲＭ         [n]ＭＡＰ           
[a]← [f]조  사 [d]→         [3]ＥＱＵＩＰ       [7]ＳＴＡＴＵＳ　   [-]ＡＵＴＯ ＲＵＮ  
        [s]↓                 [4]ＲＥＣＯＶＥＲ   [8]ＭＡＧ           [o]ＯＰＴＩＯＮ     
=======================================================================================================================================================================
 
=======================================================================================================================================================================
롯폰기대환락가뒷골목
  ￥0    ＣＯＭＰ용량： 2/24사용중
MAG:   17375    3/8 ＯＬＤ ＭＯＯＮ
                                                                          ■■■■■■■■■■■■■■■■■■ 
                                                                          ■□□□□□□□□□□□□□□문！■ 
                                                                          ■□■■■■■■■■■■■■！■■■ 
                                                                          ■□□□□□□■！■■■□■■■　　 
                                                                          ■■■■■■□■□■□□□문　　　　 
                                                                          ■！□□□□□□□문□■■■　　　　 
                                                                          ■■■■■■□■□■□□□■■■■　 
                                                                          ■■■！□□□■□■■■□□□□■　 
                                                                          ■！■■■■■■□■■■■문■■■　 
                                                                          ■□□□□□□■□■■□□□□□■　 
                                                                          ■□■문■문■■！■□□■□■■■　 
                                                                          ■□■■■■■■■■□■□■■　　　 
                                                                          ■□□□□□□■□□□□□문　　　　 
                                                                          ■■■문■■문■문■■■■■■■■　 
                                                                          ■！■■■□□□□□□□□□□□■　 
                                                                          ■□□□□□■■■■■■■■■□■　 
                                                                          ■■■■■■■　　　　　　　■↓■　 
 
[CAPS-LOCK:ON]　　 [RUNRUN:ON]　　 
=======================================================================================================================================================================


 
 
 
 
 
 
 
 
 
=======================================================================================================================================================================
ＣＯＭＭＡＮＤ                [1]ＩＴＥＭ         [5]ＣＯＭＰ         [+]ＬＯＧ           [R]ＲＵＮ ＯＮ      
        [w]↑                 [2]ＳＫＩＬＬ       [6]ＦＯＲＭ         [n]ＭＡＰ           
[a]← [f]조  사 [d]→         [3]ＥＱＵＩＰ       [7]ＳＴＡＴＵＳ　   [-]ＡＵＴＯ ＲＵＮ  
        [s]↓                 [4]ＲＥＣＯＶＥＲ   [8]ＭＡＧ           [o]ＯＰＴＩＯＮ     
=======================================================================================================================================================================
 
=======================================================================================================================================================================
롯폰기대환락가뒷골목
  ￥0    ＣＯＭＰ용량： 2/24사용중
MAG:   17375    3/8 ＯＬＤ ＭＯＯＮ
                                                                          ■■■■■■■■■■■■■■■■■■ 
                                                                          ■□□□□□□□□□□□□□□문！■ 
                                                                          ■□■■■■■■■■■■■■！■■■ 
                                                                          ■□□□□□□■！■■■□■■■　　 
                                                                          ■■■■■■□■□■□□□문　　　　 
                                                                          ■！□□□□□□□문□■■■　　　　 
                                                                          ■■■■■■□■□■□□□■■■■　 
                                                                          ■■■！□□□■□■■■□□□□■　 
                                                                          ■！■■■■■■□■■■■문■■■　 
                                                                          ■□□□□□□■□■■□□□□□■　 
                                                                          ■□■문■문■■！■□□■□■■■　 
                                                                          ■□■■■■■■■■□■□■■！■　 
                                                                          ■□□□□□□■□□□□□문□□■　 
                                                                          ■■■문■■문■문■■■■■■■■　 
                                                                          ■！■■■□□□□□□□□□□□■　 
                                                                          ■□□□□□■■■■■■■■■□■　 
                                                                          ■■■■■■■　　　　　　　■↓■　 
 
[CAPS-LOCK:ON]　　 [RUNRUN:ON]　　 
=======================================================================================================================================================================


 
 
 
 
 
 
 
 
 
=======================================================================================================================================================================
ＣＯＭＭＡＮＤ                [1]ＩＴＥＭ         [5]ＣＯＭＰ         [+]ＬＯＧ           [R]ＲＵＮ ＯＮ      
        [w]↑                 [2]ＳＫＩＬＬ       [6]ＦＯＲＭ         [n]ＭＡＰ           
[a]← [f]조  사 [d]→         [3]ＥＱＵＩＰ       [7]ＳＴＡＴＵＳ　   [-]ＡＵＴＯ ＲＵＮ  
        [s]↓                 [4]ＲＥＣＯＶＥＲ   [8]ＭＡＧ           [o]ＯＰＴＩＯＮ     
=======================================================================================================================================================================
 
=======================================================================================================================================================================
롯폰기대환락가뒷골목
  ￥0    ＣＯＭＰ용량： 2/24사용중
MAG:   17375    3/8 ＯＬＤ ＭＯＯＮ
                                                                          ■■■■■■■■■■■■■■■■■■ 
                                                                          ■□□□□□□□□□□□□□□문！■ 
                                                                          ■□■■■■■■■■■■■■！■■■ 
                                                                          ■□□□□□□■！■■■□■■■　　 
                                                                          ■■■■■■□■□■□□□문　　　　 
                                                                          ■！□□□□□□□문□■■■　　　　 
                                                                          ■■■■■■□■□■□□□■■■■　 
                                                                          ■■■！□□□■□■■■□□□□■　 
                                                                          ■！■■■■■■□■■■■문■■■　 
                                                                          ■□□□□□□■□■■□□□□□■　 
                                                                          ■□■문■문■■！■□□■□■■■　 
                                                                          ■□■■■■■■■■□■□■■！■　 
                                                                          ■□□□□□□■□□□□□문□□■　 
                                                                          ■■■문■■문■문■■■■■■■■　 
                                                                          ■！■■■□□□□□□□□□□□■　 
                                                                          ■□□□□□■■■■■■■■■□■　 
                                                                          ■■■■■■■　　　　　　　■↓■　 
 
[CAPS-LOCK:ON]　　 [RUNRUN:ON]　　 
=======================================================================================================================================================================


 
 
 
 
 
 
 
 
 
=======================================================================================================================================================================
ＣＯＭＭＡＮＤ                [1]ＩＴＥＭ         [5]ＣＯＭＰ         [+]ＬＯＧ           [R]ＲＵＮ ＯＮ      
        [w]↑                 [2]ＳＫＩＬＬ       [6]ＦＯＲＭ         [n]ＭＡＰ           
[a]← [f]조  사 [d]→         [3]ＥＱＵＩＰ       [7]ＳＴＡＴＵＳ　   [-]ＡＵＴＯ ＲＵＮ  
        [s]↓                 [4]ＲＥＣＯＶＥＲ   [8]ＭＡＧ           [o]ＯＰＴＩＯＮ     
=======================================================================================================================================================================
 
=======================================================================================================================================================================
롯폰기대환락가뒷골목
  ￥0    ＣＯＭＰ용량： 2/24사용중
MAG:   17375    3/8 ＯＬＤ ＭＯＯＮ
                                                                          ■■■■■■■■■■■■■■■■■■ 
                                                                          ■□□□□□□□□□□□□□□문！■ 
                                                                          ■□■■■■■■■■■■■■！■■■ 
                                                                          ■□□□□□□■！■■■□■■■　　 
                                                                          ■■■■■■□■□■□□□문　　　　 
                                                                          ■！□□□□□□□문□■■■　　　　 
                                                                          ■■■■■■□■□■□□□■■■■　 
                                                                          ■■■！□□□■□■■■□□□□■　 
                                                                          ■！■■■■■■□■■■■문■■■　 
                                                                          ■□□□□□□■□■■□□□□□■　 
                                                                          ■□■문■문■■！■□□■□■■■　 
                                                                          ■□■■■■■■■■□■□■■！■　 
                                                                          ■□□□□□□■□□□□□문□□■　 
                                                                          ■■■문■■문■문■■■■■■■■　 
                                                                          ■！■■■□□□□□□□□□□□■　 
                                                                          ■□□□□□■■■■■■■■■□■　 
                                                                          ■■■■■■■　　　　　　　■↓■　 
 
[CAPS-LOCK:ON]　　 [RUNRUN:ON]　　 
=======================================================================================================================================================================


 
 
 
 
 
 
 
 
 
=======================================================================================================================================================================
ＣＯＭＭＡＮＤ                [1]ＩＴＥＭ         [5]ＣＯＭＰ         [+]ＬＯＧ           [R]ＲＵＮ ＯＮ      
        [w]↑                 [2]ＳＫＩＬＬ       [6]ＦＯＲＭ         [n]ＭＡＰ           
[a]← [f]조  사 [d]→         [3]ＥＱＵＩＰ       [7]ＳＴＡＴＵＳ　   [-]ＡＵＴＯ ＲＵＮ  
        [s]↓                 [4]ＲＥＣＯＶＥＲ   [8]ＭＡＧ           [o]ＯＰＴＩＯＮ     
=======================================================================================================================================================================
 
=======================================================================================================================================================================
롯폰기대환락가뒷골목
  ￥0    ＣＯＭＰ용량： 2/24사용중
MAG:   17375    3/8 ＯＬＤ ＭＯＯＮ
                                                                          ■■■■■■■■■■■■■■■■■■ 
                                                                          ■□□□□□□□□□□□□□□문！■ 
                                                                          ■□■■■■■■■■■■■■！■■■ 
                                                                          ■□□□□□□■！■■■□■■■　　 
                                                                          ■■■■■■□■□■□□□문　　　　 
                                                                          ■！□□□□□□□문□■■■　　　　 
                                                                          ■■■■■■□■□■□□□■■■■　 
                                                                          ■■■！□□□■□■■■□□□□■　 
                                                                          ■！■■■■■■□■■■■문■■■　 
                                                                          ■□□□□□□■□■■□□□□□■　 
                                                                          ■□■문■문■■！■□□■□■■■　 
                                                                          ■□■■■■■■■■□■□■■！■　 
                                                                          ■□□□□□□■□□□□□문□□■　 
                                                                          ■■■문■■문■문■■■■■■■■　 
                                                                          ■！■■■□□□□□□□□□□□■　 
                                                                          ■□□□□□■■■■■■■■■□■　 
                                                                          ■■■■■■■　　　　　　　■↓■　 
 
[CAPS-LOCK:ON]　　 [RUNRUN:ON]　　 
=======================================================================================================================================================================


 
 
 
 
 
 
 
 
 
=======================================================================================================================================================================
ＣＯＭＭＡＮＤ                [1]ＩＴＥＭ         [5]ＣＯＭＰ         [+]ＬＯＧ           [R]ＲＵＮ ＯＮ      
        [w]↑                 [2]ＳＫＩＬＬ       [6]ＦＯＲＭ         [n]ＭＡＰ           
[a]← [f]조  사 [d]→         [3]ＥＱＵＩＰ       [7]ＳＴＡＴＵＳ　   [-]ＡＵＴＯ ＲＵＮ  
        [s]↓                 [4]ＲＥＣＯＶＥＲ   [8]ＭＡＧ           [o]ＯＰＴＩＯＮ     
=======================================================================================================================================================================
 
=======================================================================================================================================================================
롯폰기대환락가뒷골목
  ￥0    ＣＯＭＰ용량： 2/24사용중
MAG:   17375    3/8 ＯＬＤ ＭＯＯＮ
                                                                          ■■■■■■■■■■■■■■■■■■ 
                                                                          ■□□□□□□□□□□□□□□문！■ 
                                                                          ■□■■■■■■■■■■■■！■■■ 
                                                                          ■□□□□□□■！■■■□■■■　　 
                                                                          ■■■■■■□■□■□□□문　　　　 
                                                                          ■！□□□□□□□문□■■■　　　　 
                                                                          ■■■■■■□■□■□□□■■■■　 
                                                                          ■■■！□□□■□■■■□□□□■　 
                                                                          ■！■■■■■■□■■■■문■■■　 
                                                                          ■□□□□□□■□■■□□□□□■　 
                                                                          ■□■문■문■■！■□□■□■■■　 
                                                                          ■□■■■■■■■■□■□■■！■　 
                                                                          ■□□□□□□■□□□□□문□□■　 
                                                                          ■■■문■■문■문■■■■■■■■　 
                                                                          ■！■■■□□□□□□□□□□□■　 
                                                                          ■□□□□□■■■■■■■■■□■　 
                                                                          ■■■■■■■　　　　　　　■↓■　 
 
[CAPS-LOCK:ON]　　 [RUNRUN:ON]　　 
=======================================================================================================================================================================


 
 
 
 
 
 
 
 
 
=======================================================================================================================================================================
ＣＯＭＭＡＮＤ                [1]ＩＴＥＭ         [5]ＣＯＭＰ         [+]ＬＯＧ           [R]ＲＵＮ ＯＮ      
        [w]↑                 [2]ＳＫＩＬＬ       [6]ＦＯＲＭ         [n]ＭＡＰ           
[a]← [f]조  사 [d]→         [3]ＥＱＵＩＰ       [7]ＳＴＡＴＵＳ　   [-]ＡＵＴＯ ＲＵＮ  
        [s]↓                 [4]ＲＥＣＯＶＥＲ   [8]ＭＡＧ           [o]ＯＰＴＩＯＮ     
=======================================================================================================================================================================
 
=======================================================================================================================================================================
롯폰기대환락가뒷골목
  ￥0    ＣＯＭＰ용량： 2/24사용중
MAG:   17375    3/8 ＯＬＤ ＭＯＯＮ
                                                                          ■■■■■■■■■■■■■■■■■■ 
                                                                          ■□□□□□□□□□□□□□□문！■ 
                                                                          ■□■■■■■■■■■■■■！■■■ 
                                                                          ■□□□□□□■！■■■□■■■　　 
                                                                          ■■■■■■□■□■□□□문　　　　 
                                                                          ■！□□□□□□□문□■■■　　　　 
                                                                          ■■■■■■□■□■□□□■■■■　 
                                                                          ■■■！□□□■□■■■□□□□■　 
                                                                          ■！■■■■■■□■■■■문■■■　 
                                                                          ■□□□□□□■□■■□□□□□■　 
                                                                          ■□■문■문■■！■□□■□■■■　 
                                                                          ■□■■■■■■■■□■□■■！■　 
                                                                          ■□□□□□□■□□□□□문□□■　 
                                                                          ■■■문■■문■문■■■■■■■■　 
                                                                          ■！■■■□□□□□□□□□□□■　 
                                                                          ■□□□□□■■■■■■■■■□■　 
                                                                          ■■■■■■■　　　　　　　■↓■　 
 
[CAPS-LOCK:ON]　　 [RUNRUN:ON]　　 
=======================================================================================================================================================================


 
 
 
 
 
 
 
 
 
=======================================================================================================================================================================
関数\組み込み関数\画像関連関数\98_システムアイコン.ERB at line 98. An Error has occurred.
Emuera Version: Emuera.NET 0.2.6.0
  Game Version: ShinEraTenseiP 0.5.9
SIF CSVCFLAG(L_CSVNO, GETNUM(CFLAG, "아이콘공유대상")) > 0
Error description: Attempted to refer to an undefined character
Function: @GET_ICON_CSVNO（file:関数\組み込み関数\画像関連関数\98_システムアイコン.ERB in line 95）
Function call stack:
↑関数\組み込み関数\画像関連関数\10_アイコン描画.ERB at line 316（function@GET_FACE_BY_CSV）
↑関数\組み込み関数\メッセージ\ウィンドウ型メッセージ表示\MESSAGE_WINDOW_ICON.ERB at line 32（function@MESSAGE_WINDOW_ICON）
↑関数\組み込み関数\メッセージ\ウィンドウ型メッセージ表示\MESSAGE_WINDOW_D.ERB at line 40（function@MESSAGE_WINDOW_D）
↑関数\組み込み関数\メッセージ\ウィンドウ型メッセージ表示\MESSAGE_WINDOW_D_ICON.ERB at line 17（function@MESSAGE_WINDOW_D_ICON）
↑RPG\ダンジョンアタック\ダンジョンデータ\DUNGEON31_六本木大歓楽街\DUNGEON31_六本木大歓楽街.ERB at line 2746（function@EVENT_DUNGEON_31）
↑RPG\ダンジョンアタック\ダンジョンデータ\DUNGEON31_六本木大歓楽街\DUNGEON31_六本木大歓楽街.ERB at line 465（function@EVENT_ENTER_DUNGEON_31）
↑RPG\ダンジョンアタック\SYSTEM_DUNGEON.ERB at line 2558（function@WALK_DUNGEON）
↑RPG\ダンジョンアタック\SYSTEM_DUNGEON.ERB at line 1778（function@DUNGEON_ATTACK）
↑RPG\ダンジョンアタック\SYSTEM_DUNGEON.ERB at line 278（function@SHOP_COM_101）
↑ＳＨＯＰ関連\SHOP.ERB at line 486（function@USERSHOP）
※※※Log file emuera.log has been created. Please provide stacktrace or save data with steps to reproduce to help fix it※※※
