;-------------------------------
;ShinEraTenseiP 0.5.8
;2026/06/16 03:45:16
;-------------------------------
;-------------------------------
;_Rename_csvは資料フォルダ内にある
;MAKE_RENAME.ERBを利用して作成されています
;何か追加する際はコピペするのではなく、
;MAKE_RENAME.ERBを利用して出力してください
;また、新しい分類を作る場合はERBの記述も変更してください
;-------------------------------
;-------------------------------
;店舗経営系
;-------------------------------
DE:0 , 店舗:종류
DE:1 , 店舗:교복
DE:2 , 店舗:상품
DE:3 , 店舗:인기
DE:4 , 店舗:선전효과
DE:5 , 店舗:요리완성도
DE:6 , 店舗:요리인기
DE:7 , 店舗:규모
DE:8 , 店舗:접객고용
DE:10 , 店舗:키친고용
DE:12 , 店舗:성적서비스
DE:13 , 店舗:만지기가격
DE:14 , 店舗:애무가격
DE:15 , 店舗:펠라가격
DE:16 , 店舗:본방가격
DE:17 , 店舗:애널가격
DE:18 , 店舗:질내사정가격
DE:19 , 店舗:처녀가격
DE:22 , 店舗:요리가격
DE:23 , 店舗:술가격
DE:24 , 店舗:음료가격
DE:25 , 店舗:유지비
DE:26 , 店舗:명칭
DE:27 , 店舗:요리기대도
DE:28 , 店舗:술기대도
DE:29 , 店舗:음료기대도
DE:30 , 店舗:성적기대도
DE:31 , 店舗:교복스커트
DE:32 , 店舗:교복속옷
DE:33 , 店舗:교복가슴
DE:34 , 店舗:교복음구
DE:35 , 店舗:난교플래그
DE:47 , 店舗:선전플래그
;-------------------------------
;キャラクター番号
;-------------------------------
0 , キャラ:더미아나타
;-------------------------------
;지모신
;-------------------------------
1 , キャラ:키쿠리히메
2 , キャラ:프레이아
3 , キャラ:데메테르
4 , キャラ:이슈타르
5 , キャラ:서왕모
6 , キャラ:두르가
7 , キャラ:이자나미
8 , キャラ:파르바티
9 , キャラ:칼리
10 , キャラ:베스타
11 , キャラ:마이아
12 , キャラ:젤라론즈
13 , キャラ:페레
14 , キャラ:세크메트
15 , キャラ:세드나
16 , キャラ:다이아나
17 , キャラ:쿠시나다히메
18 , キャラ:퀴벨레
19 , キャラ:스카디
20 , キャラ:이시스
21 , キャラ:블랙마리아
22 , キャラ:마리지천
23 , キャラ:아셰라트
24 , キャラ:가이아
25 , キャラ:주르반
26 , キャラ:헤케트
27 , キャラ:칼리아흐베라
28 , キャラ:타와레트
29 , キャラ:이난나
30 , キャラ:닌후르삭
;31~100, 空き番号
;-------------------------------
;여신
;-------------------------------
101 , キャラ:아메노우즈메
102 , キャラ:아리안로드
103 , キャラ:팔라스아테나
104 , キャラ:이리스
105 , キャラ:포르투나
106 , キャラ:사라스바티
107 , キャラ:아마테라스
108 , キャラ:코노하나사쿠야
;109~110, 空き番号
111 , キャラ:스카아하
112 , キャラ:노른
113 , キャラ:나키사와메
114 , キャラ:아르테미스
115 , キャラ:락슈미
116 , キャラ:브리이트
117 , キャラ:아낫
118 , キャラ:틀라솔테오틀
119 , キャラ:하트호르
120 , キャラ:베르단디
121 , キャラ:우르드
122 , キャラ:스쿨드
123 , キャラ:클로토
124 , キャラ:아트로포스
125 , キャラ:라케시스
126 , キャラ:너구리의날것
127 , キャラ:킨마몬
128 , キャラ:사티
129 , キャラ:에뉴오
130 , キャラ:우샤스
131 , キャラ:스세리비메
132 , キャラ:천선낭랑
133 , キャラ:호시가미
134 , キャラ:아나히타
135 , キャラ:프시케
136 , キャラ:이둔
137 , キャラ:아르테미스_Ⅴ
138 , キャラ:브리이드
139 , キャラ:데메테르_여신
140 , キャラ:헤라
141 , キャラ:아마비에
;142~200, 空き番号
;-------------------------------
;마왕
;-------------------------------
201 , キャラ:헤카테
;202~203, 空き番号
204 , キャラ:파이몬
205 , キャラ:뉵스
206 , キャラ:란다
207 , キャラ:이자・벨
208 , キャラ:메두사
209 , キャラ:발람
210 , キャラ:아에슈마
211 , キャラ:아라미사키
;212, 空き番号
213 , キャラ:야릴로
214 , キャラ:치치미틀
215 , キャラ:알릴라트
216 , キャラ:미트라스
217 , キャラ:고모리
;218, 空き番号
219 , キャラ:벨제붑
220 , キャラ:판도라
;221, 空き番号
222 , キャラ:아수라여왕
223 , キャラ:벨페고르
;224, 空き番号
225 , キャラ:두르지
226 , キャラ:앙그르보다
227 , キャラ:이나루나
;228~229, 空き番号
230 , キャラ:루시퍼프로스트
;231, 空き番号
232 , キャラ:아카・마나흐
233 , キャラ:몰록
234 , キャラ:솀하자
235 , キャラ:아자젤
236 , キャラ:사타나엘
;237~241, 空き番号
242 , キャラ:앙리・만유
243 , キャラ:슈우
244 , キャラ:루키프구스
;245~249, 空き番号
250 , キャラ:아스모데우스
251 , キャラ:벨・이얼
252 , キャラ:베리얼
;253, 空き番号
254 , キャラ:네르갈
;255~258, 空き番号
259 , キャラ:슬라임마라님
260 , キャラ:오르커스
261 , キャラ:로키
262 , キャラ:라바나
263 , キャラ:아수라
264 , キャラ:라후
265 , キャラ:킹프로스트
266 , キャラ:수르트
267 , キャラ:아스타로트
268 , キャラ:아리오크
;269, 空き番号
270 , キャラ:바엘
;271~273, 空き番号
274 , キャラ:아바돈
275 , キャラ:아바돈_데빌칠드런
;276~277, 空き番号
278 , キャラ:제불
279 , キャラ:발로르
280 , キャラ:아젤
;281~289, 空き番号
290 , キャラ:벨・데르
;291, 空き番号
292 , キャラ:마라
293 , キャラ:마왕아몬
;294~300, 空き番号
;-------------------------------
;천사
;-------------------------------
301 , キャラ:엔젤
302 , キャラ:니케
303 , キャラ:가브리엘
304 , キャラ:하우르바타트
305 , キャラ:아무르타트
306 , キャラ:알마티
307 , キャラ:레미엘
308 , キャラ:버쳐
309 , キャラ:하니엘
310 , キャラ:라이라
311 , キャラ:스로네
312 , キャラ:사리엘
313 , キャラ:하루트
314 , キャラ:마루트
315 , キャラ:스라오샤
316 , キャラ:이스라펠
;317~319, 空き番号
320 , キャラ:케룹
321 , キャラ:바키엘
322 , キャラ:감비엘
323 , キャラ:하말리엘
;324~329, 空き番号
330 , キャラ:사탄
;331~339, 空き番号
340 , キャラ:세라프
;341~347, 空き番号
348 , キャラ:라파엘라
349 , キャラ:파누엘
;350~354, 空き番号
355 , キャラ:프린시펄리티
356 , キャラ:도미니온
357 , キャラ:듀나미스
358 , キャラ:아브디엘
359 , キャラ:아크엔젤
360 , キャラ:파워
361 , キャラ:라구엘
362 , キャラ:큐피도
363 , キャラ:멜키세덱
364 , キャラ:홀리고스트
365 , キャラ:미카엘
366 , キャラ:라파엘
367 , キャラ:우리엘
368 , キャラ:아즈라엘
369 , キャラ:메타트론
370 , キャラ:카마엘
371 , キャラ:메르카바
372 , キャラ:산달폰
373 , キャラ:만세마트
374 , キャラ:자프키엘
375 , キャラ:보후・마나흐
376 , キャラ:카즈펠
377 , キャラ:큐리오테스
;378~400, 空き番号
;-------------------------------
;요마
;-------------------------------
401 , キャラ:아프사라스
402 , キャラ:리림
403 , キャラ:랴난시
404 , キャラ:세이렌
405 , キャラ:알라우네
406 , キャラ:디스
407 , キャラ:서큐버스
408 , キャラ:발키리
409 , キャラ:발드르
410 , キャラ:후리
411 , キャラ:파리카
412 , キャラ:네레이드
413 , キャラ:푸르키시
414 , キャラ:에로스
415 , キャラ:쵸우케신
416 , キャラ:듀라한
417 , キャラ:뱀파이어
418 , キャラ:엠푸사
419 , キャラ:머메이드
420 , キャラ:소악마리림
421 , キャラ:나이트메어
422 , キャラ:페리
423 , キャラ:히노엔마
;424~425, 空き番号
426 , キャラ:진니야
427 , キャラ:레토
428 , キャラ:아스테리아
429 , キャラ:카구야
430 , キャラ:퀸메이브
431 , キャラ:스코그스라
432 , キャラ:알프
433 , キャラ:디어드리
434 , キャラ:시완나
435 , キャラ:맨드레이크
436 , キャラ:브륀힐드
437 , キャラ:티롯타마
438 , キャラ:칸바리
439 , キャラ:케우케겐
;440~449, 空き番号
450 , キャラ:익티니케
451 , キャラ:코파텐구
452 , キャラ:카라스텐구
453 , キャラ:모코이
454 , キャラ:잠바반
455 , キャラ:쿠라마텐구
456 , キャラ:하누만
457 , キャラ:헤임달
458 , キャラ:가네샤
459 , キャラ:임프
460 , キャラ:휴프노스
461 , キャラ:이소라
462 , キャラ:인큐버스
463 , キャラ:틀랄록
464 , キャラ:루게이에
465 , キャラ:옹코트
466 , キャラ:고양이의날것
467 , キャラ:나하트코볼트
468 , キャラ:크르스니크
469 , キャラ:야누스
470 , キャラ:탐・린
471 , キャラ:나타태자
472 , キャラ:포모르
473 , キャラ:마스터테리온
474 , キャラ:프로스트에이스
475 , キャラ:와일드헌트
476 , キャラ:에스
477 , キャラ:키지무나
478 , キャラ:잔트만
479 , キャラ:메르쿠리우스
480 , キャラ:마야_야마
481 , キャラ:메피스토
482 , キャラ:진
483 , キャラ:이프리트
484 , キャラ:로아
;485~498, 空き番号
499 , キャラ:악마금붕어
;500, 空き番号
;-------------------------------
;요정
;-------------------------------
501 , キャラ:픽시
502 , キャラ:드라이어드
503 , キャラ:루살카
504 , キャラ:엘프
505 , キャラ:실키
506 , キャラ:밴시
507 , キャラ:후지무스메
508 , キャラ:나쟈
509 , キャラ:비비안
510 , キャラ:티타니아
511 , キャラ:다크엘프
512 , キャラ:잭프로스트
513 , キャラ:잭랜턴
514 , キャラ:하이픽시
515 , キャラ:다프네
516 , キャラ:틀랄테쿠흐틀리
517 , キャラ:쁘띠프로스트
518 , キャラ:블루벨
519 , キャラ:마야웰
520 , キャラ:에딘
521 , キャラ:딸기프로스트
522 , キャラ:코로봇쿠루
523 , キャラ:모르간
524 , キャラ:스미조메
525 , キャラ:무스펠
526 , キャラ:팅・컷
527 , キャラ:다이다라봇치
528 , キャラ:나파이아
529 , キャラ:나호비호
530 , キャラ:픽시_데빌칠드런
;531~550, 空き番号
551 , キャラ:노커
552 , キャラ:고블린
553 , キャラ:브라우니
554 , キャラ:드베르가
555 , キャラ:로렐라이
556 , キャラ:버그스
557 , キャラ:우벨루리
558 , キャラ:티탄
559 , キャラ:코다마
560 , キャラ:오오미츠누
561 , キャラ:오베론
562 , キャラ:고그마고그
563 , キャラ:스프리건
564 , キャラ:트롤
565 , キャラ:카완챠
566 , キャラ:쿠쿠노치
567 , キャラ:하오마
568 , キャラ:이그드라실
569 , キャラ:자시키와라시
570 , キャラ:데모니호
571 , キャラ:아틀라스
;572~600, 空き番号
;-------------------------------
;요귀
;-------------------------------
601 , キャラ:화백
602 , キャラ:요모츠시코메
603 , キャラ:유키죠로
604 , キャラ:한냐
605 , キャラ:사라시나히메
606 , キャラ:야크시니
607 , キャラ:다키니
608 , キャラ:아체리
609 , キャラ:아마존
610 , キャラ:다츠에바
611 , キャラ:후구루마
612 , キャラ:이바라키도지
613 , キャラ:토도메키
614 , キャラ:유킨코
615 , キャラ:살로메
616 , キャラ:하리티
617 , キャラ:쟈히
618 , キャラ:죠로구모
619 , キャラ:브샨스타
620 , キャラ:네메시스
621 , キャラ:키키모라
622 , キャラ:라・료로나
623 , キャラ:라마슈투
624 , キャラ:해그
625 , キャラ:클레오파트라
626 , キャラ:머메이드_4F
627 , キャラ:시키가미
;628~650, 空き番号
651 , キャラ:코볼트
652 , キャラ:락샤사
653 , キャラ:오크
654 , キャラ:오니
655 , キャラ:슈텐도지
656 , キャラ:베르세르크
657 , キャラ:모무노후
658 , キャラ:츠치구모
659 , キャラ:테나가
660 , キャラ:아시나가
661 , キャラ:시키오우지
662 , キャラ:누리카베
663 , キャラ:아즈미
664 , キャラ:잇폰다타라
;665, 空き番号
666 , キャラ:웬디고
;667, 空き番号
668 , キャラ:스트리게스
669 , キャラ:킨키
670 , キャラ:후우키
671 , キャラ:스이키
672 , キャラ:온교우키
673 , キャラ:빌뷔스
674 , キャラ:사이클롭스
675 , キャラ:헤카톤케일
676 , キャラ:고즈키
677 , キャラ:메즈키
678 , キャラ:가샤도쿠로
679 , キャラ:그렌델
680 , キャラ:탈로스
681 , キャラ:브리트라_데빌칠드런
682 , キャラ:캇파
683 , キャラ:사오정
684 , キャラ:저팔계
685 , キャラ:예티
686 , キャラ:사악프로스트
687 , キャラ:야크샤
688 , キャラ:오거
689 , キャラ:람데르그
;690~700, 空き番号
;-------------------------------
;용왕
;-------------------------------
701 , キャラ:뷔브르
702 , キャラ:라미아
703 , キャラ:키요히메
704 , キャラ:고르곤
705 , キャラ:백낭자
706 , キャラ:오토히메
707 , キャラ:에키드나
708 , キャラ:티아마트
709 , キャラ:코아틀리쿠에
710 , キャラ:마야_용신
711 , キャラ:우로보로스
712 , キャラ:나기니
713 , キャラ:나가・칸냐
714 , キャラ:카야노히메
715 , キャラ:강가
716 , キャラ:바루나
717 , キャラ:호야우카무이
718 , キャラ:레비아탄
719 , キャラ:여와
720 , キャラ:무찰린다
721 , キャラ:얌
722 , キャラ:카뤼브디스
723 , キャラ:와이번
;724~750, 空き番号
751 , キャラ:웜
752 , キャラ:라돈
753 , キャラ:노즈치
754 , キャラ:나가
755 , キャラ:나가・라쟈
756 , キャラ:타라스크
757 , キャラ:청룡
758 , キャラ:케찰코아틀
759 , キャラ:브리트라
760 , キャラ:니드호그
761 , キャラ:아난타
762 , キャラ:토뵤
763 , キャラ:바질리스크
764 , キャラ:무슈후슈
765 , キャラ:야마타노오로치
766 , キャラ:파프니르
767 , キャラ:바수키
768 , キャラ:야토노카미
769 , キャラ:미즈치
770 , キャラ:이참・나
771 , キャラ:펜드래곤
772 , キャラ:퓌톤
773 , キャラ:쿠엘레브레
;774, 空き番号
775 , キャラ:크로우크루아흐
776 , キャラ:아지・다하카
777 , キャラ:요르문간드
778 , キャラ:촉음
779 , キャラ:이루루얀카슈
780 , キャラ:코우가사부로
781 , キャラ:황룡
782 , キャラ:라합
783 , キャラ:마카라
784 , キャラ:헤이룽
785 , キャラ:암피테르
786 , キャラ:저돈사
;787~800, 空き番号
;-------------------------------
;마수
;-------------------------------
801 , キャラ:네코마타
802 , キャラ:멜뤼지느
803 , キャラ:폰
804 , キャラ:블랙위도우
805 , キャラ:알케니
806 , キャラ:선리
807 , キャラ:타마모
808 , キャラ:스퀼라
809 , キャラ:바스테트
810 , キャラ:체페이_꼬리두개
811 , キャラ:달기
812 , キャラ:키메라
813 , キャラ:라타토스크
814 , キャラ:스핑크스
815 , キャラ:오키쿠무시
816 , キャラ:오키츠네
817 , キャラ:도어마스
818 , キャラ:우카노미타마
;819, 空き番号
820 , キャラ:기린
821 , キャラ:페가수스
822 , キャラ:해치
823 , キャラ:아이라바타
824 , キャラ:세르케트
825 , キャラ:부라크
826 , キャラ:쿠단
827 , キャラ:돈
828 , キャラ:오사키여우
829 , キャラ:쿠즈노하
830 , キャラ:흰여우
831 , キャラ:웨어캣
832 , キャラ:센코
833 , キャラ:카마이타치
;834~843, 空き番号
844 , キャラ:혼돈
845 , キャラ:유니콘
846 , キャラ:궁기
847 , キャラ:카브라칸
848 , キャラ:카타키라우와
849 , キャラ:도올
850 , キャラ:바이콘
851 , キャラ:오르트로스
852 , キャラ:케르베로스
853 , キャラ:이누가미
854 , キャラ:카시
855 , キャラ:누에
856 , キャラ:야츠후사
857 , キャラ:청우괴
858 , キャラ:아누비스
859 , キャラ:나라심하
860 , キャラ:바롱
861 , キャラ:쿨
;862~864, 空き番号
865 , キャラ:벨
;866~868, 空き番号
869 , キャラ:미노타우로스
870 , キャラ:모라
871 , キャラ:펜리르
872 , キャラ:현무
873 , キャラ:백호
874 , キャラ:데스케르베로스
875 , キャラ:헬케르베로스
876 , キャラ:데스그리폰
877 , キャラ:헬그리폰
878 , キャラ:이나바흰토끼
879 , キャラ:카부소
880 , キャラ:세베크
881 , キャラ:곳기
882 , キャラ:솔레온
883 , キャラ:케트시
884 , キャラ:성성이
885 , キャラ:아만
886 , キャラ:가름
887 , キャラ:슬레이프니르
888 , キャラ:베히모스
889 , キャラ:카토블레파스
890 , キャラ:난디
891 , キャラ:하쿠타쿠
892 , キャラ:아피스
893 , キャラ:아오파샤
894 , キャラ:마카미
895 , キャラ:아펩
896 , キャラ:루・가루
897 , キャラ:치론누프
;898~899, 空き番号
900 , キャラ:스내피
;-------------------------------
;요조
;-------------------------------
901 , キャラ:하피
902 , キャラ:모・쇼보
903 , キャラ:오퀴페테
904 , キャラ:켈라이노
905 , キャラ:아에로
906 , キャラ:네반
907 , キャラ:마하
908 , キャラ:모리안
909 , キャラ:고획조
910 , キャラ:메가이라
911 , キャラ:티시포네
912 , キャラ:알렉토
913 , キャラ:흐레스벨그
914 , キャラ:화조
915 , キャラ:바이브・카흐
916 , キャラ:봉황
917 , キャラ:짐
918 , キャラ:칼라드리우스
919 , キャラ:한사
;920~950, 空き番号
951 , キャラ:춍춍
952 , キャラ:모스맨
953 , キャラ:그르르
954 , キャラ:스튐팔리데스
955 , キャラ:필방
;956, 空き番号
957 , キャラ:주작
958 , キャラ:피닉스
959 , キャラ:카마조츠
960 , キャラ:가루다
961 , キャラ:위칠로포치틀리
962 , キャラ:쟈타유
963 , キャラ:야마치치
964 , キャラ:아메노토리후네
965 , キャラ:탁비
966 , キャラ:온모라키
967 , キャラ:이츠마데
968 , キャラ:안주
969 , キャラ:썬더버드
970 , キャラ:루흐
971 , キャラ:야타가라스
972 , キャラ:포다르게
973 , キャラ:니코토에
974 , キャラ:우피오르
975 , キャラ:금시조
;976~1000, 空き番号
;-------------------------------
;외도
;-------------------------------
1001 , キャラ:좀비쨩
1002 , キャラ:좀비너스
1003 , キャラ:하나코
1004 , キャラ:카시마레이코
1005 , キャラ:굴라
1006 , キャラ:도플갱어
1007 , キャラ:맨이터
1008 , キャラ:오시치
1009 , キャラ:쿠치사케
1010 , キャラ:섀도우
1011 , キャラ:사카하기
1012 , キャラ:에리카
1013 , キャラ:색정인연령
1014 , キャラ:크리스틴
1015 , キャラ:엔티티
1016 , キャラ:잭・더・리퍼
1017 , キャラ:비파법사
1018 , キャラ:좀비마우스
1019 , キャラ:데몬덕
;1020~1025, 空き番号
1026 , キャラ:목없는라이더
1027 , キャラ:스피드데몬
1028 , キャラ:슬라임
1029 , キャラ:보디코니언
1030 , キャラ:마카브르
1031 , キャラ:그레이맨
1032 , キャラ:베탈라
1033 , キャラ:피샤차
1034 , キャラ:리치
1035 , キャラ:추렐
1036 , キャラ:드래그퀸
1037 , キャラ:매드가서
1038 , キャラ:백베어드
1039 , キャラ:쿠반다
1040 , キャラ:스트리고이
1041 , キャラ:오바리욘
1042 , キャラ:야카
1043 , キャラ:다크니스
1044 , キャラ:보라색거울
1045 , キャラ:미야스도코로
1046 , キャラ:퀵실버
1047 , キャラ:오바타리온
1048 , キャラ:나아스
1049 , キャラ:왁스워크
1050 , キャラ:올드원
1051 , キャラ:그리미즈
1052 , キャラ:코스모좀비
1053 , キャラ:비야키
;1054, 空き番号
1055 , キャラ:위커맨
1056 , キャラ:어반테러
1057 , キャラ:폴터가이스트
1058 , キャラ:패트리어트
1059 , キャラ:사다코
1060 , キャラ:팔척님
;1061~1069, 空き番号
1070 , キャラ:킬러초퍼
1071 , キャラ:타투맨
;1072~1080, 空き番号
1081 , キャラ:프랑켄
1082 , キャラ:메리씨
1083 , キャラ:좀비독
1084 , キャラ:기리메칼라
1085 , キャラ:쿠드락
1086 , キャラ:워커홀릭
1087 , キャラ:뎁스
1088 , キャラ:부대병
1089 , キャラ:이누이
1090 , キャラ:야코우
1091 , キャラ:좀비사무라이
1092 , キャラ:좀비헌병
1093 , キャラ:아귀
1094 , キャラ:좀비군
1095 , キャラ:좀비캅
1096 , キャラ:좀비아미
1097 , キャラ:야쿠자
1098 , キャラ:콥스
1099 , キャラ:레기온
;1100, 空き番号
;-------------------------------
;머신
;-------------------------------
1101 , キャラ:불의체크맨
1102 , キャラ:얼음의체크맨
1103 , キャラ:천둥의체크맨
1104 , キャラ:바람의체크맨
1105 , キャラ:어둠의체크맨
1106 , キャラ:빛의체크맨
1107 , キャラ:비트볼
1108 , キャラ:라비
1109 , キャラ:슬레이브
1110 , キャラ:데미난디
1111 , キャラ:윈페
1112 , キャラ:무위스_캐롤Ｊ
1113 , キャラ:T95골렘
1114 , キャラ:T95메두사
1115 , キャラ:무위스_머신
1116 , キャラ:나하트
1117 , キャラ:아벤트
1118 , キャラ:팬텀
;1119, 空き番号
1120 , キャラ:Ｐ아미
;1121, 空き番号
1122 , キャラ:Ｚ８０
1123 , キャラ:ＭＳＸ
1124 , キャラ:Ｘ６８
;1125~1200, 空き番号
;-------------------------------
;정령
;-------------------------------
1201 , キャラ:실프
1202 , キャラ:운디네
1203 , キャラ:놈
1204 , キャラ:살라만더
1205 , キャラ:뷔디네
;1206~1300, 空き番号
;-------------------------------
;어령
;-------------------------------
1301 , キャラ:아라미타마
1302 , キャラ:니기미타마
1303 , キャラ:쿠시미타마
1304 , キャラ:사키미타마
;1305~1400, 空き番号
;-------------------------------
;귀신
;-------------------------------
1401 , キャラ:증장천
1402 , キャラ:광목천
1403 , キャラ:지국천
1404 , キャラ:비사문천
1405 , キャラ:스사노오
1406 , キャラ:토르
1407 , キャラ:타케미나카타
1408 , キャラ:아라하바키
1409 , キャラ:후토미미
1410 , キャラ:스쿠나히코나
1411 , キャラ:아레스
1412 , キャラ:토나티우
1413 , キャラ:하리・하라
1414 , キャラ:시바
1415 , キャラ:인드라지트
1416 , キャラ:제천대성
1417 , キャラ:트리글라프
;1418, 空き番号
1419 , キャラ:카르티케야
1420 , キャラ:후츠누시
1421 , キャラ:오오야마츠미
1422 , キャラ:오오쿠니누시
1423 , キャラ:마하칼라
1424 , キャラ:부동명왕
1425 , キャラ:자오곤겐
1426 , キャラ:북두성군
1427 , キャラ:염라대왕
1428 , キャラ:타케미카즈치
1429 , キャラ:히노카구츠치
1430 , キャラ:오모이카네
1431 , キャラ:다지카라오
1432 , キャラ:사루타히코
1433 , キャラ:고토시로누시
1434 , キャラ:히토코토누시
1435 , キャラ:나가스네히코
1436 , キャラ:아마츠미카보시
1437 , キャラ:아수라왕
1438 , キャラ:미트라보살
1439 , キャラ:디오니소스
;1440~1500, 空き番号
;-------------------------------
;마신
;-------------------------------
1501 , キャラ:츠쿠요미
1502 , キャラ:아케트라브
1503 , キャラ:세탄타
1504 , キャラ:불카누스
1505 , キャラ:인드라
1506 , キャラ:프로메테우스
1507 , キャラ:오딘
1508 , キャラ:아메노후토타마
;1509, 空き番号
1510 , キャラ:미륵보살
;1511, 空き番号
1512 , キャラ:비슈누
1513 , キャラ:브라흐마
1514 , キャラ:아르다
1515 , キャラ:오메테오틀
1516 , キャラ:프레이
1517 , キャラ:토트
1518 , キャラ:비로샤나
1519 , キャラ:호루스
1520 , キャラ:오시리스
1521 , キャラ:제우스
1522 , キャラ:루그
1523 , キャラ:비비사나
;1524, 空き番号
1525 , キャラ:아타파구
1526 , キャラ:미트라
1527 , キャラ:아조트
1528 , キャラ:남두성군
1529 , キャラ:벨로보그
1530 , キャラ:아후라마즈다
1531 , キャラ:바알
1532 , キャラ:마르두크
1533 , キャラ:칼키
1534 , キャラ:크리슈나
1535 , キャラ:인티
1536 , キャラ:다그자
1537 , キャラ:베레트라그나
1538 , キャラ:아문・라
1539 , キャラ:제우스_Ⅴ
;1540~1549, 空き番号
1550 , キャラ:카마
;1551~1559, 空き番号
1560 , キャラ:하치만
1561 , キャラ:아푸스
1562 , キャラ:라
1563 , キャラ:네코쇼군
;1564~1600, 空き番号
;-------------------------------
;사신
;-------------------------------
1601 , キャラ:페르세포네
1602 , キャラ:익스타브
1603 , キャラ:슈브＝니그라스
1604 , キャラ:이타콰
1605 , キャラ:크투가
1606 , キャラ:하스터
1607 , キャラ:맘몬
1608 , キャラ:모트
1609 , キャラ:알시엘
1610 , キャラ:사투르누스
1611 , キャラ:카나로아
1612 , キャラ:팔레스
1613 , キャラ:게데
1614 , キャラ:오르쿠스
1615 , キャラ:헬
1616 , キャラ:케르눈노스
1617 , キャラ:파주주
1618 , キャラ:바포멧트
1619 , キャラ:테스카틀리포카
1620 , キャラ:크툴루
1621 , キャラ:다곤
1622 , キャラ:다곤_데빌칠드런
1623 , キャラ:빠챠카마쿠
1624 , キャラ:마다
1625 , キャラ:도철
1626 , キャラ:데미우르고스
1627 , キャラ:체르노보그
1628 , キャラ:미샤구지님
1629 , キャラ:세트
1630 , キャラ:앙쿠
1631 , キャラ:타나토스
1632 , キャラ:에레쉬키갈
1633 , キャラ:니알라토텝
1634 , キャラ:쟈신
1635 , キャラ:테쿠시스테카틀
1636 , キャラ:라흐무
;1637~1700, 空き番号
;-------------------------------
;타천사
;-------------------------------
1701 , キャラ:안드라스
1702 , キャラ:가기손
1703 , キャラ:엘리고르
1704 , キャラ:오세
1705 , キャラ:데카라비아
1706 , キャラ:아가레스
1707 , キャラ:무르무르
1708 , キャラ:단탈리온
1709 , キャラ:포르네우스
1710 , キャラ:네비로스
1711 , キャラ:세에레
1712 , キャラ:시트리
1713 , キャラ:레오나르도
1714 , キャラ:플라로우스
1715 , キャラ:보티스
1716 , キャラ:오로바스
1717 , キャラ:바르바토스
1718 , キャラ:데모고르곤
1719 , キャラ:오리아스
1720 , キャラ:멜콤
1721 , キャラ:단탈리안
1722 , キャラ:비프론스
1723 , キャラ:크자판
1724 , キャラ:하겐티
1725 , キャラ:로노웨
1726 , キャラ:니스록
1727 , キャラ:암두시아스
1728 , キャラ:가프
1729 , キャラ:카임
1730 , キャラ:아드라멜렉
1731 , キャラ:가미긴
1732 , キャラ:발로그
;1733~1749, 空き番号
1750 , キャラ:말파스
1751 , キャラ:할파스
1752 , キャラ:마르코시아스
1753 , キャラ:제파르
1754 , キャラ:베파르
1755 , キャラ:부네
1756 , キャラ:벨레트
1757 , キャラ:볼락
1758 , キャラ:키마리스
1759 , キャラ:사마엘
1760 , キャラ:레라지에
1761 , キャラ:아임
1762 , キャラ:이포스
;1763~1798, 空き番号
1799 , キャラ:루시퍼
;1800~1802, 空き番号
1803 , キャラ:아그라트
;1804~3000, 空き番号
;-------------------------------
;광인
;-------------------------------
3001 , キャラ:두베
3002 , キャラ:메라크
3003 , キャラ:페크다
3004 , キャラ:메그레즈
3005 , キャラ:알리오트
3006 , キャラ:미자르
3007 , キャラ:베네트나쉬
3008 , キャラ:알코르
;3009~3010, 空き番号
3011 , キャラ:미자르분체
3012 , キャラ:데네볼라
3013 , キャラ:스피카
;3014~3100, 空き番号
;-------------------------------
;괴이
;-------------------------------
3101 , キャラ:펑크스
3102 , キャラ:킹즈헤드
3103 , キャラ:메탈
3104 , キャラ:하이웨이스타
3105 , キャラ:프라이데이
3106 , キャラ:파계승
3107 , キャラ:뮤턴트
3108 , キャラ:어새신
3109 , キャラ:광신자
3110 , キャラ:템플나이트
3111 , キャラ:오니죠로
;3112, 空き番号
3113 , キャラ:정키
3114 , キャラ:가면성
3115 , キャラ:특공대
3116 , キャラ:부쳐
3117 , キャラ:바알병
3118 , キャラ:다크서머너
3119 , キャラ:지라이야
3120 , キャラ:괴뢰자
3121 , キャラ:암법사
3122 , キャラ:네오파이트
3123 , キャラ:메이거스
3124 , キャラ:스캐너
3125 , キャラ:터미네이터
3126 , キャラ:어뎁트
3127 , キャラ:떠돌이무녀
3128 , キャラ:템플나이트_여성
;3129, 空き番号
3130 , キャラ:루테넌트
3131 , キャラ:서전트
3132 , キャラ:레지스탕스
;3133~3200, 空き番号
;-------------------------------
;보스전용
;-------------------------------
3201 , キャラ:거둬들이는자
3202 , キャラ:겁쟁이마야
3203 , キャラ:속삭이는티아라
3204 , キャラ:광애의큐피드
3205 , キャラ:F윗치
3206 , キャラ:V이글
3207 , キャラ:T트윈즈
3208 , キャラ:소울댄서
3209 , キャラ:광기의성전
;3210~3212, 空き番号
3213 , キャラ:B다이스
3214 , キャラ:우는테이블
3215 , キャラ:F마담
3216 , キャラ:정욕의뱀
3217 , キャラ:생성의조각상
3218 , キャラ:정신의다이스
;3219~3221, 空き番号
3222 , キャラ:D트윈즈
3223 , キャラ:해방의마리아
3224 , キャラ:박애의큐피드
3225 , キャラ:탐욕의마야
3226 , キャラ:영구의모래시계
3227 , キャラ:백랑의여무사
3228 , キャラ:인텔리마구스
3229 , キャラ:희생의마야
;3230, 空き番号
3231 , キャラ:그랜드마구스
3232 , キャラ:광란의마리아
3233 , キャラ:디바인마더
3234 , キャラ:흰색시지르
3235 , キャラ:음욕의뱀
3236 , キャラ:천신의여무사
3237 , キャラ:F퀸
3238 , キャラ:영원의모래시계
3239 , キャラ:무의거인
3240 , キャラ:드라이테키
3241 , キャラ:천계의페세
3242 , キャラ:비가쏟아지는성
3243 , キャラ:쿠니노사기리
3244 , キャラ:피스티루마자
3245 , キャラ:애욕의뱀
;3246~3250, 空き番号
3251 , キャラ:사갑충
3252 , キャラ:H애니멀
3253 , キャラ:강철의기가스
3254 , キャラ:R포트
;3255~3256, 空き番号
3257 , キャラ:풍뢰의밸런서
3258 , キャラ:교조의탑
3259 , キャラ:황금충
3260 , キャラ:정의의검
;3261~3263, 空き番号
3264 , キャラ:미노타4호
3265 , キャラ:마탄의포좌
;3266~3268, 空き番号
3269 , キャラ:투혼의기가스
;3270~3272, 空き番号
3273 , キャラ:선망의거인
;3274, 空き番号
3275 , キャラ:아메노사기리
3276 , キャラ:전능밸런서
;3277, 空き番号
3278 , キャラ:심판의검
3279 , キャラ:진홍의포좌
3280 , キャラ:개선의기사
3281 , キャラ:도화의뇨고
3282 , キャラ:비동풍의여무사
3283 , キャラ:피의헤카톤케일
3284 , キャラ:킹캐슬
3285 , キャラ:세례의포좌
3286 , キャラ:아스테리오스
;3287~3297, 空き番号
3298 , キャラ:에레보스
3299 , キャラ:뉵스아바타
;3300, 空き番号
;-------------------------------
;
;-------------------------------
3301 , キャラ:가짜ＹＨＶＨ
;3302, 空き番号
3303 , キャラ:유리아_원령
3304 , キャラ:스피디
3305 , キャラ:미키야
3306 , キャラ:오르곤고스트
;3307, 空き番号
3308 , キャラ:샤다이
3309 , キャラ:엘로힘
3310 , キャラ:체바오트
3311 , キャラ:폴라리스
3312 , キャラ:야소마가츠히
3313 , キャラ:오오마가츠히
3314 , キャラ:하리・하라_보스용
3315 , キャラ:돌연변이데미난디
3316 , キャラ:옵신
3317 , キャラ:그리드
3318 , キャラ:질러시
3319 , キャラ:벨리커시티
3320 , キャラ:레이지니스
3321 , キャラ:앨러건스
3322 , キャラ:프리스티스
3323 , キャラ:엠프레스
3324 , キャラ:엠퍼러
3325 , キャラ:하이에로펀트
3326 , キャラ:러버즈
3327 , キャラ:체리엇
3328 , キャラ:저스티스
3329 , キャラ:허밋
3330 , キャラ:포츈
3331 , キャラ:스트렝스
3332 , キャラ:행드맨
3333 , キャラ:석상
3334 , キャラ:마인드아마네
3335 , キャラ:섀도우리세
3336 , キャラ:칸지의그림자
3337 , キャラ:나이스가이
3338 , キャラ:터프가이
3339 , キャラ:치에의그림자
3340 , キャラ:유키코의그림자
3341 , キャラ:백마탄왕자님
3342 , キャラ:그림자에가려진남자
;3343~3349, 空き番号
3350 , キャラ:셰키나
3351 , キャラ:플루토
3352 , キャラ:에인션트데이
;3353~3383, 空き番号
3384 , キャラ:악마호무라
3385 , キャラ:LILIA
3386 , キャラ:LUISELOTTE
3387 , キャラ:LOTTE
3388 , キャラ:분홍-씨
3389 , キャラ:빨강-씨
3390 , キャラ:Holger
3391 , キャラ:Klarissa
3392 , キャラ:Homulilly
3393 , キャラ:Ophelia
3394 , キャラ:Candeloro
3395 , キャラ:Gertrud
3396 , キャラ:발푸르기스의밤
3397 , キャラ:Kriemhild
3398 , キャラ:Charlotte
3399 , キャラ:Oktavia
;3400, 空き番号
3401 , キャラ:홀리마미
3402 , キャラ:쿠로_익명희망
3403 , キャラ:Matasaburo
;3404~3500, 空き番号
3501 , キャラ:당신의딸
3502 , キャラ:노예의딸
3503 , キャラ:단테
3504 , キャラ:버질
3505 , キャラ:트리쉬_DMC
3506 , キャラ:스미레
;3507~3700, 空き番号
3701 , キャラ:체페이_꼬리세개
3702 , キャラ:체페이_꼬리네개
3703 , キャラ:체페이_꼬리다섯개
3704 , キャラ:체페이_꼬리여섯개
3705 , キャラ:체페이_꼬리일곱개
3706 , キャラ:체페이_꼬리여덣개
3707 , キャラ:체페이_꼬리아홉개
;3708~3710, 空き番号
3711 , キャラ:엔젤_대천사
3712 , キャラ:엔젤_권천사
3713 , キャラ:엔젤_능천사
3714 , キャラ:엔젤_역천사
3715 , キャラ:엔젤_주천사
3716 , キャラ:엔젤_좌천사
3717 , キャラ:엔젤_지천사
3718 , キャラ:엔젤_치천사
3719 , キャラ:쿨2_데스케르베로스
3720 , キャラ:쿨3_헬케르베로스
3721 , キャラ:쿨4_킹케르베로스
3722 , キャラ:벨2_데스그리폰
3723 , キャラ:벨3_헬그리폰
3724 , キャラ:벨4_킹그리폰
;3725~3800, 空き番号
3801 , キャラ:하야그리바_링크전용
3802 , キャラ:우샤스_링크전용
3803 , キャラ:바루나_링크전용
3804 , キャラ:프리티비_링크전용
3805 , キャラ:아그니_링크전용
3806 , キャラ:바유_링크전용
3807 , キャラ:댜우스_링크전용
3808 , キャラ:바알_링크전용
3809 , キャラ:스라오샤_링크전용
3810 , キャラ:마라_링크전용
3811 , キャラ:이슈타르_링크전용
3812 , キャラ:발키리_링크전용
3813 , キャラ:여신마라_링크전용
3814 , キャラ:이참・나_링크전용
3815 , キャラ:가장새로운신_링크전용
3816 , キャラ:사라스바티_링크전용
3817 , キャラ:인드라_링크전용
3818 , キャラ:바루나니_링크전용
3819 , キャラ:아몬_링크전용
3820 , キャラ:세이렌_링크전용
3821 , キャラ:하리・하라_링크전용
3822 , キャラ:토르_진노코시로
3823 , キャラ:루그＝라우파다_링크전용
3824 , キャラ:요시츠네_나기
3825 , キャラ:아몬_if
3826 , キャラ:베히모스_링크전용
3827 , キャラ:레비아탄_링크전용
3828 , キャラ:케르베로스_링크전용
3829 , キャラ:스핑크스_링크전용
3830 , キャラ:아타바크_링크전용
;3831~3850, 空き番号
3851 , キャラ:에키드나_링크전용
3852 , キャラ:클레이모어_링크전용
3853 , キャラ:쇼텔_링크전용
;3854~3860, 空き番号
3861 , キャラ:서큐버스_링크전용
3862 , キャラ:빠른자오퀴페테_링크전용
3863 , キャラ:찬탈자오세_링크전용
3864 , キャラ:황제아즈라엘_링크전용
;3865~3869, 空き番号
3870 , キャラ:백호_링크전용
;3871~3900, 空き番号
;-------------------------------
;페르소나전용
;-------------------------------
3901 , キャラ:베르단디_페르소나
3902 , キャラ:가브리엘_페르소나
3903 , キャラ:프레이아_페르소나
3904 , キャラ:비슈누_페르소나
3905 , キャラ:마소_페르소나
3906 , キャラ:두르가_페르소나
3907 , キャラ:네반_페르소나
3908 , キャラ:틸_페르소나
3909 , キャラ:상드리용_페르소나
3910 , キャラ:아낫_페르소나
3911 , キャラ:요한나_페르소나
3912 , キャラ:헤카테_P5
3913 , キャラ:카르멘_페르소나
3914 , キャラ:제천대성_페르소나
3915 , キャラ:캡틴・키드_페르소나
3916 , キャラ:카무스사노오_페르소나
3917 , キャラ:고에몬_페르소나
3918 , キャラ:아스타르테_페르소나
3919 , キャラ:밀라디_페르소나
3920 , キャラ:네크로노미콘_페르소나
3921 , キャラ:프로메테우스_P5
3922 , キャラ:조로_페르소나
3923 , キャラ:메르쿠리우스_페르소나
3924 , キャラ:아르센_페르소나
3925 , キャラ:마이아・개_페르소나
3926 , キャラ:아르테미스_페르소나
3927 , キャラ:에로스・개_페르소나
3928 , キャラ:비너스_페르소나
3929 , キャラ:아에슈마2
3930 , キャラ:아에슈마3
3931 , キャラ:파리카2
3932 , キャラ:파리카3
3933 , キャラ:칼리스토_페르소나
3934 , キャラ:아스테리아_페르소나
3935 , キャラ:불카누스・개_페르소나
3936 , キャラ:아폴로_페르소나
3937 , キャラ:라다만티스_페르소나
3938 , キャラ:하데스_페르소나
3939 , キャラ:헤르메스_페르소나
3940 , キャラ:크로노스_페르소나
3941 , キャラ:헬리오스_페르소나
3942 , キャラ:휘페리온_페르소나
3943 , キャラ:오디세우스_페르소나
3944 , キャラ:프로메테우스_페르소나
3945 , キャラ:바나디스_페르소나
3946 , キャラ:니알랏토텝_약
3947 , キャラ:엘라_페르소나
3948 , キャラ:청면금강_페르소나
3949 , キャラ:아문・라_페르소나
3950 , キャラ:이오_페르소나
3951 , キャラ:이시스_P3
3952 , キャラ:펜테실레이아_페르소나
3953 , キャラ:아르테미시아_페르소나
3954 , キャラ:팔라디온_페르소나
3955 , キャラ:아테나_페르소나
3956 , キャラ:오르페우스_페르소나
3957 , キャラ:타나토스_페르소나
3958 , キャラ:메사이어_페르소나
3959 , キャラ:루키아_페르소나
3960 , キャラ:유노_페르소나
3961 , キャラ:헤르메스_P3
3962 , キャラ:트리스메기스투스_페르소나
3963 , キャラ:폴리듀케스_페르소나
3964 , キャラ:카이사르_페르소나
3965 , キャラ:네메시스_페르소나
3966 , キャラ:칼라・네미_페르소나
3967 , キャラ:케르베로스_페르소나
3968 , キャラ:카스토르_페르소나
3969 , キャラ:메데이아_페르소나
3970 , キャラ:이자나기노오오카미_페르소나_P4
3971 , キャラ:사타나엘_페르소나
3972 , キャラ:프쉬케_페르소나
3973 , キャラ:카무이모시리_페르소나
3974 , キャラ:오르페우스・개_페르소나
3975 , キャラ:이자나기노오오카미_페르소나
3976 , キャラ:아리아드네_페르소나
3977 , キャラ:요시츠네_페르소나
3978 , キャラ:마가츠이자나기_페르소나
3979 , キャラ:하라에돈오오카미_페르소나
3980 , キャラ:야마토타케루_페르소나
3981 , キャラ:스메오오미카미_페르소나
3982 , キャラ:타케하야스사노오_페르소나
3983 , キャラ:광세음_페르소나
3984 , キャラ:타화자재천_페르소나
3985 , キャラ:로빈후드_페르소나
3986 , キャラ:이자나기_페르소나
3987 , キャラ:야마토스메라미코토_페르소나
3988 , キャラ:킨토키도우지_페르소나
3989 , キャラ:카무이_페르소나
3990 , キャラ:히미코_페르소나
3991 , キャラ:관세음_페르소나
3992 , キャラ:토모에_페르소나
3993 , キャラ:스즈카고젠_페르소나
3994 , キャラ:코노하나사쿠야_페르소나
3995 , キャラ:아마테라스_페르소나
3996 , キャラ:지라이야_페르소나
3997 , キャラ:스사노오_페르소나
3998 , キャラ:타케미카즈치_페르소나
3999 , キャラ:육천마왕_페르소나
;4000, 空き番号
;-------------------------------
;페르소나２
;-------------------------------
4001 , キャラ:황소가면
4002 , キャラ:사자가면
4003 , キャラ:전갈가면
4004 , キャラ:물병가면
4005 , キャラ:레이디
4006 , キャラ:이슈킥
4007 , キャラ:스오우 타츠야
4008 , キャラ:토러스
4009 , キャラ:린다
4010 , キャラ:킹・레오
4011 , キャラ:부키미쨩
4012 , キャラ:한냐교장
4013 , キャラ:ＪＯＫＥＲ노리코
4014 , キャラ:미시나 에이키치
4015 , キャラ:황소가면Ｒ
4016 , キャラ:사자가면Ｒ
4017 , キャラ:전갈가면Ｒ
4018 , キャラ:물병가면Ｒ
4019 , キャラ:Ｓ졸다트
4020 , キャラ:Ｍ졸다트
4021 , キャラ:Ｓ슛체
4022 , キャラ:Ｖ크래프트
4023 , キャラ:코만단트
4024 , キャラ:롱기누스１３
4025 , キャラ:롱기누스１２
4026 , キャラ:롱기누스１１
4027 , キャラ:롱기누스１０
4028 , キャラ:롱기누스９
4029 , キャラ:롱기누스８
4030 , キャラ:롱기누스７
4031 , キャラ:롱기누스６
4032 , キャラ:롱기누스５
4033 , キャラ:롱기누스４
4034 , キャラ:롱기누스３
4035 , キャラ:롱기누스２
4036 , キャラ:롱기누스１
4037 , キャラ:조커
4038 , キャラ:엔젤조커
4039 , キャラ:메탈・맘
4040 , キャラ:판렌
4041 , キャラ:류우만
4042 , キャラ:쇼고스
4043 , キャラ:스도타츠야
4044 , キャラ:ＪＯＫＥＲ우라라
4045 , キャラ:헬제엔
4046 , キャラ:Ｍ첸타오아
4047 , キャラ:친위대
4048 , キャラ:메탈・드랏헤
4049 , キャラ:포론틱１
4050 , キャラ:포론틱２
4051 , キャラ:포론틱３
4052 , キャラ:포론틱４
4053 , キャラ:포론틱５
4054 , キャラ:퓌러
4055 , キャラ:시마즈관리관
4056 , キャラ:SAT
;4057~4100, 空き番号
;-------------------------------
;마인
;-------------------------------
4101 , キャラ:마타도르
4102 , キャラ:헬즈엔젤
4103 , キャラ:대승정
4104 , キャラ:앨리스
4105 , キャラ:사악프로스트_마인
4106 , キャラ:마더해롯
4107 , キャラ:화이트라이더
4108 , キャラ:레드라이더
4109 , キャラ:블랙라이더
4110 , キャラ:페일라이더
4111 , キャラ:하세베
4112 , キャラ:트럼페터
4113 , キャラ:아도니스
4114 , キャラ:모자합체악마인
;4115~4124, 空き番号
4125 , キャラ:고스트Ｑ
;4126~4196, 空き番号
4197 , キャラ:치아키
;4198~4200, 空き番号
;-------------------------------
;초인
;-------------------------------
4201 , キャラ:도우만
4202 , キャラ:마신황하자마
4203 , キャラ:SSS
4204 , キャラ:칸도리
4205 , キャラ:갓칸도리
4206 , キャラ:혼다의망령
;4207, 空き番号
4208 , キャラ:고토우_적전용
4209 , キャラ:레드・베어
4210 , キャラ:오오츠키
;4211, 空き番号
4212 , キャラ:블랙맨
4213 , キャラ:다레스_초인
4214 , キャラ:닌자
;4215, 空き番号
4216 , キャラ:우라베
4217 , キャラ:집스국원
4218 , キャラ:적로나우도
4219 , キャラ:로우히어로
4220 , キャラ:카오스히어로
4221 , キャラ:텐도우
4222 , キャラ:아이작
4223 , キャラ:피네건
4224 , キャラ:시드_적전용
4225 , キャラ:오우한_보스
;4226~4300, 空き番号
;-------------------------------
;영웅
;-------------------------------
4301 , キャラ:쿠・훌린
4302 , キャラ:쟌느
4303 , キャラ:라마
4304 , キャラ:길가메시
4305 , キャラ:킨타로
4306 , キャラ:사카타노킨토키
4307 , キャラ:지크프리트
4308 , キャラ:관성제군
4309 , キャラ:현장
4310 , キャラ:야마토타케루
4311 , キャラ:마사카도
4312 , キャラ:황제
4313 , キャラ:호그니
4314 , キャラ:요시츠네
4315 , キャラ:프로스트파이브
4316 , キャラ:아서
4317 , キャラ:토키사다
4318 , キャラ:디어르머드
4319 , キャラ:브륀힐드_영웅
4320 , キャラ:갤러해드
;4321~4348, 空き番号
4349 , キャラ:이삭
4350 , キャラ:제육천마왕
4351 , キャラ:프랑켄_데빌칠드런
;4352~4388, 空き番号
4389 , キャラ:나기사
4390 , キャラ:호무라_U-U
4391 , キャラ:원환의이치
4392 , キャラ:키리카
4393 , キャラ:오리코
4394 , キャラ:유마
4395 , キャラ:쿄코
4396 , キャラ:사야카
4397 , キャラ:마미
4398 , キャラ:호무라
4399 , キャラ:마도카
;4400~4401, 空き番号
4402 , キャラ:조마
4403 , キャラ:Ｐ・가르강튀아
4404 , キャラ:나나_소울해커즈
4405 , キャラ:제논
;4406~4590, 空き番号
4591 , キャラ:STF대원
;4592~4799, 空き番号
4800 , キャラ:레이무
4801 , キャラ:마리사
4802 , キャラ:루미아
4803 , キャラ:대요정
4804 , キャラ:치르노
4805 , キャラ:메이링
4806 , キャラ:소악마
4807 , キャラ:파츄리
4808 , キャラ:사쿠야
4809 , キャラ:레밀리아
4810 , キャラ:플랑
4811 , キャラ:레티
4812 , キャラ:첸
4813 , キャラ:앨리스・Ｍ
4814 , キャラ:릴리화이트
4815 , キャラ:리리카
4816 , キャラ:메를랑
4817 , キャラ:루나사
4818 , キャラ:요우무
4819 , キャラ:유유코
4820 , キャラ:란
4821 , キャラ:유카리_동방
4822 , キャラ:스이카
4823 , キャラ:리글
4824 , キャラ:미스티아
4825 , キャラ:케이네
4826 , キャラ:테위
4827 , キャラ:레이센
4828 , キャラ:에이린
4829 , キャラ:카구야_동방
4830 , キャラ:모코우
4831 , キャラ:아야
4832 , キャラ:메디슨
4833 , キャラ:유카
4834 , キャラ:코마치
4835 , キャラ:에이키
4836 , キャラ:시즈하
4837 , キャラ:미노리코
4838 , キャラ:히나
4839 , キャラ:니토리
4840 , キャラ:모미지_동방
4841 , キャラ:사나에
4842 , キャラ:카나코
4843 , キャラ:스와코
4844 , キャラ:서니
4845 , キャラ:루나차일드
4846 , キャラ:스타
;4847~4849, 空き番号
4850 , キャラ:이쿠
4851 , キャラ:텐시
4852 , キャラ:토요히메
4853 , キャラ:요리히메
;4854, 空き番号
4855 , キャラ:릴리블랙
4856 , キャラ:키스메
4857 , キャラ:야마메
4858 , キャラ:파르시
4859 , キャラ:유우기
4860 , キャラ:사토리
4861 , キャラ:오린
4862 , キャラ:우츠호
4863 , キャラ:코이시
4864 , キャラ:토키코
;4865~4866, 空き番号
4867 , キャラ:나즈린
4868 , キャラ:코가사
4869 , キャラ:이치린
;4870, 空き番号
4871 , キャラ:무라사
4872 , キャラ:쇼
4873 , キャラ:바쿠렌
4874 , キャラ:누에_동방
4875 , キャラ:하타테
4876 , キャラ:카센
4877 , キャラ:쿄코_동방
4878 , キャラ:요시카
4879 , キャラ:청아
4880 , キャラ:토지코
4881 , キャラ:후토
4882 , キャラ:미코
4883 , キャラ:마미조우
4884 , キャラ:케이네_백택
4885 , キャラ:렌코
4886 , キャラ:메리_환상향
4887 , キャラ:미토리
4888 , キャラ:아큐
;4889~4892, 空き番号
4893 , キャラ:Ａ・치르노
;4894~4900, 空き番号
4901 , キャラ:P・S구성원
4902 , キャラ:흔한고교생
4903 , キャラ:무명의초등학생
4904 , キャラ:메시아교도
4905 , キャラ:가이아교도
4906 , キャラ:무명의중학생
4907 , キャラ:무명의고등학생
4908 , キャラ:무명의대학생
4909 , キャラ:무명의프리터
4910 , キャラ:무명의사회인
4911 , キャラ:악마인
4912 , キャラ:마계인
;4913~4919, 空き番号
4920 , キャラ:블랭크캐릭터
;4921~4980, 空き番号
4981 , キャラ:사쿠라
4982 , キャラ:카렌
4983 , キャラ:바제트
4984 , キャラ:이리야
4985 , キャラ:라니
4986 , キャラ:신지
4987 , キャラ:린Fate
4988 , キャラ:호무라_NPM
4989 , キャラ:마도카_NPM
4990 , キャラ:T씨
;4991~4997, 空き番号
4998 , キャラ:다크서머너_구당신
4999 , キャラ:당신
;5000, 空き番号
5001 , キャラ:우마
5002 , キャラ:모히니
5003 , キャラ:브리타니아
5004 , キャラ:다유
5005 , キャラ:프레신
5006 , キャラ:미즈하노메
5007 , キャラ:신모라
5008 , キャラ:소피아
5009 , キャラ:에리스
5010 , キャラ:칼리카
5011 , キャラ:시귄
5012 , キャラ:샤나
5013 , キャラ:카샤
5014 , キャラ:폴리아후
5015 , キャラ:라이카
5016 , キャラ:나아마
5017 , キャラ:흐노스
5018 , キャラ:지브릴
5019 , キャラ:마하마유리
5020 , キャラ:모미지
5021 , キャラ:바실리스크
5022 , キャラ:닌카시
5023 , キャラ:모코시
5024 , キャラ:하우소스
5025 , キャラ:라이마
5026 , キャラ:비샤칸야
5027 , キャラ:토아신
5028 , キャラ:프리아포스
5029 , キャラ:쿠루피라
5030 , キャラ:라바린자
5031 , キャラ:보이타타
5032 , キャラ:코르포・세쿠
5033 , キャラ:물라・셍・까베사
5034 , キャラ:엔칸타도
5035 , キャラ:블러디・핑거스
5036 , キャラ:백미신
;5037~5049, 空き番号
5050 , キャラ:시온
5051 , キャラ:사츠키
5052 , キャラ:아키하
5053 , キャラ:알퀘이드
5054 , キャラ:시엘
5055 , キャラ:시키
5056 , キャラ:히스이
5057 , キャラ:코하쿠
5058 , キャラ:렌
5059 , キャラ:하얀렌
5060 , キャラ:네로・카오스
5061 , キャラ:리즈
5062 , キャラ:왈라키아의밤
5063 , キャラ:아오코
5064 , キャラ:나나야
5065 , キャラ:오시리스의모래
5066 , キャラ:코우마
;5067~5069, 空き番号
5070 , キャラ:파랑세이버
5071 , キャラ:빨강세이버
5072 , キャラ:빨강랜서
5073 , キャラ:캐스여우
5074 , キャラ:쟌느・얼터
5075 , キャラ:멜트릴리스
5076 , キャラ:캐스터
5077 , キャラ:어새신_하산
5078 , キャラ:버서커
5079 , キャラ:메두사_Fate
5080 , キャラ:아처
5081 , キャラ:패션립
5082 , キャラ:쿠훌린_창
5083 , キャラ:수수께끼의히로인X
5084 , キャラ:수수께끼의히로인X얼터
5085 , キャラ:어새신_만화
5086 , キャラ:앙리마유
5087 , キャラ:만드리카르도
5088 , キャラ:오키타소지
5089 , キャラ:바반시
5090 , キャラ:엘레나
5091 , キャラ:카마마라
5092 , キャラ:카밀라
5093 , キャラ:메데이아릴리
5094 , キャラ:버니언
5095 , キャラ:아스톨포
;5096~5097, 空き番号
5098 , キャラ:ＦＫ・랜슬롯
5099 , キャラ:호타루
;5100~5199, 空き番号
5200 , キャラ:마나카
5201 , キャラ:린코
5202 , キャラ:네네
5203 , キャラ:아키라_무대소녀
5204 , キャラ:미즈키_마작
5205 , キャラ:아야_SRM
5206 , キャラ:레비
5207 , キャラ:슈텔
5208 , キャラ:디아체
5209 , キャラ:유리_나노하
5210 , キャラ:리스
5211 , キャラ:안젤라
5212 , キャラ:샤를로트
5213 , キャラ:티파
5214 , キャラ:우이
5215 , キャラ:제퓨티_베이커리작전
5216 , キャラ:샤미코
5217 , キャラ:치이카와_치이카와
5218 , キャラ:펜치
5219 , キャラ:킬러머신_DQ
5220 , キャラ:가렌
5221 , キャラ:람스테어
5222 , キャラ:아리엘
5223 , キャラ:미리엘
5224 , キャラ:뱀파이어레이디
5225 , キャラ:에레킹씨
5226 , キャラ:코즈피
5227 , キャラ:히타
5228 , キャラ:에리아
5229 , キャラ:윈
5230 , キャラ:아우스
5231 , キャラ:블랙매지션걸
5232 , キャラ:라뷰린스
5233 , キャラ:류카
5234 , キャラ:쿠사나기모토코
5235 , キャラ:리나_인버스
5236 , キャラ:밀피오레
5237 , キャラ:고어・마가라
5238 , キャラ:라이너
5239 , キャラ:달크
5240 , キャラ:요미_아라카
5241 , キャラ:아리안나
5242 , キャラ:아리안느
5243 , キャラ:치이카와_하치와레
5244 , キャラ:치이카와_우사기
5245 , キャラ:블랙매지션
5246 , キャラ:HO크립터
5247 , キャラ:레드랜섬
5248 , キャラ:화이트바인더
5249 , キャラ:화이트래빗
5250 , キャラ:도마우스
5251 , キャラ:체셔캣
5252 , キャラ:비르투오사
5253 , キャラ:스즈란
5254 , キャラ:사키히메
5255 , キャラ:머드락
5256 , キャラ:마스캣
5257 , キャラ:시라이시_킨키
5258 , キャラ:아야네_킨키
5259 , キャラ:카와시마_킨키
5260 , キャラ:하네카와츠바사
5261 , キャラ:사와리네코_링크전용
5262 , キャラ:센조가하라히타기
5263 , キャラ:칸바루스루가
5264 , キャラ:하치쿠지마요이
5265 , キャラ:하나_우자키
5266 , キャラ:츠키_우자키
5267 , キャラ:야나기_우자키
5268 , キャラ:마리_블루아카
5269 , キャラ:마치헤어
5270 , キャラ:스메라기우츠츠
5271 , キャラ:메데이아
5272 , キャラ:순교자
5273 , キャラ:리인포스
5274 , キャラ:사쿠라_CC사쿠라
5275 , キャラ:토모요
5276 , キャラ:미하리
5277 , キャラ:마히로
5278 , キャラ:다크니스_VIPRPG
5279 , キャラ:스톤Ⅰ_VIPRPG
5280 , キャラ:퀵무브
5281 , キャラ:미스트랄_VIPRPG
5282 , キャラ:유메_대악사
5283 , キャラ:요우코
5284 , キャラ:하루카
5285 , キャラ:네네_대악사
5286 , キャラ:아리아스
5287 , キャラ:블러드서스트
5288 , キャラ:에큐트
5289 , キャラ:히마리
5290 , キャラ:호시노
5291 , キャラ:불피스폴리아
5292 , キャラ:히나게시
5293 , キャラ:리코리스
5294 , キャラ:스이센
5295 , キャラ:스즈란_KF
5296 , キャラ:로벨리아
5297 , キャラ:에니시다
5298 , キャラ:다츄라
5299 , キャラ:선스톤
5300 , キャラ:하이프리스
5301 , キャラ:사쿠라코
5302 , キャラ:히마와리
5303 , キャラ:야마토_데몬패러사이트
5304 , キャラ:루시
5305 , キャラ:레베카
5306 , キャラ:이즈나_블루아카
5307 , キャラ:미타마・아리아
5308 , キャラ:사메_괴이
5309 , キャラ:와니_괴이
5310 , キャラ:원반UFO
5311 , キャラ:시아노
5312 , キャラ:루이제트
5313 , キャラ:카렌_무대소녀
5314 , キャラ:히카리
5315 , キャラ:마히루
5316 , キャラ:쥰나
5317 , キャラ:나나
5318 , キャラ:후타바_무대소녀
5319 , キャラ:카오루코
5320 , キャラ:마야_무대소녀
5321 , キャラ:클로딘
5322 , キャラ:카타나코
5323 , キャラ:아오이
5324 , キャラ:미이나
5325 , キャラ:첼시
5326 , キャラ:나코루루
5327 , キャラ:요시토라
5328 , キャラ:에리나_라비리비
5329 , キャラ:노아_라비리비
5330 , キャラ:미나카미
5331 , キャラ:야치호
5332 , キャラ:모터야부
5333 , キャラ:리본_라비리비
5334 , キャラ:이리스_라비리비
5335 , キャラ:미루_라비리비
5336 , キャラ:코코아_라비리비
5337 , キャラ:초텐짱
5338 , キャラ:윳쿠리초텐짱
5339 , キャラ:기묘한포칼로스
5340 , キャラ:카구야_무한의프론티어
5341 , キャラ:팻
5342 , キャラ:데겐블레허
5343 , キャラ:기묘한하보림
5344 , キャラ:리틀위치노베타_노베타
5345 , キャラ:리틀위치노베타_노노타
5346 , キャラ:미즈키_명일방주
5347 , キャラ:아라디아
5348 , キャラ:카나데_AngelBeats!
5349 , キャラ:소노코
5350 , キャラ:유우나
5351 , キャラ:토고
5352 , キャラ:후우
5353 , キャラ:이츠키
5354 , キャラ:카린
5355 , キャラ:아큐라_X
5356 , キャラ:블레이드_X
5357 , キャラ:GV
5358 , キャラ:리무루루
5359 , キャラ:카즈키
5360 , キャラ:프린스
5361 , キャラ:워리어
5362 , キャラ:팔랑크스
5363 , キャラ:파이레츠
5364 , キャラ:시노비
5365 , キャラ:몽크
5366 , キャラ:조디악
5367 , キャラ:비스트킹
5368 , キャラ:발리스타
5369 , キャラ:파머
5370 , キャラ:제네
5371 , キャラ:마르푸샤
5372 , キャラ:라이카_Marufusha
5373 , キャラ:벨카_Marufusha
5374 , キャラ:스트렐카_Marufusha
5375 , キャラ:펠리세트
5376 , キャラ:알리비나
5377 , キャラ:비온
5378 , キャラ:에노스
5379 , キャラ:스네진카
5380 , キャラ:국경문
5381 , キャラ:기묘한바르바토스
5382 , キャラ:기묘한모라쿠스
5383 , キャラ:기묘한바알
5384 , キャラ:질_LT
5385 , キャラ:루나리에
5386 , キャラ:클레스
5387 , キャラ:아이리_LT
5388 , キャラ:시오리
5389 , キャラ:메이팡
5390 , キャラ:아키라_무대소녀
5391 , キャラ:미치루
5392 , キャラ:야치요
5393 , キャラ:코하쿠_X
5394 , キャラ:널_X2
5395 , キャラ:비묘한부에르
5396 , キャラ:마를로네
5397 , キャラ:제레
5398 , キャラ:은랑
5399 , キャラ:카프카
5400 , キャラ:코나타
5401 , キャラ:카가미
5402 , キャラ:츠카사
5403 , キャラ:미유키
5404 , キャラ:미나미（별을보는사람）
5405 , キャラ:시바（별을보는사람）
5406 , キャラ:미사（별을보는사람）
5407 , キャラ:아이네（별을보는사람）
5408 , キャラ:도나（별을보는사람）
5409 , キャラ:사츠
5410 , キャラ:한나・멜빌
5411 , キャラ:히드라
5412 , キャラ:미라
5413 , キャラ:니어
5414 , キャラ:카이네
5415 , キャラ:에밀
5416 , キャラ:버스터머신7호
5417 , キャラ:아노라・아르크노아
5418 , キャラ:실비아・하마르티아
5419 , キャラ:루시아_마두라의날개
5420 , キャラ:헤르타
5421 , キャラ:듀
5422 , キャラ:에르제베트
5423 , キャラ:쿠비키리바사라
5424 , キャラ:워크라이
5425 , キャラ:지고와트
5426 , キャラ:로아＝아＝루아
5427 , キャラ:트리니트로
5428 , キャラ:슬리피할로우
5429 , キャラ:더・스카버・꼬리
5430 , キャラ:더・스카버・몸통
5431 , キャラ:더・스카버・머리
5432 , キャラ:제로＝블루
5433 , キャラ:미즈치_SD
5434 , キャラ:니알라
5435 , キャラ:티아마트_나나도라
5436 , キャラ:오케아노스
5437 , キャラ:재버워크
5438 , キャラ:인섬니아
5439 , キャラ:포말하우트
5440 , キャラ:모데우스
5441 , キャラ:별빛의아마테라스
5442 , キャラ:에메랄드･프린세스
5443 , キャラ:영웅로빈후드
5444 , キャラ:장화의페로
5445 , キャラ:마리아・안토니아
5446 , キャラ:스즈달캣
5447 , キャラ:『무대소녀』나나
5448 , キャラ:대신제우스
5449 , キャラ:영웅헤라클레스
5450 , キャラ:킹・아서
5451 , キャラ:잠자는공주
;5452~5460, 空き番号
5461 , キャラ:데머즐
5462 , キャラ:엘리제1_GV
5463 , キャラ:엘리제2_GV
5464 , キャラ:엘리제3_GV
5465 , キャラ:입실론_X2
5466 , キャラ:데이사이트_X2
5467 , キャラ:베스파_X2
5468 , キャラ:오토크롬_X2
5469 , キャラ:브리게이드_X2
5470 , キャラ:헤일_X2
5471 , キャラ:사이버스터
5472 , キャラ:슬러그_X2
5473 , キャラ:창조주_X2
5474 , キャラ:마더_X2
;5475~5478, 空き番号
5479 , キャラ:떡보
5480 , キャラ:자르비오스
5481 , キャラ:뇌광전차
5482 , キャラ:E졸다트
5483 , キャラ:적의그림자
;5484, 空き番号
5485 , キャラ:가라다쨩
5486 , キャラ:더블라스쨩
5487 , キャラ:아츠코
5488 , キャラ:사쿠라코_블루아카
5489 , キャラ:프라나
5490 , キャラ:이누가미_마인학원
5491 , キャラ:호존전차병형
5492 , キャラ:호존저격사양
5493 , キャラ:구원전차병형
5494 , キャラ:구원공병형
5495 , キャラ:가련통상형
5496 , キャラ:무존
;5497~5500, 空き番号
5501 , キャラ:하우르바타트_페르소나
5502 , キャラ:티슈트리아_페르소나
5503 , キャラ:누아자_페르소나
5504 , キャラ:일다나_페르소나
5505 , キャラ:우샤스_페르소나
5506 , キャラ:마리지천_페르소나
5507 , キャラ:마나난_페르소나
5508 , キャラ:노덴스_페르소나
5509 , キャラ:간장_페르소나
5510 , キャラ:간장　개_페르소나
5511 , キャラ:우두_페르소나
5512 , キャラ:우두천왕_페르소나
5513 , キャラ:나가라쟈_페르소나
5514 , キャラ:탁샤카_페르소나
5515 , キャラ:볼보_페르소나
5516 , キャラ:헤카테_페르소나
5517 , キャラ:젤리・맨_페르소나
5518 , キャラ:마라_페르소나
5519 , キャラ:메사이어・피카로_페르소나
5520 , キャラ:스쿠나히코나_페르소나
5521 , キャラ:케르베로스2_페르소나
5522 , キャラ:카스토르2_페르소나
5523 , キャラ:메데이아2_페르소나
5524 , キャラ:프쉬케2_페르소나
5525 , キャラ:아리아드네2_페르소나
5526 , キャラ:로키_페르소나
5527 , キャラ:헤리워드_페르소나
5528 , キャラ:니케_페르소나
5529 , キャラ:후리_페르소나
5530 , キャラ:아에슈마_페르소나
5531 , キャラ:파리카_페르소나
5532 , キャラ:불카누스_페르소나
5533 , キャラ:에로스_페르소나
5534 , キャラ:마이아_페르소나
5535 , キャラ:베스타_페르소나
5536 , キャラ:진비슈누_페르소나
5537 , キャラ:무라사키노우에_페르소나
5538 , キャラ:키비츠히코노미코토_페르소나
5539 , キャラ:오오카무즈미_페르소나
;5540~5599, 空き番号
5600 , キャラ:카에데
5601 , キャラ:마유
5602 , キャラ:란코
5603 , キャラ:섀도우란코
5604 , キャラ:우즈키
5605 , キャラ:유카_아이마스
5606 , キャラ:미즈모토 유카리
5607 , キャラ:노리코_아이마스
5608 , キャラ:후타바 안즈
5609 , キャラ:카에데_GBF
;5610, 空き番号
5611 , キャラ:코우메
5612 , キャラ:세라의충혹마
5613 , キャラ:알로메루스의충혹마
5614 , キャラ:플레시아의충혹마
5615 , キャラ:아티푸스의충혹마
5616 , キャラ:시트리스의충혹마
5617 , キャラ:트리온의충혹마
5618 , キャラ:클라리아의충혹마
5619 , キャラ:아트라의충혹마
5620 , キャラ:키노의충혹마
5621 , キャラ:란카의충혹마
5622 , キャラ:지나의충혹마
5623 , キャラ:티오의충혹마
5624 , キャラ:카즈라의충혹마
5625 , キャラ:푸티카의충혹마
5626 , キャラ:리세의충혹마
5627 , キャラ:홀티아의충혹마
5628 , キャラ:섬도희레이
5629 , キャラ:섬도희카가리
5630 , キャラ:섬도희시즈쿠
5631 , キャラ:섬도희하야테
5632 , キャラ:섬도희카이나
5633 , キャラ:섬도희로제
5634 , キャラ:사일런트매지션
5635 , キャラ:산드리용_유희왕
5636 , キャラ:눈동자의마녀모르가나
5637 , キャラ:백은성의광시계
5638 , キャラ:백은성의화취로
5639 , キャラ:백은성의샹드라
5640 , キャラ:백은성의마신상
5641 , キャラ:미궁성의백은희
5642 , キャラ:하루우라라
5643 , キャラ:유령토끼
5644 , キャラ:저택와라시
5645 , キャラ:부유벚꽃
5646 , キャラ:하나미즈키
5647 , キャラ:사요시구레
5648 , キャラ:Ｅ・베일러
5649 , キャラ:아폴로우사
5650 , キャラ:쿠리카라천동
5651 , キャラ:Ｉ：Ｐ마스카레나
5652 , キャラ:Ｓ：Ｐ리틀나이트
5653 , キャラ:천정호아제우스
;5654~5696, 空き番号
5697 , キャラ:츠바사
5698 , キャラ:크리스
5699 , キャラ:히비키
5700 , キャラ:타츠마
5701 , キャラ:아오이_마인학원
5702 , キャラ:쿄이치
5703 , キャラ:다이고
5704 , キャラ:코마키
5705 , キャラ:타케시
5706 , キャラ:하야토
5707 , キャラ:모모카
5708 , キャラ:키사라기
5709 , キャラ:아란
5710 , キャラ:마리_마인학원
5711 , キャラ:텐도
;5712~5745, 空き番号
5746 , キャラ:클레어
5747 , キャラ:폴카
5748 , キャラ:코르크
5749 , キャラ:칸나
5750 , キャラ:라이네
5751 , キャラ:쿠도라_단도라
5752 , キャラ:듀얼플레이스_아담스키
5753 , キャラ:헬_HOTTOKE
5754 , キャラ:이로하
5755 , キャラ:이부키
5756 , キャラ:리시에타
5757 , キャラ:티아샤
5758 , キャラ:루루체
;5759, 空き番号
5760 , キャラ:사쿠라_사쿠라대전
5761 , キャラ:스미레_사쿠라대전
5762 , キャラ:마리아_사쿠라대전
5763 , キャラ:아이리스_사쿠라대전
5764 , キャラ:홍란_사쿠라대전
5765 , キャラ:칸나_사쿠라대전
5766 , キャラ:광무
;5767~5769, 空き番号
5770 , キャラ:엘라_무기미도
5771 , キャラ:헤카테_무기미도
;5772~5779, 空き番号
5780 , キャラ:아츠시
5781 , キャラ:요헤이
5782 , キャラ:마이_건퍼레이드
5783 , キャラ:미오
5784 , キャラ:야스미츠
5785 , キャラ:긴가
;5786~5788, 空き番号
5789 , キャラ:영구인형_DR
5790 , キャラ:한나_DR
5791 , キャラ:귀네_DR
5792 , キャラ:잔재메비우스_DR
5793 , キャラ:릴리킬러_DR
5794 , キャラ:나제지타_DR
5795 , キャラ:다이아나_DR
5796 , キャラ:사라사_DR
5797 , キャラ:칼린카_DR
5798 , キャラ:앙쥬_DR
5799 , キャラ:데스포르카_DR
5800 , キャラ:치키_＃FE
5801 , キャラ:와카사기히메
5802 , キャラ:반키
5803 , キャラ:카게로
5804 , キャラ:벤벤
5805 , キャラ:야츠하시
5806 , キャラ:세이자
5807 , キャラ:신묘마루
5808 , キャラ:라이코
5809 , キャラ:코코로
5810 , キャラ:스미레코
5811 , キャラ:세이란
5812 , キャラ:링고_동방
5813 , キャラ:도레미
5814 , キャラ:사구메
5815 , キャラ:클라운피스
5816 , キャラ:순호
5817 , キャラ:헤카티아
5818 , キャラ:라바
5819 , キャラ:네무노
5820 , キャラ:아운
5821 , キャラ:나루미
5822 , キャラ:사토노
5823 , キャラ:마이_동방
5824 , キャラ:오키나
5825 , キャラ:햇빛에그을린치르노
5826 , キャラ:조온
5827 , キャラ:시온_동방
5828 , キャラ:에이카
5829 , キャラ:우루미
5830 , キャラ:쿠타카
5831 , キャラ:야치에
5832 , キャラ:마유미
5833 , キャラ:케이키
5834 , キャラ:사키_동방
5835 , キャラ:미케_동방
5836 , キャラ:타카네
5837 , キャラ:산뇨
5838 , キャラ:미스마루
5839 , キャラ:메구무_동방
5840 , キャラ:츠카사_동방
5841 , キャラ:치마타
5842 , キャラ:모모요
5843 , キャラ:유마_동방
;5844~5950, 空き番号
5951 , キャラ:카나미
5952 , キャラ:히요리
5953 , キャラ:아사기_봄버걸
5954 , キャラ:치구사_봄버걸
5955 , キャラ:코린_젠존제
5956 , キャラ:리카온_젠존제
5957 , キャラ:리나_젠존제
5958 , キャラ:엘렌_젠존제
5959 , キャラ:하고로모기츠네
5960 , キャラ:실베르_ER
5961 , キャラ:도로시
5962 , キャラ:빈센트
5963 , キャラ:라비안_시니시스타1
5964 , キャラ:리리아_시니시스타2
5965 , キャラ:하냐_시니시스타2
5966 , キャラ:나이트레인_풀고르
5967 , キャラ:나이트레인_리브라
;5968~5999, 空き番号
6000 , キャラ:아벤트_KE
6001 , キャラ:빌로우_KE
6002 , キャラ:브루_KE
6003 , キャラ:레스터_KE
6004 , キャラ:사미다레_KE
6005 , キャラ:스티아라_KE
6006 , キャラ:귀네_KE
6007 , キャラ:게오루이스_KE
;6008~6099, 空き番号
6100 , キャラ:피츠캐럴드
;6101~6800, 空き番号
6801 , キャラ:SinGyoku♀
6802 , キャラ:SinGyoku♂
6803 , キャラ:YuugenMagan
6804 , キャラ:Elis
6805 , キャラ:Sariel
6806 , キャラ:미마
6807 , キャラ:Kikuri
6808 , キャラ:Konngara
6809 , キャラ:리카_동방
6810 , キャラ:메이라
6811 , キャラ:카나
6812 , キャラ:코토히메
6813 , キャラ:엘렌
6814 , キャラ:리카코
6815 , キャラ:치유리
6816 , キャラ:유메미
6817 , キャラ:루코토
6818 , キャラ:오렌지
6819 , キャラ:쿠루미
6820 , キャラ:에리_동방
6821 , キャラ:무게츠
6822 , キャラ:겐게츠
6823 , キャラ:사라
6824 , キャラ:루이즈
6825 , キャラ:유키
6826 , キャラ:마이_동방구작
6827 , キャラ:유메코
6828 , キャラ:신키
6829 , キャラ:바케바케
;6830~6999, 空き番号
7000 , キャラ:덴게키코
;7001~7999, 空き番号
8000 , キャラ:마그마슬러지
8001 , キャラ:장독
8002 , キャラ:용수모
8003 , キャラ:츠쿠츠쿠
8004 , キャラ:원한의기운
8005 , キャラ:원한의덩어리
8006 , キャラ:밀려오는원한
8007 , キャラ:수호룡
8008 , キャラ:마왕_KingExit
8009 , キャラ:킨키영무국_강화유령
8010 , キャラ:킨키영무국_자폭령
8011 , キャラ:킨키영무국_무장경트럭
8012 , キャラ:킨키영무국_무장유령
8013 , キャラ:킨키영무국_팔십팔척님
8014 , キャラ:킨키영무국_영무국병사
8015 , キャラ:킨키영무국_유격연대
8016 , キャラ:일루전・아리우스
8017 , キャラ:미루・신드롬
8018 , キャラ:노아_3차전
8019 , キャラ:노아_4차전
8020 , キャラ:리본_SP
8021 , キャラ:이리스_SP
8022 , キャラ:미루・리턴즈
8023 , キャラ:킨키영무국_양산형무녀
8024 , キャラ:버터플라이이펙트
8025 , キャラ:경비드론
8026 , キャラ:특공형드론
8027 , キャラ:포획드론
8028 , キャラ:폭격드론
8029 , キャラ:경비워커
8030 , キャラ:화염방사워커
8031 , キャラ:근접전투워커
8032 , キャラ:실드캐논
8033 , キャラ:레이저포대
8034 , キャラ:버스터룸
8035 , キャラ:스크랩런처
8036 , キャラ:호버중장비
8037 , キャラ:개구리형경비메카
8038 , キャラ:우드골렘
8039 , キャラ:아이스인조드
8040 , キャラ:헤비바잘트
8041 , キャラ:베스크롬
8042 , キャラ:스즈달UFO
8043 , キャラ:스즈달네코마타
8044 , キャラ:스즈달바스테드
8045 , キャラ:거대프레시아１
8046 , キャラ:거대프레시아２
8047 , キャラ:거대프레시아３
8048 , キャラ:보스_라뷰린스１
8049 , キャラ:보스_라뷰린스２
8050 , キャラ:보스_라뷰린스３
8051 , キャラ:보스_BMG１
8052 , キャラ:보스_BMG２
8053 , キャラ:보스_BMG３
8054 , キャラ:보스_아제우스
;8055~8999, 空き番号
9000 , キャラ:아키야마린코
9001 , キャラ:유키카제
9002 , キャラ:스우
9003 , キャラ:이가와센슈
;9004~9499, 空き番号
9500 , キャラ:이계의다크서머너
9501 , キャラ:이마미아
9502 , キャラ:쇼고쨩
9503 , キャラ:크림힐트
;9504~9513, 空き番号
9514 , キャラ:리버스헤르메스_페르소나
;9515~9517, 空き番号
9518 , キャラ:자팜・즈쿰
9519 , キャラ:치노우야
9520 , キャラ:한투・테텍
9521 , キャラ:티라노사우루스
9522 , キャラ:장수풍뎅이
9523 , キャラ:사슴벌레
;9524~9525, 空き番号
9526 , キャラ:혹등고래
9527 , キャラ:메갈로돈
;9528~9999, 空き番号
10000 , キャラ:아케미
10001 , キャラ:유미코
10002 , キャラ:도쿄타워의마녀
;10003~10099, 空き番号
10100 , キャラ:고토우
10101 , キャラ:유리코
10102 , キャラ:리리스_진
10103 , キャラ:교도카즈펠
10104 , キャラ:베스
10105 , キャラ:다레스
10106 , キャラ:기멜
10107 , キャラ:타마키
10108 , キャラ:유미
10109 , キャラ:레이코
10110 , キャラ:아키라
10111 , キャラ:챠린코Ｃ
10112 , キャラ:하자마
10113 , キャラ:노부
10114 , キャラ:인수라M
10115 , キャラ:인수라F
10116 , キャラ:알렉스
10117 , キャラ:이자보
10118 , キャラ:요나탄
10119 , キャラ:월터
10120 , キャラ:카가
10121 , キャラ:나나시
10122 , キャラ:아사히
10123 , キャラ:토키
10124 , キャラ:노조미
10125 , キャラ:히미카
10126 , キャラ:바기트
10127 , キャラ:리카_D2
10128 , キャラ:손샨
10129 , キャラ:리린
10130 , キャラ:차이준윤
10131 , キャラ:가쿠토
10132 , キャラ:메가킨
10133 , キャラ:시오냥
10134 , キャラ:타오
10135 , キャラ:요코
10136 , キャラ:사호리
;10137~10199, 空き番号
10200 , キャラ:레이
10201 , キャラ:쿄우지
10202 , キャラ:쿠미코
10203 , キャラ:시드
10204 , キャラ:하루나
10205 , キャラ:네밋사_밝음
10206 , キャラ:네밋사_쿨
10207 , キャラ:네밋사_섹시
10208 , キャラ:메어리
10209 , キャラ:마요네
10210 , キャラ:캐롤Ｊ
10211 , キャラ:유다
10212 , キャラ:나오미
10213 , キャラ:토모코
10214 , キャラ:식스
10215 , キャラ:유이치
10216 , キャラ:라이도우
10217 , キャラ:타에
10218 , キャラ:나기
10219 , キャラ:쿠시나다
10220 , キャラ:살안의아야메
10221 , キャラ:세이메이
10222 , キャラ:오우한
10223 , キャラ:링고_소울해커즈2
10224 , キャラ:피그
10225 , キャラ:유메
;10226~10299, 空き番号
10300 , キャラ:P1주인공
10301 , キャラ:마키
10302 , キャラ:에리
10303 , キャラ:아야세
10304 , キャラ:유키노씨
10305 , キャラ:브라운
;10306~10308, 空き番号
10309 , キャラ:마이
10310 , キャラ:아키
10311 , キャラ:트리슈
10312 , キャラ:트리슈_샘
10313 , キャラ:타츠야
10314 , キャラ:리사
10315 , キャラ:마야_P2
10316 , キャラ:에이키치
10317 , キャラ:쥰
10318 , キャラ:우라라
10319 , キャラ:카츠야
10320 , キャラ:파오푸
10321 , キャラ:미호
10322 , キャラ:아사미
10323 , キャラ:미야비
10324 , キャラ:치카링
10325 , キャラ:안나
10326 , キャラ:아카리
10327 , キャラ:노리코
10328 , キャラ:준코
10329 , キャラ:치즈루
10330 , キャラ:마야
10331 , キャラ:시오리_P2
10332 , キャラ:니알라토텝_P2
10333 , キャラ:재수생
10334 , キャラ:P3여주인공
10335 , キャラ:P3남주인공
10336 , キャラ:유카리
10337 , キャラ:후카
10338 , キャラ:미츠루
10339 , キャラ:아이기스
10340 , キャラ:준페이
10341 , キャラ:사나다
10342 , キャラ:아마다
10343 , キャラ:코로마루
10344 , キャラ:아라가키
10345 , キャラ:메티스
10346 , キャラ:엘리자베스
10347 , キャラ:치도리
10348 , キャラ:치히로
10349 , キャラ:유우코
10350 , キャラ:리오
10351 , キャラ:토리우미
10352 , キャラ:마이코
10353 , キャラ:사오리
10354 , キャラ:나츠키
10355 , キャラ:P4주인공
10356 , キャラ:치에
10357 , キャラ:유키코
10358 , キャラ:리세
10359 , キャラ:나오토
10360 , キャラ:요스케
10361 , キャラ:칸지
10362 , キャラ:곰
10363 , キャラ:마가렛
10364 , キャラ:나나코
10365 , キャラ:아야네
10366 , キャラ:아이
10367 , キャラ:사요코
10368 , キャラ:키츠네
10369 , キャラ:하나코_P4
10370 , キャラ:코니시
10371 , キャラ:에리_P4
10372 , キャラ:아이카
10373 , キャラ:토오루
10374 , キャラ:라비리스
10375 , キャラ:P5주인공
10376 , キャラ:안
10377 , キャラ:마코토_P5
10378 , キャラ:후타바
10379 , キャラ:하루_P5
10380 , キャラ:류지
10381 , キャラ:유스케
10382 , キャラ:모르가나
10383 , キャラ:고로
10384 , キャラ:카스미
10385 , キャラ:라벤차
10386 , キャラ:쥐스틴
10387 , キャラ:카롤린
10388 , キャラ:타에_P5
10389 , キャラ:히후미
10390 , キャラ:사다요
10391 , キャラ:치하야
;10392~10499, 空き番号
10500 , キャラ:앨리스_신약LB
10501 , キャラ:리젤
10502 , キャラ:레온
10503 , キャラ:루나
10504 , キャラ:아야토
10505 , キャラ:에미
10506 , キャラ:유우카
10507 , キャラ:루이
10508 , キャラ:하야사카
10509 , キャラ:산시로
10510 , キャラ:카즈사
10511 , キャラ:시즈나
10512 , キャラ:고양이소녀
10513 , キャラ:미라이
10514 , キャラ:세츠나
10515 , キャラ:에레지
10516 , キャラ:제트
10517 , キャラ:나가히사
10518 , キャラ:『미라이』
10519 , キャラ:아미
10520 , キャラ:레나
10521 , キャラ:미도리
10522 , キャラ:아키_TCG
10523 , キャラ:미호_카드서머너
10524 , キャラ:리카_카드서머너
10525 , キャラ:시즈카
10526 , キャラ:사쿠라_카드서머너
10527 , キャラ:레이카
10528 , キャラ:서프
10529 , キャラ:알지라
10530 , キャラ:세라
10531 , キャラ:히트
10532 , キャラ:시에로
10533 , キャラ:게일
10534 , キャラ:로알드
10535 , キャラ:해리Ｑ
10536 , キャラ:지나나
10537 , キャラ:루파
10538 , キャラ:제나
10539 , キャラ:자피아
10540 , キャラ:그라나토
10541 , キャラ:데빌서바주인공
10542 , キャラ:유즈
10543 , キャラ:아마네
10544 , キャラ:하루
10545 , キャラ:도리
10546 , キャラ:마리
10547 , キャラ:이즈나
10548 , キャラ:아츠로우
10549 , キャラ:쇼우지
10550 , キャラ:데빌서바２주인공
10551 , キャラ:이오
10552 , キャラ:마코토
10553 , キャラ:히나코
10554 , キャラ:아이리
10555 , キャラ:후미
10556 , キャラ:오토메
10557 , キャラ:다이치
10558 , キャラ:야마토
10559 , キャラ:케이타
10560 , キャラ:준고
10561 , キャラ:죠
10562 , キャラ:로나우도
10563 , キャラ:사다크
10564 , キャラ:미야코
10565 , キャラ:티코
10566 , キャラ:코하루
;10567~10699, 空き番号
10700 , キャラ:데빌콜로주인공
10701 , キャラ:아인
10702 , キャラ:라메드
10703 , キャラ:코시로
10704 , キャラ:유리아
10705 , キャラ:마야_NT
10706 , キャラ:카야
10707 , キャラ:쇼고
10708 , キャラ:유우키
10709 , キャラ:코우린
10710 , キャラ:리에코
10711 , キャラ:미즈키
10712 , キャラ:레이_NT
10713 , キャラ:다누
10714 , キャラ:유지
10715 , キャラ:이치고
10716 , キャラ:찰리
10717 , キャラ:린
10718 , キャラ:애니
10719 , キャラ:유리
10720 , キャラ:사사즈카치요_네코마타
;10721, 空き番号
10722 , キャラ:사사즈카치요_바스테드
10723 , キャラ:카즈토
10724 , キャラ:아야메
10725 , キャラ:헤르만
10726 , キャラ:이쿠네
10727 , キャラ:히지리
10728 , キャラ:크랙
10729 , キャラ:에이다
10730 , キャラ:아셰라
10731 , キャラ:마리아
10732 , キャラ:키쿠에
10733 , キャラ:나나미
10734 , キャラ:마리카
10735 , キャラ:히토미
10736 , キャラ:시이나
10737 , キャラ:쿄우코
10738 , キャラ:사키
10739 , キャラ:아키토
10740 , キャラ:요시코
;10741~10799, 空き番号
10800 , キャラ:롱기누스１_소문
10801 , キャラ:롱기누스２_소문
10802 , キャラ:롱기누스３_소문
10803 , キャラ:롱기누스４_소문
10804 , キャラ:롱기누스５_소문
10805 , キャラ:롱기누스６_소문
10806 , キャラ:롱기누스７_소문
10807 , キャラ:롱기누스８_소문
10808 , キャラ:롱기누스９_소문
10809 , キャラ:롱기누스１０_소문
10810 , キャラ:롱기누스１１_소문
10811 , キャラ:롱기누스１２_소문
10812 , キャラ:롱기누스１３_소문
10813 , キャラ:동기다크서머너
10814 , キャラ:데모니카오퍼레이터
10815 , キャラ:마초
10816 , キャラ:마일드
10817 , キャラ:이능쨩
10818 , キャラ:셰리
10819 , キャラ:나뷔
10820 , キャラ:멜라니
10821 , キャラ:미아
10822 , キャラ:웬디
10823 , キャラ:벨린다
10824 , キャラ:카에데_창부
10825 , キャラ:쿠키
10826 , キャラ:링고
10827 , キャラ:루세라
10828 , キャラ:롯본기대환락가의악마인
10829 , キャラ:성유메시아교도
10830 , キャラ:Ｑ・데미난디
10831 , キャラ:히메미야키쿠에
;-------------------------------
;ダンジョン番号
;-------------------------------
0 , ダンジョン:샘플던전
1 , ダンジョン:에코빌딩
2 , ダンジョン:카루코자카고교
3 , ダンジョン:신주쿠위생병원
4 , ダンジョン:정신세계
5 , ダンジョン:대마궁
6 , ダンジョン:콜로세움던전
7 , ダンジョン:카루코자카상층
8 , ダンジョン:경시청
9 , ダンジョン:미카게쵸지하철역
10 , ダンジョン:SEBEC빌딩
11 , ダンジョン:데바・유가
12 , ダンジョン:미혹의숲
13 , ダンジョン:로카파라
15 , ダンジョン:아키하바라빌딩
16 , ダンジョン:시부야센터거리
17 , ダンジョン:이케부쿠로
18 , ダンジョン:우에노・가이아교본부
19 , ダンジョン:아라야의동굴
20 , ダンジョン:긴자대지하도
24 , ダンジョン:도서관
25 , ダンジョン:구황궁
26 , ダンジョン:도청
27 , ダンジョン:도쿄타워
28 , ダンジョン:팩토리
29 , ダンジョン:아카사카
30 , ダンジョン:이단수용소
31 , ダンジョン:롯폰기대환락가
32 , ダンジョン:이상한던전
34 , ダンジョン:하츠다이쉘터
35 , ダンジョン:T.D.L.
36 , ダンジョン:하라주쿠쉘터
37 , ダンジョン:선샤인시티
38 , ダンジョン:오차노미즈쉘터
39 , ダンジョン:황천
40 , ダンジョン:이치가야주둔지
41 , ダンジョン:미국대사관
42 , ダンジョン:신주쿠
43 , ダンジョン:탐욕계
44 , ダンジョン:하자마의정신세계
45 , ダンジョン:롯폰기
46 , ダンジョン:신주쿠대성당
47 , ダンジョン:시나가와
48 , ダンジョン:카사이누이
49 , ダンジョン:키타야마대학
50 , ダンジョン:페르소나２
51 , ダンジョン:조디악
52 , ダンジョン:하늘의과학관
53 , ダンジョン:카라코르
54 , ダンジョン:모리모토병원
55 , ダンジョン:시바르바
59 , ダンジョン:바알성
60 , ダンジョン:아비디아계
61 , ダンジョン:하라주쿠
62 , ダンジョン:아이스랜드
63 , ダンジョン:샌드랜드
64 , ダンジョン:센트럴랜드
65 , ダンジョン:슈바르츠바스
66 , ダンジョン:이계화엘민학원
68 , ダンジョン:아마라심계
69 , ダンジョン:유폐탑
70 , ダンジョン:타르타로스
72 , ダンジョン:유키코공주의성
73 , ダンジョン:열기나는사우나
74 , ダンジョン:천상낙원
75 , ダンジョン:마가츠이나바시
76 , ダンジョン:야토빌딩
78 , ダンジョン:히카와신사
79 , ダンジョン:토우아TV
80 , ダンジョン:거짓미타키하라
81 , ダンジョン:신시청사
82 , ダンジョン:이계화빌딩
83 , ダンジョン:히라사키경찰서
84 , ダンジョン:텐도우텐잔저택
85 , ダンジョン:고분미궁
86 , ダンジョン:박물관
88 , ダンジョン:레온자동차공장
89 , ダンジョン:천체박물관
90 , ダンジョン:ＶＲ미술관
92 , ダンジョン:ＶＲ호러・하우스
93 , ダンジョン:아마미공항
94 , ダンジョン:시아크
95 , ダンジョン:니카미몬지하
96 , ダンジョン:카테드랄
97 , ダンジョン:천사의탑
98 , ダンジョン:긴눙가가프
99 , ダンジョン:말렛섬
100 , ダンジョン:카루코자카고교_EX
103 , ダンジョン:전설의종말
105 , ダンジョン:정령계_EX：유희왕
108 , ダンジョン:랜덤의뢰
;-------------------------------
;スキル番号
;-------------------------------
0 , 스킬:ＳＷＯＲＤ
0 , 스킬:ＡＴＴＡＣＫ
;-------------------------------
;검격
;-------------------------------
1 , 스킬:산바람
2 , 스킬:히트웨이브
3 , 스킬:회전베기
4 , 스킬:양팔찍기
5 , 스킬:대나무베기
6 , 스킬:허공참파
7 , 스킬:산산조각베기
8 , 스킬:베놈재퍼
9 , 스킬:번개찌르기
10 , 스킬:데스바운드
11 , 스킬:이검난무
12 , 스킬:이단찌르기
13 , 스킬:트윈슬래시
14 , 스킬:일문자베기
15 , 스킬:강절단
16 , 스킬:천군의검
17 , 스킬:롱기누스카피
18 , 스킬:요시츠네등장
19 , 스킬:프라라야
20 , 스킬:사랑의채찍
21 , 스킬:구십구나선격
22 , 스킬:부월쇄파
23 , 스킬:용아선회
24 , 스킬:작열거가
25 , 스킬:안개베기
26 , 스킬:낭아천주참
27 , 스킬:낙양삼단격
28 , 스킬:극락왕생파
29 , 스킬:천경지폭단
30 , 스킬:검격가드킬
31 , 스킬:검격가드브레이크
;32 , 空き番号
33 , 스킬:검격브레이크
34 , 스킬:검격리플렉트
35 , 스킬:검격드레인
36 , 스킬:검격어택커
37 , 스킬:암야검
38 , 스킬:무사차
39 , 스킬:러브・하트
40 , 스킬:어둠속의기습
;41～42 , 空き番号
43 , 스킬:포이즌블레이드
44 , 스킬:퀵스피어
45 , 스킬:퀵버스터
46 , 스킬:충의의참격
47 , 스킬:브레이브재퍼
48 , 스킬:자벨린레인
49 , 스킬:밤벚꽃의춤
50 , 스킬:신창궁니르
51 , 스킬:레바테인
52 , 스킬:다다미반환
53 , 스킬:갑옷관통
54 , 스킬:파사의광인
55 , 스킬:게이・볼그
56 , 스킬:블레이드댄스
57 , 스킬:아메노무라쿠모
58 , 스킬:길로틴페이크
59 , 스킬:아공양단
60 , 스킬:길로틴블레이드
61 , 스킬:팔척뛰기
;62 , 空き番号
63 , 스킬:아라이소
64 , 스킬:화차베기
65 , 스킬:마구패기
66 , 스킬:난심의일도
67 , 스킬:즌바라린
68 , 스킬:뇌쇄슬래시
;69 , 空き番号
70 , 스킬:오의일섬
71 , 스킬:천군의신창
72 , 스킬:마스커레이드
;73 , 空き番号
74 , 스킬:공간살법
;75～76 , 空き番号
77 , 스킬:나선의칼날
78 , 스킬:크레이브・솔리시
;79～100 , 空き番号
;-------------------------------
;비구
;-------------------------------
101 , 스킬:백발침
102 , 스킬:독침
103 , 스킬:마비침
104 , 스킬:석화침
105 , 스킬:몽견침
106 , 스킬:천우의춤
107 , 스킬:고천열풍탄
108 , 스킬:찰나장대비쏘기
109 , 스킬:극채의질풍
110 , 스킬:퀵드로
111 , 스킬:싱글샷
112 , 스킬:연속사격
113 , 스킬:산탄사격
114 , 스킬:엔젤애로
115 , 스킬:모코이부메랑
116 , 스킬:확산섬영살
;117 , 空き番号
118 , 스킬:부기우기
119 , 스킬:플레어샷
120 , 스킬:저스티스샷
121 , 스킬:와이즈맨스냅
;122 , 空き番号
123 , 스킬:도화일섬
124 , 스킬:미들샷
125 , 스킬:멸살수전
126 , 스킬:암파쌍비조
127 , 스킬:오절절우
128 , 스킬:비구가드킬
129 , 스킬:비구가드브레이크
;130 , 空き番号
131 , 스킬:비구브레이크
132 , 스킬:비구리플렉트
133 , 스킬:비구드레인
;134 , 空き番号
135 , 스킬:비구어택커
136 , 스킬:그랜드턱
137 , 스킬:Make・My・Day
;138 , 空き番号
139 , 스킬:선회속탄
140 , 스킬:저격
141 , 스킬:충의의총격
142 , 스킬:Yippee・ki・yay
143 , 스킬:안타까움난사
144 , 스킬:타슬람샷
145 , 스킬:원샷킬
146 , 스킬:삼단쏘기
147 , 스킬:천궁열파
148 , 스킬:데스샤워
149 , 스킬:세이크리드애로
150 , 스킬:백사의마비송곳니
151 , 스킬:지고의마탄
152 , 스킬:트리플다운
153 , 스킬:드라이브샷
154 , 스킬:해피트리거
155 , 스킬:슈퍼노바
156 , 스킬:이형포자비탄
157 , 스킬:바이스샷
158 , 스킬:바스타드스냅
159 , 스킬:건폰
160 , 스킬:스매시
;161～162 , 空き番号
163 , 스킬:뱀프파이어
164 , 스킬:난격난사
165 , 스킬:더블샷
166 , 스킬:혼란침
167 , 스킬:강철침
168 , 스킬:팔백만침
169 , 스킬:백마비침
170 , 스킬:역귀문영수삼연격
;171～200 , 空き番号
;-------------------------------
;타격
;-------------------------------
201 , 스킬:돌격
202 , 스킬:숏잽
203 , 스킬:마구날뛰기
204 , 스킬:돌려차기
205 , 스킬:메가톤프레스
206 , 스킬:섬머솔트
207 , 스킬:뇌진왕모의발차기
208 , 스킬:방어부수기
209 , 스킬:오의방어부수기
210 , 스킬:소닉펀치
211 , 스킬:기간피스트
212 , 스킬:메테오피스트
213 , 스킬:브레인쉐이크
214 , 스킬:약자필멸권
215 , 스킬:아카샤아츠
216 , 스킬:달밤의떡찧기
217 , 스킬:지모의만찬
218 , 스킬:모탈지하드
219 , 스킬:육체의악마
220 , 스킬:싸움의마왕
221 , 스킬:강철의벽
222 , 스킬:배틀러쉬
223 , 스킬:뇌정축
224 , 스킬:분노의철권
225 , 스킬:신등거출팔백만격
226 , 스킬:예광구리가라축
227 , 스킬:타격가드킬
228 , 스킬:타격가드브레이크
229 , 스킬:백열찌르기
230 , 스킬:천열찌르기
231 , 스킬:타격브레이크
232 , 스킬:타격리플렉트
233 , 스킬:타격드레인
234 , 스킬:타격어택커
235 , 스킬:몸통박치기
236 , 스킬:눌러으깨기
237 , 스킬:베어넘기기
238 , 스킬:절묘타
239 , 스킬:팔상발파
240 , 스킬:비공찌르기
241 , 스킬:헬스트라이크
242 , 스킬:빈사의일격
243 , 스킬:최후의일격
244 , 스킬:충의의권
245 , 스킬:아수라연격
246 , 스킬:발칸킥
247 , 스킬:관통의일격
248 , 스킬:육탄
249 , 스킬:코즈이펙트
250 , 스킬:지옥찌르기
251 , 스킬:나한장
252 , 스킬:열진각
253 , 스킬:코크스크류
254 , 스킬:자연난타
255 , 스킬:성불권
256 , 스킬:아그네야스트라
257 , 스킬:썬더피스트
258 , 스킬:네거티브파일
259 , 스킬:철사권
;260 , 空き番号
261 , 스킬:낙인의일격
262 , 스킬:럭키펀치
263 , 스킬:마구날뛰기
264 , 스킬:트위스터킥
265 , 스킬:맹돌진
;266～269 , 空き番号
270 , 스킬:철권제재
;271～279 , 空き番号
280 , 스킬:멋진스틱
;281～300 , 空き番号
;-------------------------------
;전술
;-------------------------------
301 , 스킬:할퀴기
302 , 스킬:독할퀴기
303 , 스킬:마비할퀴기
304 , 스킬:메가클로
305 , 스킬:아이언클로
306 , 스킬:악셀클로
307 , 스킬:마인드슬라이스
308 , 스킬:우두마두만력
309 , 스킬:데스클로
310 , 스킬:허공조격
311 , 스킬:날개짓
312 , 스킬:광란의강조
313 , 스킬:만력의벽
314 , 스킬:데몬레이브
315 , 스킬:배드비트
316 , 스킬:흑점격
;317～320 , 空き番号
321 , 스킬:물어뜯기
322 , 스킬:독물어뜯기
323 , 스킬:마비물어뜯기
324 , 스킬:매혹물어뜯기
325 , 스킬:석화물어뜯기
326 , 스킬:베어먹기
327 , 스킬:전광석화
328 , 스킬:어설트다이브
329 , 스킬:쪼기
330 , 스킬:휘감기
331 , 스킬:꼬치꿰기
;332 , 空き番号
333 , 스킬:킹스톰
334 , 스킬:광란의촉수
335 , 스킬:테일
336 , 스킬:전력공격
337 , 스킬:스파이크클로
338 , 스킬:전술가드킬
339 , 스킬:전술가드브레이크
340 , 스킬:전술브레이크
341 , 스킬:전술리플렉트
342 , 스킬:전술드레인
343 , 스킬:전술어택커
344 , 스킬:마음의외침
345 , 스킬:앵화섬란
346 , 스킬:묵시록
347 , 스킬:명계의문
348 , 스킬:혈제
349 , 스킬:살신
350 , 스킬:물어-뜯기
351 , 스킬:더블바이스
352 , 스킬:트리플바이스
353 , 스킬:충의의업
354 , 스킬:니들테일
355 , 스킬:머리깨기
356 , 스킬:응룡격파
357 , 스킬:이노센트턱
358 , 스킬:회심파
359 , 스킬:비틀어꺾기
360 , 스킬:용해액
;361～400 , 空き番号
;-------------------------------
;회복
;-------------------------------
401 , 스킬:디아
402 , 스킬:디아라마
403 , 스킬:디아라한
404 , 스킬:메・디아
405 , 스킬:메・디아라마
406 , 스킬:메・디아라한
;407 , 空き番号
408 , 스킬:파트라
409 , 스킬:펨파트라
410 , 스킬:포즈무디
411 , 스킬:패럴라디
412 , 스킬:챰디
413 , 스킬:페트라디
414 , 스킬:클로즈디
415 , 스킬:결계부・치유
416 , 스킬:암리타
417 , 스킬:리캄
418 , 스킬:사마리캄
419 , 스킬:리캄드라
420 , 스킬:자애의기도
421 , 스킬:스티티
422 , 스킬:천사의혈배
423 , 스킬:스리스티
424 , 스킬:영세의기도
425 , 스킬:신은의나팔
426 , 스킬:파트라디
427 , 스킬:관세음의제도
428 , 스킬:소마신권현
429 , 스킬:백은의팔
430 , 스킬:Never More
431 , 스킬:바이스디
432 , 스킬:마하바이스디
433 , 스킬:커스디
434 , 스킬:오라토리오
435 , 스킬:딜레이・디아
;436～449 , 空き番号
450 , 스킬:코이카제
;451～459 , 空き番号
460 , 스킬:청춘의바람
;461～500 , 空き番号
;-------------------------------
;지원
;-------------------------------
501 , 스킬:타루・카쟈
502 , 스킬:스쿠・카쟈
503 , 스킬:마카・카쟈
504 , 스킬:라쿠・카쟈
505 , 스킬:데・쿤다
506 , 스킬:타룬・다
507 , 스킬:라쿤・다
508 , 스킬:스쿤・다
509 , 스킬:데・카쟈
510 , 스킬:토라에스트
511 , 스킬:기합
512 , 스킬:컨센트레이트
513 , 스킬:트라프리
514 , 스킬:포효
515 , 스킬:도발
516 , 스킬:리벨리온
517 , 스킬:레볼루션
518 , 스킬:무거운한숨
519 , 스킬:무거운공기
520 , 스킬:포그브레스
521 , 스킬:리베라마
522 , 스킬:에스트마
523 , 스킬:랜더마이저
524 , 스킬:파워브레스
525 , 스킬:히트라이저
526 , 스킬:포말의파문
527 , 스킬:흉조가디언
528 , 스킬:라이트마
529 , 스킬:사바트마
530 , 스킬:꿰뚫는투기
531 , 스킬:하이・애널라이즈
532 , 스킬:신탁
533 , 스킬:리프트마
534 , 스킬:회심의패기
;535～536 , 空き番号
537 , 스킬:용분의춤
538 , 스킬:용해브레스
539 , 스킬:다크브레스
540 , 스킬:초래의무도
541 , 스킬:사만・다
542 , 스킬:악마의위협
;543 , 空き番号
544 , 스킬:이니셜라이즈
545 , 스킬:침묵의기도
;546 , 空き番号
547 , 스킬:Go-Round
548 , 스킬:Breakin’Through
549 , 스킬:MAZE OF LIFE
550 , 스킬:Time to Make History
551 , 스킬:Laser Beam
552 , 스킬:Reset
553 , 스킬:Soul Survive
;554～555 , 空き番号
556 , 스킬:마칸・다
557 , 스킬:악마의이갈이
558 , 스킬:사마・카쟈
559 , 스킬:천상의춤
560 , 스킬:위협
561 , 스킬:끝없는도발
562 , 스킬:오바리욘포효
563 , 스킬:발진오보로구루마
564 , 스킬:소녀의기도
565 , 스킬:테트라코와스
566 , 스킬:테트라브레이크
567 , 스킬:마카라코와스
568 , 스킬:마카라브레이크
569 , 스킬:실드코와스
570 , 스킬:미주가효
571 , 스킬:훈풍의춤
572 , 스킬:배리어코와스
573 , 스킬:배리어브레이크
574 , 스킬:실드브레이크
575 , 스킬:아로마를피운다
576 , 스킬:브레이브스텝
577 , 스킬:천손강림
578 , 스킬:스마일차지
;579 , 空き番号
580 , 스킬:드래곤허슬
581 , 스킬:끝없는위협
582 , 스킬:힘의도눔
583 , 스킬:마의도눔
584 , 스킬:샤이탄소환
585 , 스킬:스모크노이즈
;586 , 空き番号
587 , 스킬:도핑
588 , 스킬:워크라이
589 , 스킬:앉은비차동굴곰
590 , 스킬:외법의유혹
591 , 스킬:코이카제(GBF)
592 , 스킬:파사의영도향
593 , 스킬:맵퍼
;594～600 , 空き番号
;-------------------------------
;방어
;-------------------------------
601 , 스킬:테트라쟈
602 , 스킬:테트라칸
603 , 스킬:마카라칸
;604～605 , 空き番号
606 , 스킬:사이코배리어
607 , 스킬:마하애널라이즈
608 , 스킬:결계부・물리
609 , 스킬:결계부・마법
610 , 스킬:수호의방패
611 , 스킬:존승다라니
612 , 스킬:수정의벽
613 , 스킬:펜타월
614 , 스킬:성스러운가호
;615 , 空き番号
616 , 스킬:정의의방패
617 , 스킬:심도미스테리
;618 , 空き番号
619 , 스킬:포효
620 , 스킬:짐승의포효
621 , 스킬:용의포효
;622～700 , 空き番号
;-------------------------------
;화염
;-------------------------------
701 , 스킬:아기
702 , 스킬:아기라오
703 , 스킬:아기다인
704 , 스킬:마하・라기
705 , 스킬:마하・라기온
706 , 스킬:마하・라기다인
707 , 스킬:불의벽
708 , 스킬:파이어브레스
709 , 스킬:지옥의업화
710 , 스킬:파이어스톰
711 , 스킬:데들리번
712 , 스킬:다이나믹・아기라오
713 , 스킬:암흑광염난무
;714 , 空き番号
715 , 스킬:오시치대화재
716 , 스킬:사신소환・주작
717 , 스킬:불꽃의난무
718 , 스킬:트리스아기온
719 , 스킬:화쇄열풍파
720 , 스킬:쿠리카라의흑룡
721 , 스킬:로마・카롤
722 , 스킬:천장뇌담진
723 , 스킬:인페르노
724 , 스킬:대염상
725 , 스킬:파이어볼
726 , 스킬:버닝링
727 , 스킬:사자염진
728 , 스킬:루이나플레임
729 , 스킬:소작권
730 , 스킬:지양의붉음
731 , 스킬:종언의푸름
732 , 스킬:화염가드킬
733 , 스킬:화염가드브레이크
;734 , 空き番号
735 , 스킬:연성의불꽃
736 , 스킬:화염브레이크
737 , 스킬:화염리플렉트
738 , 스킬:화염드레인
739 , 스킬:화염어택커
;740 , 空き番号
741 , 스킬:마그마・액시스
742 , 스킬:염의대혀
743 , 스킬:염군의춤
744 , 스킬:열풍
745 , 스킬:마이트버닝
746 , 스킬:폭렬의손톱
747 , 스킬:충의의화염
748 , 스킬:라그나로크
749 , 스킬:프로미넌스
750 , 스킬:초열의광연
751 , 스킬:아기랏슈
752 , 스킬:퇴마부・카구츠치
753 , 스킬:지옥의인두
754 , 스킬:겁화소환
755 , 스킬:마라라기다인
756 , 스킬:요정후레옴
757 , 스킬:마하랜턴다인
758 , 스킬:아기・오스・니콜라우스
759 , 스킬:익스플로드
760 , 스킬:빛나는불꽃
761 , 스킬:울부짖어라、나의분노여
762 , 스킬:여덟머리의염구
763 , 스킬:헬파이어
764 , 스킬:아기바리온
765 , 스킬:마하・아기바리온
766 , 스킬:아몬강림
;767～800 , 空き番号
;-------------------------------
;빙결
;-------------------------------
801 , 스킬:부흐
802 , 스킬:부흐라
803 , 스킬:부흐다인
804 , 스킬:마하・부흐
805 , 스킬:마하・부흐라
806 , 스킬:마하・부흐다인
807 , 스킬:얼음의벽
808 , 스킬:아이온의비
809 , 스킬:아이스브레스
810 , 스킬:절대영도
811 , 스킬:릴리즈제일
812 , 스킬:아토믹・부흐라
813 , 스킬:쥬봇코은빙
814 , 스킬:니플헤임
815 , 스킬:얼음의난무
;816 , 空き番号
817 , 스킬:대냉계
818 , 스킬:아이스・크래시
819 , 스킬:코큐토스
820 , 스킬:아이시클
821 , 스킬:로마・그랜드
;822 , 空き番号
823 , 스킬:극한동결
824 , 스킬:충의의빙결
825 , 스킬:아이스에이지
;826～830 , 空き番号
831 , 스킬:빙결가드킬
832 , 스킬:빙결가드브레이크
833 , 스킬:빙결브레이크
834 , 스킬:빙결리플렉트
835 , 스킬:빙결드레인
836 , 스킬:빙결어택커
;837 , 空き番号
838 , 스킬:한숨
839 , 스킬:부흐바리온
840 , 스킬:마하・부흐바리온
;841～900 , 空き番号
;-------------------------------
;전격
;-------------------------------
901 , 스킬:지오
902 , 스킬:지온가
903 , 스킬:지오다인
904 , 스킬:마하・지오
905 , 스킬:마하・지온가
906 , 스킬:마하・지오다인
907 , 스킬:나이스・샷
908 , 스킬:팔색뇌공
909 , 스킬:하이퍼・지온가
910 , 스킬:방전
911 , 스킬:파계의번개
912 , 스킬:우뢰의세례
913 , 스킬:전격
914 , 스킬:라이쥬우전격
915 , 스킬:미샤쿠지뇌전
916 , 스킬:사신소환・청룡
917 , 스킬:번개의난무
918 , 스킬:나루카미
;919～920 , 空き番号
921 , 스킬:로마・풀멘
922 , 스킬:번개의벽
923 , 스킬:가이스티브블릿츠
;924～929 , 空き番号
930 , 스킬:산뢰격
931 , 스킬:집뢰격
932 , 스킬:전격가드킬
933 , 스킬:전격가드브레이크
934 , 스킬:전격브레이크
935 , 스킬:전격리플렉트
936 , 스킬:전격드레인
937 , 스킬:전격어택커
938 , 스킬:진리의번개
939 , 스킬:스탠샷
940 , 스킬:썬더볼트
941 , 스킬:토르해머
942 , 스킬:심판의천둥
943 , 스킬:충의의전격
944 , 스킬:엘・지하드
945 , 스킬:스파크볼트
946 , 스킬:블리츠레인
;947 , 空き番号
948 , 스킬:매혹의뇌격
949 , 스킬:대방전
950 , 스킬:헬라이트닝
951 , 스킬:지오바리온
952 , 스킬:마하・지오바리온
;953～1000 , 空き番号
;-------------------------------
;충격
;-------------------------------
1001 , 스킬:잔
1002 , 스킬:잔마
1003 , 스킬:잔다인
1004 , 스킬:마하・잔
1005 , 스킬:마하・잔마
1006 , 스킬:마하・잔다인
1007 , 스킬:림도라
1008 , 스킬:회오리
1009 , 스킬:이계의바람
1010 , 스킬:악마의일갈
1011 , 스킬:동충파
1012 , 스킬:서격파
1013 , 스킬:충격의벽
1014 , 스킬:태풍의난무
;1015 , 空き番号
1016 , 스킬:살풍격
1017 , 스킬:소닉무버
1018 , 스킬:용권지옥
1019 , 스킬:열풍격
1020 , 스킬:데스허리케인
1021 , 스킬:풍신격
1022 , 스킬:포논브레스
;1023～1030 , 空き番号
1031 , 스킬:충격가드킬
1032 , 스킬:충격가드브레이크
1033 , 스킬:충격브레이크
1034 , 스킬:충격리플렉트
1035 , 스킬:충격드레인
1036 , 스킬:충격어택커
;1037 , 空き番号
1038 , 스킬:소닉붐
1039 , 스킬:소닉윙
1040 , 스킬:충의의충격
1041 , 스킬:군다리항마포
1042 , 스킬:잔・쯔바이파
1043 , 스킬:림도라온
1044 , 스킬:잔바리온
1045 , 스킬:마하・잔바리온
;1046～1100 , 空き番号
;-------------------------------
;신경
;-------------------------------
1101 , 스킬:시바브
1102 , 스킬:바인드보이스
1103 , 스킬:수해의실
1104 , 스킬:너버스엣지
;1105～1110 , 空き番号
1111 , 스킬:포이즈마
1112 , 스킬:독가스브레스
1113 , 스킬:혼탁의장기
;1114～1120 , 空き番号
1121 , 스킬:파라라아이
1122 , 스킬:파라라・웨이브
;1123 , 空き番号
1124 , 스킬:아라크노와이어
1125 , 스킬:뉴로크런치
1126 , 스킬:마이트
1127 , 스킬:마이트마
1128 , 스킬:마이트브레스
1129 , 스킬:바이쳐・더스트
1130 , 스킬:셔플러
1131 , 스킬:마카쟈마
1132 , 스킬:마계의조사
1133 , 스킬:신경가드킬
1134 , 스킬:신경가드브레이크
1135 , 스킬:신경브레이크
1136 , 스킬:신경리플렉트
1137 , 스킬:신경드레인
1138 , 스킬:신경어택커
1139 , 스킬:사신의점호
;1140 , 空き番号
1141 , 스킬:파라다인
1142 , 스킬:마이트다인
1143 , 스킬:포이즈다인
1144 , 스킬:바이스・고스펠
1145 , 스킬:마카쟈마온
1146 , 스킬:디스펠탱고
;1147～1151 , 空き番号
1152 , 스킬:악마의윙크
1153 , 스킬:Burn my Dread
1154 , 스킬:이블・트랜스
1155 , 스킬:장기의난무
;1156～1200 , 空き番号
;-------------------------------
;정신
;-------------------------------
1201 , 스킬:해피루마
1202 , 스킬:해피스텝
1203 , 스킬:고양의노래
1204 , 스킬:바리언트댄스
1205 , 스킬:델타・푸푸라
1206 , 스킬:스카프런지
1207 , 스킬:메가스트라이크
1208 , 스킬:던지는키스
1209 , 스킬:마성의난무
;1210 , 空き番号
1211 , 스킬:마린카린
1212 , 스킬:섹시댄스
1213 , 스킬:캔디보이스
1214 , 스킬:파이널누드
1215 , 스킬:절세의육체
;1216～1220 , 空き番号
1221 , 스킬:프린파
1222 , 스킬:도루미나
1223 , 스킬:자장가
1224 , 스킬:패닉보이스
1225 , 스킬:영면의유혹
1226 , 스킬:텐타라후
1227 , 스킬:유혹의안개
1228 , 스킬:최면파
1229 , 스킬:여신의리비도
1230 , 스킬:브레인버스트
1231 , 스킬:정신가드킬
1232 , 스킬:정신가드브레이크
1233 , 스킬:정신브레이크
1234 , 스킬:정신리플렉트
1235 , 스킬:정신드레인
1236 , 스킬:정신어택커
1237 , 스킬:프린파다인
1238 , 스킬:트라이앵글・나이트메어
1239 , 스킬:천사의스마일
;1240～1249 , 空き番号
1250 , 스킬:음마의난무
;1251～1259 , 空き番号
1260 , 스킬:고동의마법
1261 , 스킬:Nocturne
1262 , 스킬:퍼니시먼트
1263 , 스킬:염파의난무
;1264～1300 , 空き番号
;-------------------------------
;파마
;-------------------------------
1301 , 스킬:한마
1302 , 스킬:마한마
1303 , 스킬:파마의뇌광
1304 , 스킬:빛의심판
1305 , 스킬:엑소시즘
1306 , 스킬:헤븐즈도어
1307 , 스킬:빛의벽
1308 , 스킬:하마온
1309 , 스킬:마한마온
1310 , 스킬:티없는위광
1311 , 스킬:알파블라스터
1312 , 스킬:세라픽로어
1313 , 스킬:댐네이션
1314 , 스킬:코우가온
1315 , 스킬:코우하
1316 , 스킬:바이코우하
1317 , 스킬:마하코우하
1318 , 스킬:플레어라이트
1319 , 스킬:천중살
;1320 , 空き番号
1321 , 스킬:니르바나
;1322 , 空き番号
1323 , 스킬:파사의광탄
1324 , 스킬:세인트어택
1325 , 스킬:라이트스피어
1326 , 스킬:라이트블래스트
1327 , 스킬:갓핸드
1328 , 스킬:델타포스
1329 , 스킬:중재의뇌화
1330 , 스킬:멸망의빛
1331 , 스킬:파마가드킬
1332 , 스킬:파마가드브레이크
1333 , 스킬:파마브레이크
1334 , 스킬:파마리플렉트
1335 , 스킬:파마드레인
1336 , 스킬:파마어택커
1337 , 스킬:구자베기
1338 , 스킬:혼의단죄
1339 , 스킬:히에로스그류페인
1340 , 스킬:열광의난무
1341 , 스킬:제너두
1342 , 스킬:하마다인
1343 , 스킬:마하하마다인
1344 , 스킬:하마바리온
1345 , 스킬:마한마바리온
1346 , 스킬:마하코우가온
1347 , 스킬:코우바리온
1348 , 스킬:마하코우바리온
1349 , 스킬:백룡격
1350 , 스킬:위대한신의열매
;1351～1400 , 空き番号
;-------------------------------
;주살
;-------------------------------
1401 , 스킬:무드
1402 , 스킬:마하무드
1403 , 스킬:축시의참배
1404 , 스킬:페트라아이
1405 , 스킬:헬즈아이
1406 , 스킬:어둠의심판
1407 , 스킬:불멸의흑
;1408～1409 , 空き番号
1410 , 스킬:어둠의벽
;1411 , 空き番号
1412 , 스킬:무드온
1413 , 스킬:마하무드온
1414 , 스킬:천년의저주
1415 , 스킬:오메가클러스터
1416 , 스킬:에이하
1417 , 스킬:바이에이하
1418 , 스킬:마하에이하
1419 , 스킬:카오스엘리먼트
1420 , 스킬:에이가온
1421 , 스킬:주온
1422 , 스킬:마하주온
1423 , 스킬:저주비문
1424 , 스킬:저주의언령
1425 , 스킬:나락의파동
1426 , 스킬:이블아이
;1427～1430 , 空き番号
1431 , 스킬:주살가드킬
1432 , 스킬:주살가드브레이크
1433 , 스킬:주살브레이크
1434 , 스킬:주살리플렉트
1435 , 스킬:주살드레인
1436 , 스킬:주살어택커
;1437 , 空き番号
1438 , 스킬:도무디
1439 , 스킬:데스브레스
1440 , 스킬:테트라프리즌
1441 , 스킬:페트라브레스
1442 , 스킬:암흑의난무
1443 , 스킬:무드다인
1444 , 스킬:마하무드다인
1445 , 스킬:무드바리온
1446 , 스킬:마하무드바리온
1447 , 스킬:마하에이가온
1448 , 스킬:에이바리온
1449 , 스킬:마하에이바리온
;1450～1500 , 空き番号
;-------------------------------
;지변
;-------------------------------
1501 , 스킬:마그나
1502 , 스킬:마그나스
1503 , 스킬:마그다인
1504 , 스킬:마하・마그나
1505 , 스킬:마하・마그나스
1506 , 스킬:마하・마그다인
1507 , 스킬:암흑마하・마그나
1508 , 스킬:대지의벽
1509 , 스킬:대지의분노
1510 , 스킬:티타노마키아
1511 , 스킬:지옥떨구기
1512 , 스킬:극락떨구기
1513 , 스킬:사신소환・현무
1514 , 스킬:어스브레이크
1515 , 스킬:가이아브레이크
1516 , 스킬:기간트마키아
1517 , 스킬:그레이트・마그나스
1518 , 스킬:드래곤퀘이크
;1519 , 空き番号
1520 , 스킬:포미러버
1521 , 스킬:어둠의포미러버
;1522～1530 , 空き番号
1531 , 스킬:지변가드킬
1532 , 스킬:지변가드브레이크
1533 , 스킬:지변브레이크
1534 , 스킬:지변리플렉트
1535 , 스킬:지변드레인
1536 , 스킬:지변어택커
1537 , 스킬:칸타렐라요리
1538 , 스킬:Damnatio・Memoriae
1539 , 스킬:대지의난무
1540 , 스킬:마그바리온
1541 , 스킬:마하・마그바리온
;1542～1600 , 空き番号
;-------------------------------
;수격
;-------------------------------
1601 , 스킬:아쿠아
1602 , 스킬:아쿠에스
1603 , 스킬:아쿠아다인
1604 , 스킬:마하・아쿠아
1605 , 스킬:마하・아쿠에스
1606 , 스킬:마하・아쿠다인
1607 , 스킬:애시드레인
1608 , 스킬:피어트렌트
1609 , 스킬:아쿠아리타이드
1610 , 스킬:암흑마하・아쿠에스
1611 , 스킬:스플래시레이
1612 , 스킬:물살가르기
1613 , 스킬:베이퍼봄
1614 , 스킬:블러디레인
1615 , 스킬:원더풀・아쿠에스
1616 , 스킬:은의안개
;1617～1619 , 空き番号
1620 , 스킬:피의허니문
1621 , 스킬:강한파도
1622 , 스킬:부드러운파도
1623 , 스킬:물의벽
1624 , 스킬:피의디포즈
;1625～1630 , 空き番号
1631 , 스킬:수격가드킬
1632 , 스킬:수격가드브레이크
1633 , 스킬:수격브레이크
1634 , 스킬:수격리플렉트
1635 , 스킬:수격드레인
1636 , 스킬:수격어택커
1637 , 스킬:격류의난무
1638 , 스킬:아쿠바리온
1639 , 스킬:마하・아쿠바리온
;1640～1700 , 空き番号
;-------------------------------
;질풍
;-------------------------------
1701 , 스킬:갈
1702 , 스킬:갈라
1703 , 스킬:갈다인
1704 , 스킬:마하・갈
1705 , 스킬:마하・갈라
1706 , 스킬:마하・갈다인
1707 , 스킬:대기의벽
1708 , 스킬:선풍진
1709 , 스킬:히토코토대풍
1710 , 스킬:백룡선풍
1711 , 스킬:하늘의선풍
1712 , 스킬:땅의열풍
1713 , 스킬:사신소환・백호
1714 , 스킬:진공인
1715 , 스킬:덴저러스・갈라
1716 , 스킬:킬러윈드
1717 , 스킬:바람의춤
1718 , 스킬:참철파
;1719 , 空き番号
1720 , 스킬:크로스포츈
1721 , 스킬:트윙클네뷸라
1722 , 스킬:요화열풍
1723 , 스킬:테라포츈
1724 , 스킬:만물유전
1725 , 스킬:신공파
1726 , 스킬:다크네뷸라
1727 , 스킬:나선쌍인
;1728～1730 , 空き番号
1731 , 스킬:질풍가드킬
1732 , 스킬:질풍가드브레이크
1733 , 스킬:질풍브레이크
1734 , 스킬:질풍리플렉트
1735 , 스킬:질풍드레인
1736 , 스킬:질풍어택커
1737 , 스킬:너의기억
1738 , 스킬:하이퍼・페더☆슛
1739 , 스킬:갈바리온
1740 , 스킬:마하・갈바리온
;1741～1800 , 空き番号
;-------------------------------
;중력
;-------------------------------
1801 , 스킬:그라이
1802 , 스킬:그라이바
1803 , 스킬:그라다인
1804 , 스킬:마하・그라이
1805 , 스킬:마하・그라이바
1806 , 스킬:마하・그라다인
1807 , 스킬:중력의벽
1808 , 스킬:그라비티마인
1809 , 스킬:다무도
1810 , 스킬:다무도라
1811 , 스킬:다무도라온
1812 , 스킬:다크스피어
1813 , 스킬:칠성강천
1814 , 스킬:이클립스
1815 , 스킬:스펠그룸
1816 , 스킬:마그네스톰
;1817～1830 , 空き番号
1831 , 스킬:중력가드킬
1832 , 스킬:중력가드브레이크
1833 , 스킬:중력브레이크
1834 , 스킬:중력리플렉트
1835 , 스킬:중력드레인
1836 , 스킬:중력어택커
1837 , 스킬:Mass Destruction
1838 , 스킬:♪아직안돼요♪
1839 , 스킬:중력의난무
1840 , 스킬:그라바리온
1841 , 스킬:마하・그라바리온
;1842～1900 , 空き番号
;-------------------------------
;핵열
;-------------------------------
1901 , 스킬:프레이
1902 , 스킬:프레이라
1903 , 스킬:프레이다인
1904 , 스킬:히트카이저
1905 , 스킬:뉴클리어미사일
1906 , 스킬:기가
1907 , 스킬:기가온
1908 , 스킬:기가리온
1909 , 스킬:마하기가
1910 , 스킬:마하기가온
1911 , 스킬:마하기가리온
1912 , 스킬:플래시봄
1913 , 스킬:코즈믹플레어
1914 , 스킬:아스테로이드봄
1915 , 스킬:아토믹플레어
1916 , 스킬:이그니스봄
;1917～1921 , 空き番号
1922 , 스킬:울트라프레이라
1923 , 스킬:노바사이저
1924 , 스킬:작열의꽃
1925 , 스킬:다크노바사이저
;1926～1930 , 空き番号
1931 , 스킬:핵열가드킬
1932 , 스킬:핵열가드브레이크
1933 , 스킬:핵열브레이크
1934 , 스킬:핵열리플렉트
1935 , 스킬:핵열드레인
1936 , 스킬:핵열어택커
1937 , 스킬:열핵의난무
1938 , 스킬:기가바리온
1939 , 스킬:마하・기가바리온
;1940～2000 , 空き番号
;-------------------------------
;만능
;-------------------------------
2001 , 스킬:메기도
2002 , 스킬:메기도라
2003 , 스킬:메기도라온
2004 , 스킬:메기도라다인
2005 , 스킬:자폭
2006 , 스킬:옥쇄파
;2007 , 空き番号
2008 , 스킬:위대한로고스
2009 , 스킬:메기도・아크
;2010 , 空き番号
2011 , 스킬:네크로・도그마
2012 , 스킬:메기도크로스
2013 , 스킬:흡혈
2014 , 스킬:헤이트그로우
2015 , 스킬:데드엔드
;2016～2017 , 空き番号
2018 , 스킬:모크샤기타
2019 , 스킬:56억7천만의장
2020 , 스킬:2억4천만의악
2021 , 스킬:만월의여왕
2022 , 스킬:초메기도
2023 , 스킬:저지먼트
2024 , 스킬:천벌
2025 , 스킬:크레센트미러
;2026 , 空き番号
2027 , 스킬:운명의수레바퀴
2028 , 스킬:스펙트라포스
2029 , 스킬:기어오는혼돈
2030 , 스킬:시간의수레바퀴
2031 , 스킬:지라이야난무
2032 , 스킬:적살
;2033 , 空き番号
2034 , 스킬:만마의난무
2035 , 스킬:멀티디멘션
2036 , 스킬:어나더디멘션
;2037 , 空き番号
2038 , 스킬:빛나는낙인
2039 , 스킬:독의빛
2040 , 스킬:칠색연옥파
;2041～2044 , 空き番号
2045 , 스킬:지하드
;2046 , 空き番号
2047 , 스킬:삼계윤회
2048 , 스킬:브라흐마스트라
2049 , 스킬:나선의뱀
;2050～2053 , 空き番号
2054 , 스킬:이클립스미러
2055 , 스킬:물고늘어지기
2056 , 스킬:씹어흩뿌리기
2057 , 스킬:물어떼기
2058 , 스킬:폭음폭식
2059 , 스킬:귀신먹기
2060 , 스킬:대상제
2061 , 스킬:최후의만찬
2062 , 스킬:만마의일격
;2063 , 空き番号
2064 , 스킬:질투의폭압
;2065 , 空き番号
2066 , 스킬:색즉시공
2067 , 스킬:끝나는세계
2068 , 스킬:바빌론의잔
2069 , 스킬:침묵의속삭임
2070 , 스킬:엄정한심판
2071 , 스킬:기만의진언
2072 , 스킬:대죄의철갑탄
;2073～2076 , 空き番号
2077 , 스킬:사신의만성
2078 , 스킬:마연의나팔
2079 , 스킬:죽은파리의장례
2080 , 스킬:시나이의신화
2081 , 스킬:왕중의왕
2082 , 스킬:태초에숨은악
2083 , 스킬:9999메기도라온
2084 , 스킬:새벽의명성
2085 , 스킬:브류나크
2086 , 스킬:신의악의
2087 , 스킬:4대소환
2088 , 스킬:신벌대행
2089 , 스킬:즉결이단심문회
2090 , 스킬:오니야라이
2091 , 스킬:체리엇
2092 , 스킬:금기의간결칼날
2093 , 스킬:만마조복
2094 , 스킬:멸망의가창
2095 , 스킬:사나이의꽃길
2096 , 스킬:마구쏘기
2097 , 스킬:극광대파참
2098 , 스킬:지고의마탄・인수라
;2099～2100 , 空き番号
;-------------------------------
;ＧＵＮ
;-------------------------------
2101 , 스킬:ＧＵＮ
2102 , 스킬:파워샷
2103 , 스킬:약장탄
2104 , 스킬:정밀사격
2105 , 스킬:성스러운탄환
2106 , 스킬:저주의탄환
2107 , 스킬:베놈샷
2108 , 스킬:랜디샷
2109 , 스킬:신경탄
2110 , 스킬:디스펠샷
2111 , 스킬:그레이트풀원
2112 , 스킬:록불릿
2113 , 스킬:코로나샷
2114 , 스킬:Freischutz
2115 , 스킬:랜턴샷
2116 , 스킬:프로스트샷
2117 , 스킬:노이즈샷
2118 , 스킬:중력자샷
2119 , 스킬:살라만더탄
2120 , 스킬:운디네탄
2121 , 스킬:놈봄
2122 , 스킬:실프샷
2123 , 스킬:급소사격
2124 , 스킬:주작샷
2125 , 스킬:현무샷
2126 , 스킬:백호샷
2127 , 스킬:청룡샷
2128 , 스킬:섬광탄
2129 , 스킬:해피샷
;2130～2149 , 空き番号
2150 , 스킬:더블탭
;2151～2300 , 空き番号
;-------------------------------
;基本行動
;-------------------------------
2301 , 스킬:ＣＨＡＮＧＥ
2302 , 스킬:ＲＥＴＵＲＮ
;2303 , 空き番号
2304 , 스킬:P・체인지
2305 , 스킬:ＤＵＭＭＹ
2306 , 스킬:Hi-Das
2307 , 스킬:도주
2308 , 스킬:소환
2309 , 스킬:동료호출
2310 , 스킬:악마변신
2311 , 스킬:변신악마변경
2312 , 스킬:프로텍트모드
2313 , 스킬:프로텍트모드(광범위)
2314 , 스킬:행동불능
2315 , 스킬:금전뿌리기
;2316 , 空き番号
2317 , 스킬:잠재반격
2318 , 스킬:잠재회복
2319 , 스킬:잠재공격
2320 , 스킬:잠재특수
2321 , 스킬:잠재보조
2322 , 스킬:즉사치환스킬
2323 , 스킬:행동예고
;2324～2389 , 空き番号
2390 , 스킬:강제사망
;2391～2399 , 空き番号
2400 , 스킬:일할의활천
;-------------------------------
;자동효과
;-------------------------------
2401 , 스킬:이할의활천
2402 , 스킬:삼할의활천
2403 , 스킬:일할의마맥
2404 , 스킬:이할의마맥
2405 , 스킬:삼할의마맥
2406 , 스킬:이악물기
2407 , 스킬:불굴의투지
2408 , 스킬:치유촉진(소)
2409 , 스킬:치유촉진(중)
2410 , 스킬:치유촉진(대)
2411 , 스킬:기공(소)
2412 , 스킬:기공(중)
2413 , 스킬:기공(대)
2414 , 스킬:타루카쟈오토
2415 , 스킬:라쿠카쟈오토
2416 , 스킬:마카카쟈오토
2417 , 스킬:스쿠카쟈오토
2418 , 스킬:코칭
2419 , 스킬:어드바이스
2420 , 스킬:관통
2421 , 스킬:영세라이도우
2422 , 스킬:추격의심득
2423 , 스킬:황천의회심
2424 , 스킬:정천의회심
2425 , 스킬:하이퍼카운터
2426 , 스킬:진・전문내성
2427 , 스킬:서드아이
2428 , 스킬:치유의파동
2429 , 스킬:견학성장
2430 , 스킬:아이템숙련
2431 , 스킬:민속학
2432 , 스킬:유혹
2433 , 스킬:승리의포효
2434 , 스킬:아르카나시프트
2435 , 스킬:프린키피아
2436 , 스킬:무도의마음가짐
2437 , 스킬:마술의소양
2438 , 스킬:장비지식Lv0
2439 , 스킬:장비지식Lv1
2440 , 스킬:장비지식Lv2
2441 , 스킬:장비지식Lv3
2442 , 스킬:장비지식Lv4
2443 , 스킬:장비지식Lv5
2444 , 스킬:사마카쟈오토
2445 , 스킬:필사적인공부
2446 , 스킬:이신의잔영
2447 , 스킬:백발백중
2448 , 스킬:천발천중
;2449 , 空き番号
2450 , 스킬:검격부스터
2451 , 스킬:비구부스터
2452 , 스킬:타격부스터
2453 , 스킬:전술부스터
2454 , 스킬:화염부스터
2455 , 스킬:빙결부스터
2456 , 스킬:전격부스터
2457 , 스킬:충격부스터
2458 , 스킬:신경부스터
2459 , 스킬:정신부스터
2460 , 스킬:파마부스터
2461 , 스킬:주살부스터
2462 , 스킬:지변부스터
2463 , 스킬:수격부스터
2464 , 스킬:질풍부스터
2465 , 스킬:중력부스터
2466 , 스킬:핵열부스터
;2467 , 空き番号
2468 , 스킬:흡수공격
2469 , 스킬:회심전심
2470 , 스킬:인사이트
2471 , 스킬:생명소모(소)
2472 , 스킬:생명소모(중)
2473 , 스킬:생명소모(대)
2474 , 스킬:생명소모(착유)
2475 , 스킬:생명소모(착정)
2476 , 스킬:기합부스터
2477 , 스킬:집중부스터
2478 , 스킬:생환트릭
2479 , 스킬:보물찾기
2480 , 스킬:치어링
2481 , 스킬:반격
2482 , 스킬:맹반격
2483 , 스킬:데스카운터
2484 , 스킬:닷지카운터
2485 , 스킬:악셀
;2486 , 空き番号
2487 , 스킬:조잡
2488 , 스킬:자만심
2489 , 스킬:인왕자세
2490 , 스킬:결단
2491 , 스킬:촌분의결단
2492 , 스킬:원기의노래
2493 , 스킬:신경이상내성
2494 , 스킬:신경이상무효
2495 , 스킬:정신이상내성
2496 , 스킬:정신이상무효
2497 , 스킬:스톤헌트
;2498～2500 , 空き番号
;-------------------------------
;敵専用
;-------------------------------
2501 , 스킬:신의심판
2502 , 스킬:신의숨결
2503 , 스킬:매혹의과실
2504 , 스킬:너의옷은무력
;2505 , 空き番号
2506 , 스킬:인간불가침
2507 , 스킬:닿지않는기도
2508 , 스킬:미혹의먹줄
2509 , 스킬:미혹의먹줄(약)
2510 , 스킬:엑스트라원
2511 , 스킬:파리화의저주
2512 , 스킬:퓨어블루
2513 , 스킬:가군라즈
2514 , 스킬:베어먹기・식
2515 , 스킬:트리플바이스・식
2516 , 스킬:삼켜내기
2517 , 스킬:분노의만물
2518 , 스킬:일기당천의눈빛
2519 , 스킬:사인 난다카
2520 , 스킬:모어・샤인
2521 , 스킬:대왕생
2522 , 스킬:디스트링스
2523 , 스킬:어센션
2524 , 스킬:상암
;2525 , 空き番号
2526 , 스킬:가드킬브레이크
2527 , 스킬:해제
2528 , 스킬:헤드
2529 , 스킬:역테트라칸
2530 , 스킬:역마가라칸
2531 , 스킬:대천세계의 바람
2532 , 스킬:자애의맹반격（보스용）
2533 , 스킬:적전용단체공격
2534 , 스킬:BS엑스트라
2535 , 스킬:적전용전체공격
2536 , 스킬:만물도륙
2537 , 스킬:사부사부드릴
2538 , 스킬:암흑YOUNG전설
2539 , 스킬:ＭＧ３４
2540 , 스킬:Breikonzert
2541 , 스킬:독가스
2542 , 스킬:신경가스
2543 , 스킬:ＪＯＫＥＲ
2544 , 스킬:성왕광림검
2545 , 스킬:성창
2546 , 스킬:성배
2547 , 스킬:성궤
2548 , 스킬:브릴블리츠
2549 , 스킬:주성의압격
2550 , 스킬:라스타캔디
2551 , 스킬:어둠의포옹
;2552 , 空き番号
2553 , 스킬:패러다임시프트
2554 , 스킬:어두운밤의드레스
2555 , 스킬:초중폭탄
2556 , 스킬:주극의거포
2557 , 스킬:성소녀의창끝
2558 , 스킬:암흑의뇌광
2559 , 스킬:볼캐닉커
2560 , 스킬:파괴의성풍
2561 , 스킬:각인의날개
2562 , 스킬:독소방어
2563 , 스킬:흡혈장기
2564 , 스킬:바이널스트라이크
2565 , 스킬:불행의훌라댄스
2566 , 스킬:ＳＴＯＮＥ
2567 , 스킬:백화요란
2568 , 스킬:버터플라이스톰
2569 , 스킬:돌핀킥
2570 , 스킬:마카빔
2571 , 스킬:하테나・박스
2572 , 스킬:밤의여왕
2573 , 스킬:원초의암흑
2574 , 스킬:어게인스트페인
2575 , 스킬:사막의바람
2576 , 스킬:짐승의안광
2577 , 스킬:용의안광
;2578～2600 , 空き番号
;-------------------------------
;幻想郷
;-------------------------------
2601 , 스킬:확산탄막사출
2602 , 스킬:집중탄막사출
2603 , 스킬:The Positive
2604 , 스킬:The Negative
2605 , 스킬:Evil Eyes
2606 , 스킬:Innocent Devil
2607 , 스킬:Civilization of Magic
2608 , 스킬:유환난무
2609 , 스킬:Hellish Moon
2610 , 스킬:Astral Knight
2611 , 스킬:전차소녀가꾸는꿈
2612 , 스킬:어둠의힘
2613 , 스킬:꿈소실
2614 , 스킬:마니아컬걸
2615 , 스킬:러브니들
2616 , 스킬:라운드기어
2617 , 스킬:SailorofTime
2618 , 스킬:몽환전설
2619 , 스킬:미미짱발사
2620 , 스킬:장식전
2621 , 스킬:홍향곡
2622 , 스킬:영전
2623 , 스킬:메이드환상
2624 , 스킬:귀여운악마
2625 , 스킬:마법진
2626 , 스킬:영천
2627 , 스킬:진홍의소녀
2628 , 스킬:배신의소녀
2629 , 스킬:슬픈인형
2630 , 스킬:신화환상
;2631～2697 , 空き番号
2698 , 스킬:찰나의칼날・이
2699 , 스킬:찰나의칼날
2700 , 스킬:갑옷관통・이
;-------------------------------
;専用スキル
;-------------------------------
2701 , 스킬:퓨프리레게돈
2702 , 스킬:극락떨구기・개
2703 , 스킬:릴리즈제일・개
2704 , 스킬:선풍진・개
2705 , 스킬:바이널스트라이크・개
2706 , 스킬:바이라바
2707 , 스킬:바이쿤타
2708 , 스킬:분노의정격
2709 , 스킬:분노의온격
2710 , 스킬:분노의물마
2711 , 스킬:진・천경지폭단
2712 , 스킬:폭철화의무대장치
2713 , 스킬:헬블레이즈
2714 , 스킬:지옥의영조
2715 , 스킬:분노의겁화
2716 , 스킬:전대의극의
2717 , 스킬:란카
2718 , 스킬:란캄
2719 , 스킬:란카인
2720 , 스킬:스타더스트
2721 , 스킬:소녀의간식
2722 , 스킬:피의안달루시아
2723 , 스킬:적색의카포테
2724 , 스킬:헬스핀
2725 , 스킬:헬에기조스트
2726 , 스킬:헬버너
2727 , 스킬:회전설법
2728 , 스킬:명상
2729 , 스킬:죽어줄래？
2730 , 스킬:놀아줄래？
2731 , 스킬:사령이부르는소리
2732 , 스킬:고모라의옥염
2733 , 스킬:갓애로우
2734 , 스킬:테러소드
2735 , 스킬:혼의밸런스
2736 , 스킬:전염병생산
2737 , 스킬:축복
2738 , 스킬:손이많이가네！
2739 , 스킬:폭풍속의노랫소리
2740 , 스킬:레디언트블래스트
2741 , 스킬:수플레데클레르
;2742～2743 , 空き番号
2744 , 스킬:부하악마의행군
;2745～2754 , 空き番号
2755 , 스킬:라비리스연격
2756 , 스킬:파사의홍염
2757 , 스킬:마신의조사
2758 , 스킬:윈드트릭
2759 , 스킬:도깨비불아프트
2760 , 스킬:반역의칼날
;2761～2800 , 空き番号
;-------------------------------
;幻想郷2
;-------------------------------
2801 , 스킬:스펠카드『귀형수』
;2802～2808 , 空き番号
2809 , 스킬:빙의박탈「슬레이브・로버」
2810 , 스킬:「퀸・오브・버블」
2811 , 스킬:「최흉최악의극빈불행신」
2812 , 스킬:빈부「미스찬스・스캐터」
2813 , 스킬:아기무
2814 , 스킬:부흐라무
2815 , 스킬:지오무
2816 , 스킬:디무
2817 , 스킬:디아무
2818 , 스킬:비루라
2819 , 스킬:굿스리토
;2820～2828 , 空き番号
2829 , 스킬:『불의전차』
2830 , 스킬:『폭풍을부르는남자』
2831 , 스킬:『얼려버리는라인』
2832 , 스킬:『봄버걸』
2833 , 스킬:『너의눈은일만볼트』
;2834～2837 , 空き番号
2838 , 스킬:몽부「몽상봉인」
2839 , 스킬:연부「마스터스파크」
2840 , 스킬:야부「나이트버드」
2841 , 스킬:동부「마이너스Ｋ」
2842 , 스킬:채부「채광풍령」
2843 , 스킬:화수목금토부「현자의돌」
2844 , 스킬:메이드비기「살인인형」
2845 , 스킬:신창「스피어･더･궁니르」
2846 , 스킬:금기「레바테인」
2847 , 스킬:한부「링거링콜드」
2848 , 스킬:화묘「첸」
2849 , 스킬:전부「리틀레기온」
2850 , 스킬:소부「리리카・솔로라이브」
2851 , 스킬:소부「메를랑･해피라이브」
2852 , 스킬:소부「루나사･솔로라이브」
;2853 , 空き番号
2854 , 스킬:아왕검「아귀십왕의보답」
2855 , 스킬:「반혼접」
2856 , 스킬:식휘「프린세스하늘여우」
2857 , 스킬:경부「색과공의경계」
2858 , 스킬:귀부「미싱파워」
2859 , 스킬:준부「리틀버그스톰」
2860 , 스킬:야맹「밤참새의노래」
2861 , 스킬:광부「아마테라스」
2862 , 스킬:차부「오오나무치님의약」
2863 , 스킬:광시「광시조율」
2864 , 스킬:비약「선향옥토」
2865 , 스킬:난제 「오색의탄환」
2866 , 스킬:「봉래인형」
2867 , 스킬:돌풍「사루타히코의선도」
2868 , 스킬:섬망「인투델리리엄」
2869 , 스킬:화부「환상향의개화」
2870 , 스킬:혼부「생혼유리의낫」
2871 , 스킬:심판「시왕재판」
2872 , 스킬:엽부「광기의낙엽」
2873 , 스킬:풍작「곡물신의약속」
2874 , 스킬:액부「배드포츈」
2875 , 스킬:수부「캇파의포로로카」
2876 , 스킬:구부「레이비즈바이트」
2877 , 스킬:그레이서머티지
2878 , 스킬:기제「메도테코난무」
2879 , 스킬:신구「모리야의쇠바퀴」
2880 , 스킬:양광「선샤인블래스트」
2881 , 스킬:월광「다크스틸니스」
2882 , 스킬:유성「코멧스트림」
;2883～2884 , 空き番号
2885 , 스킬:극부「뇌운극어」
2886 , 스킬:기부「천계기상의검」
2887 , 스킬:괴기「두레박떨이의괴」
2888 , 스킬:장부「필드미애즈마」
2889 , 스킬:질투「ｼﾞｪﾗｼｰﾎﾞﾝﾊﾞｰ」
2890 , 스킬:삼보필살
2891 , 스킬:상기「테러블수브니르」
2892 , 스킬:속죄「옛지옥의바늘산」
2893 , 스킬:「지옥의인공태양」
2894 , 스킬:억제「슈퍼에고」
2895 , 스킬:재보「골드러시」
2896 , 스킬:경우「게릴라태풍」
2897 , 스킬:권타「주먹스매시」
;2898～2899 , 空き番号
2900 , 스킬:전복「길동무앵커」
2901 , 스킬:천부「초토만타라」
2902 , 스킬:대마법「마신복송」
2903 , 스킬:누부「탄막키메라」
2904 , 스킬:원안「천구사이코그래피」
2905 , 스킬:대성「차지드야호」
2906 , 스킬:독조「죽지않는살인귀」
2907 , 스킬:통령「통령요시카」
2908 , 스킬:뇌시「가고지사이클론」
2909 , 스킬:염부「폐불의염풍」
2910 , 스킬:「별이지는신령묘」
2911 , 스킬:「마미조화탄막십변화」
;2912～2915 , 空き番号
2916 , 스킬:오니의금강력
;2917 , 空き番号
2918 , 스킬:초９무신패참
2919 , 스킬:인부「역린의거친파도」
2920 , 스킬:안광「헬즈레이」
2921 , 스킬:포효「만월의울부짖음」
2922 , 스킬:악보「스코어웹」
2923 , 스킬:향부「에코체임버」
2924 , 스킬:역전「체인지에어브레이브」
2925 , 스킬:소추「네가커져라얍」
2926 , 스킬:팔고「뇌신의분노」
2927 , 스킬:빙의「희로애락포제션」
2928 , 스킬:염력「텔레키네시스전파탑」
2929 , 스킬:총부「루나틱건」
2930 , 스킬:토부「베리베리경단」
2931 , 스킬:몽부「황색의착종미몽」
2932 , 스킬:옥부「예신탐지형기뢰」
2933 , 스킬:「아폴로날조설」
2934 , 스킬:순부「퓨얼리불릿헬」
2935 , 스킬:「트리니테리언랩소디」
2936 , 스킬:접부「미닛스케일즈」
2937 , 스킬:접부「한여름의날갯짓」
2938 , 스킬:인부「야만바의식칼갈기」
2939 , 스킬:박부「외톨이아훔의호흡」
2940 , 스킬:마부「불릿골렘」
2941 , 스킬:광무「크레이지백댄스」(정신)
2942 , 스킬:광무「크레이지백댄스」(생명)
2943 , 스킬:「뒷・브리지체리블로섬」
2944 , 스킬:「뒷・퍼펙트서머아이스」
2945 , 스킬:「뒷・크레이지폴윈드」
2946 , 스킬:「뒷・익스트림윈터」
2947 , 스킬:「아나키불릿헬」
2948 , 스킬:춘부「서프라이즈스프링」
2949 , 스킬:빙부「쿨선플라워」
2950 , 스킬:용부「드래곤즈그로울」
;-------------------------------
;악마사냥꾼
;-------------------------------
2951 , 스킬:투섬타임
2952 , 스킬:홀리스타
2953 , 스킬:라운드트립
2954 , 스킬:휠윈드
2955 , 스킬:스팅거
2956 , 스킬:쇼타임
2957 , 스킬:아버지의이름에맹세코
2958 , 스킬:네버기브업
;-------------------------------
;型月
;-------------------------------
2959 , 스킬:보석마술
2960 , 스킬:베어내는전신의검
2961 , 스킬:산맥을뒤흔드는샛별의장작
2962 , 스킬:영봉을밟고끌어안는명부의풀무
;2963～2964 , 空き番号
2965 , 스킬:신언마술식・잿빛신부
2966 , 스킬:무한의검제
2967 , 스킬:기영의고삐
2968 , 스킬:홍주・염부제염정
2969 , 스킬:주법・옥천붕
2970 , 스킬:배럴레플리카
2971 , 스킬:고유결계：고갈정원
2972 , 스킬:적주：함발
2973 , 스킬:공상구현화
2974 , 스킬:제7성전
2975 , 스킬:17분할
2976 , 스킬:암흑히스이권
2977 , 스킬:발도오의・하정추성
2978 , 스킬:포말의꿈
2979 , 스킬:무장999
2980 , 스킬:정식외전
2981 , 스킬:나이트룰러・더・블러드・딜러
2982 , 스킬:스피어・브레이크・슬라이더
2983 , 스킬:극사・나나야
2984 , 스킬:트라이헤르메스・블랙랜드
2985 , 스킬:약속된승리의검
2986 , 스킬:황홀로초대하는황금극장
2987 , 스킬:선혈마양
;-------------------------------
;魔法少女
;-------------------------------
2988 , 스킬:사랑을품은검은날개
2989 , 스킬:마탄의무도
2990 , 스킬:마녀의입맞춤
2991 , 스킬:구제의손
2992 , 스킬:한손으로열손
2993 , 스킬:나의세계
2994 , 스킬:치료해줄게！
2995 , 스킬:롯소・판타즈마
2996 , 스킬:스쿠왈타토레
2997 , 스킬:티로・피날레
2998 , 스킬:침식하는검은날개
2999 , 스킬:피니투라・프레차
;3000 , 空き番号
;-------------------------------
;使用アイテム
;-------------------------------
3001 , 스킬:외상약
3002 , 스킬:마석
3003 , 스킬:우황단
3004 , 스킬:보옥
3005 , 스킬:메디컬파우더
3006 , 스킬:야마타노드링크
3007 , 스킬:보옥륜
3008 , 스킬:도반옥
3009 , 스킬:반혼향
3010 , 스킬:힘의향
3011 , 스킬:지혜의향
3012 , 스킬:마력의향
3013 , 스킬:내구의향
3014 , 스킬:속도의향
3015 , 스킬:운의향
3016 , 스킬:벼랑끝분말
3017 , 스킬:디스포이즌
3018 , 스킬:디스패라이즈
3019 , 스킬:디스챰
3020 , 스킬:디스톤
3021 , 스킬:디스클로즈
3022 , 스킬:이와쿠라의물
3023 , 스킬:암리타소다
3024 , 스킬:암리타샤워
3025 , 스킬:챠크라드롭
3026 , 스킬:챠크라포트
3027 , 스킬:그레이트챠크라
3028 , 스킬:소마의물방울
3029 , 스킬:소마
3030 , 스킬:은의마니샤
3031 , 스킬:화제신부
3032 , 스킬:명왕신부
3033 , 스킬:관음신부
3034 , 스킬:천구신부
3035 , 스킬:물반경
3036 , 스킬:마반경
3037 , 스킬:데쿤다의돌
3038 , 스킬:데카쟈의돌
3039 , 스킬:생옥
3040 , 스킬:눈속임의구슬
3041 , 스킬:개비의열매
3042 , 스킬:봉마의방울
3043 , 스킬:집마의피리
3044 , 스킬:황금의벌꿀주
3045 , 스킬:전망구슬
3046 , 스킬:디스가이즈굿즈
3047 , 스킬:코어실드
3048 , 스킬:디스커스
3049 , 스킬:둔갑나침반
3050 , 스킬:질서의돌
3051 , 스킬:혼돈의돌
3052 , 스킬:선행의돌
3053 , 스킬:악행의돌
;3054～3059 , 空き番号
3060 , 스킬:순미가라지시
3061 , 스킬:순미비장마사무네
3062 , 스킬:본양조만사쿠
3063 , 스킬:본양조백육십이대
3064 , 스킬:음양유메자쿠라
3065 , 스킬:대음양구단시코미
3066 , 스킬:월노빙륜산
;3067～3069 , 空き番号
3070 , 스킬:고급외상약
3071 , 스킬:메디컬키트
3072 , 스킬:신단의영옥
;3073～3074 , 空き番号
3075 , 스킬:모듬스시세트
3076 , 스킬:전투식량MRE
3077 , 스킬:곱빼기즉석라멘
3078 , 스킬:데빌스타
3079 , 스킬:화장석
;3080～3099 , 空き番号
3100 , 스킬:솔빙오브
3101 , 스킬:화염병
3102 , 스킬:네이팜탄
3103 , 스킬:화염의곡옥
3104 , 스킬:열화의곡옥
3105 , 스킬:액화질소봄베
3106 , 스킬:극한의곡옥
3107 , 스킬:라이어트밤
3108 , 스킬:격뢰의곡옥
3109 , 스킬:챠이캄TNT
3110 , 스킬:메기도스톤
3111 , 스킬:메기도라스톤
3112 , 스킬:뉴클리어밤
3113 , 스킬:독화살
3114 , 스킬:스파이럴밤
3115 , 스킬:시아귀미
3116 , 스킬:충독명
3117 , 스킬:파마화살
3118 , 스킬:비공침
3119 , 스킬:스턴그레네이드
3120 , 스킬:붉은할아버지＆검은할아버지인형
3121 , 스킬:중압의곡옥
3122 , 스킬:흑성의곡옥
3123 , 스킬:질풍의곡옥
3124 , 스킬:폭풍의곡옥
3125 , 스킬:지변의곡옥
3126 , 스킬:격진의곡옥
3127 , 스킬:수격의곡옥
3128 , 스킬:격류의곡옥
3129 , 스킬:충격의곡옥
3130 , 스킬:회오리의곡옥
3131 , 스킬:핵열의곡옥
3132 , 스킬:핵렬의곡옥
3133 , 스킬:만리의안경
;3134～3196 , 空き番号
3197 , 스킬:붕괴주
3198 , 스킬:스피릿리브
3199 , 스킬:겨우살이
;3200～3209 , 空き番号
3210 , 스킬:팬케이크
;3211～3240 , 空き番号
3241 , 스킬:【아픔에강함】
3242 , 스킬:【젖기쉬움】
;3243～3249 , 空き番号
3250 , 스킬:【습득빠름】
;3251 , 空き番号
3252 , 스킬:【혀놀림】
3253 , 스킬:【바늘다루기】
;3254～3256 , 空き番号
3257 , 스킬:【오줌싸개버릇】
;3258～3301 , 空き番号
3302 , 스킬:【Ｃ민감】
;3303 , 空き番号
3304 , 스킬:【Ｖ민감】
;3305 , 空き番号
3306 , 스킬:【Ａ민감】
;3307 , 空き番号
3308 , 스킬:【Ｂ민감】
;3309～3329 , 空き番号
3330 , 스킬:【회복빠름】
;3331～3342 , 空き番号
3343 , 스킬:【동물귀】
;3344～3500 , 空き番号
;-------------------------------
;外部作品スキル
;-------------------------------
3501 , 스킬:가짜얼음검
3502 , 스킬:가짜얼음화살
3503 , 스킬:가짜얼음벽
3504 , 스킬:가짜얼음의땅
3505 , 스킬:가짜얼음검이연참
3506 , 스킬:에메랄드소드
3507 , 스킬:가재가르기
3508 , 스킬:열조
3509 , 스킬:드래곤포스
3510 , 스킬:혼사냥
3511 , 스킬:그래비티프레스
3512 , 스킬:풍파・카마이타치
3513 , 스킬:끈자르기
3514 , 스킬:대흡혈
3515 , 스킬:만천화우
3516 , 스킬:에브리데이드림
3517 , 스킬:자신만의별
3518 , 스킬:그림자속임수
3519 , 스킬:힐링
;3520 , 空き番号
3521 , 스킬:연기회복
3522 , 스킬:선풍감아올리기
3523 , 스킬:단풍잎베기
3524 , 스킬:눈보라베기
3525 , 스킬:무영
3526 , 스킬:되갚기
3527 , 스킬:금시조왕선풍
3528 , 스킬:산산히흩어지는벚꽃
3529 , 스킬:분노폭발
3530 , 스킬:분노오의
3531 , 스킬:안느・무츠베
3532 , 스킬:레라시우
3533 , 스킬:누에타마
3534 , 스킬:카무이・림세
3535 , 스킬:에픈키네니타이
;3536～3540 , 空き番号
3541 , 스킬:거대화의주탄
3542 , 스킬:축소화의주탄
3543 , 스킬:『망토회귀』
;3544 , 空き番号
3545 , 스킬:리본・부스트
3546 , 스킬:B・레인보우EGG
3547 , 스킬:니어데스리벤지
3548 , 스킬:쿼드커즈
3549 , 스킬:루푸시・쿠아레
3550 , 스킬:콘루・멤
3551 , 스킬:루푸시・테크・눔・치우
3552 , 스킬:카무이・시투키
3553 , 스킬:육도열화
3554 , 스킬:재염
;3555 , 空き番号
3556 , 스킬:초열혼
3557 , 스킬:대폭살
;3558～3573 , 空き番号
3574 , 스킬:어택게인
3575 , 스킬:디펜스게인
3576 , 스킬:배드인밸리드
3577 , 스킬:슬리프올
3578 , 스킬:매드스트라이프
3579 , 스킬:커스올
3580 , 스킬:아이스：TROY
3581 , 스킬:해킹원
3582 , 스킬:해킹리액트
3583 , 스킬:Ｂ데이터이레이저
3584 , 스킬:스케이프고트
3585 , 스킬:로스트파워
3586 , 스킬:천벌잭2021
3587 , 스킬:마법의비눗방울
;3588 , 空き番号
3589 , 스킬:기절의참격
3590 , 스킬:재생의협주곡
3591 , 스킬:인어공주의연심
3592 , 스킬:맹독의협주곡
3593 , 스킬:분기의합주
;3594 , 空き番号
3595 , 스킬:영자갑옷
3596 , 스킬:추토의참격
3597 , 스킬:질풍의상동곡
3598 , 스킬:어둠에삼켜져라！
3599 , 스킬:연색에너지
3600 , 스킬:데빌트리거
3601 , 스킬:환영검
3602 , 스킬:열풍환영검
3603 , 스킬:차원참
3604 , 스킬:거합질주
3605 , 스킬:에어트릭
3606 , 스킬:염마도연참
3607 , 스킬:조금만더힘을
3608 , 스킬:에어하이크
3609 , 스킬:롤링블레이즈
3610 , 스킬:메테오
3611 , 스킬:사색의프렐류드
3612 , 스킬:도나영감소환
3613 , 스킬:셋햇
3614 , 스킬:레드샷
3615 , 스킬:R・핫나이트
3616 , 스킬:이나즈마
3617 , 스킬:하이볼티지
3618 , 스킬:코레다
;3619 , 空き番号
3620 , 스킬:사이플래시
3621 , 스킬:아카식버스터
3622 , 스킬:리빙데드
3623 , 스킬:미제라블・머더케이스
3624 , 스킬:크리피프렌즈
3625 , 스킬:블리츠대쉬
3626 , 스킬:SONG OF DIVA
3627 , 스킬:X-ROSS DISASTER
3628 , 스킬:스파크스텔라
3629 , 스킬:앵커넥서스
3630 , 스킬:오비탈에지
3631 , 스킬:루미너리마인
3632 , 스킬:키스오브디바
3633 , 스킬:드래프트스파이럴
3634 , 스킬:클로스랜서
3635 , 스킬:DARKNESS TRIGGER
3636 , 스킬:뇌격린
3637 , 스킬:피뢰침
3638 , 스킬:대조초래
3639 , 스킬:대사초래
3640 , 스킬:토룡초래
3641 , 스킬:최면효초래
3642 , 스킬:검호초래
3643 , 스킬:플레임버라지
3644 , 스킬:아이스버라지
3645 , 스킬:선더버라지
;3646 , 空き番号
3647 , 스킬:파이어암즈
3648 , 스킬:프리즈암즈
3649 , 스킬:쇼크암즈
3650 , 스킬:이미트웨폰
3651 , 스킬:비호의구령
3652 , 스킬:체이스세이버
3653 , 스킬:체이스스러스트
3654 , 스킬:체이스블로
3655 , 스킬:체이스플레임
3656 , 스킬:체이스아이스
3657 , 스킬:체이스선더
3658 , 스킬:다크에테르
3659 , 스킬:자폭(비)
3660 , 스킬:눈에서미사일！
3661 , 스킬:입에서빔！
3662 , 스킬:디바이드가드
3663 , 스킬:라인디바이드
3664 , 스킬:라인가드
3665 , 스킬:사이코볼
3666 , 스킬:사이코허리케인
3667 , 스킬:파이어애로우
3668 , 스킬:파이어사이코
3669 , 스킬:사이코쉐이커
3670 , 스킬:사이코파이널
3671 , 스킬:브레이크
3672 , 스킬:텔레포트
3673 , 스킬:배틀텔레포트
3674 , 스킬:에어
3675 , 스킬:배틀에어
3676 , 스킬:배틀히트
3677 , 스킬:뉴에어
3678 , 스킬:배틀홀텔레포트
3679 , 스킬:점프
3680 , 스킬:잔류사념
3681 , 스킬:배틀실드
3682 , 스킬:네코실드
3683 , 스킬:사이코실드
3684 , 스킬:미러실드
3685 , 스킬:실드
3686 , 스킬:레이건
3687 , 스킬:하이퍼건
3688 , 스킬:헬브레스
3689 , 스킬:라그랑쥬
3690 , 스킬:자이로SP
3691 , 스킬:플라즈마포
3692 , 스킬:딥마인드
3693 , 스킬:오프마인드
3694 , 스킬:마인드킬
3695 , 스킬:배틀텔레파시
3696 , 스킬:웨이브
3697 , 스킬:배틀웨이브
3698 , 스킬:텔레파시
3699 , 스킬:하이퍼
3700 , 스킬:대성이혼포격
3701 , 스킬:리바이루
3702 , 스킬:카리우
3703 , 스킬:하이프
3704 , 스킬:쿠랏토
;3709～3903 , 空き番号
3904 , 스킬:전용기1
3905 , 스킬:전용기2
3906 , 스킬:전용기3
3907 , 스킬:전용기4
3908 , 스킬:전용기5
3909 , 스킬:전용기6
3910 , 스킬:전용기7
3911 , 스킬:전용기8
3912 , 스킬:전용기9
3913 , 스킬:전용기10
3914 , 스킬:전용기11
3915 , 스킬:전용기12
;3916～3917 , 空き番号
3918 , 스킬:마가츠히스킬
3919 , 스킬:비소지스킬
;-------------------------------
;自動効果2
;-------------------------------
3920 , 스킬:각성스킬
;3921～3959 , 空き番号
3960 , 스킬:다단촉수고문
3961 , 스킬:촉수흉포화
;3962～3964 , 空き番号
3965 , 스킬:스펌봄
3966 , 스킬:스펌봄러시
3967 , 스킬:나와라나의모든중마
3968 , 스킬:암흑마하・갈다인
;3969～3980 , 空き番号
3981 , 스킬:총기변형
;3982～3999 , 空き番号
;-------------------------------
;リンケージ
;-------------------------------
4000 , 스킬:화염격
4001 , 스킬:다크세이버
4002 , 스킬:광염난무
4003 , 스킬:자매의정・극장판
4004 , 스킬:더블어택
;비구
;4005～4039 , 空き番号
4040 , 스킬:빙결격
4041 , 스킬:임팩트샷
4042 , 스킬:무빙난무
;타격
;4043～4079 , 空き番号
4080 , 스킬:질풍격
4081 , 스킬:어스블로우
4082 , 스킬:질풍난무
4083 , 스킬:천마유성열권
4084 , 스킬:트리오・더・펀치
;전술
;4085～4119 , 空き番号
4120 , 스킬:지뢰격
4121 , 스킬:라이트스매셔
4122 , 스킬:뇌진난무
;회복
;4123～4159 , 空き番号
4160 , 스킬:메시아라이저
4161 , 스킬:Ｌ메・디아
4162 , 스킬:Ｌ메・디아라마
4163 , 스킬:Ｌ메・디아라한
4164 , 스킬:대천사의가호
4165 , 스킬:대천사초빙
4166 , 스킬:파나케이아의축복
4167 , 스킬:전투의탈라
;지원
;4168～4199 , 空き番号
4200 , 스킬:Ｌ히트라이저
4201 , 스킬:마하・타루카쟈
4202 , 스킬:마하・스쿠카쟈
4203 , 스킬:마하・마카카쟈
4204 , 스킬:마하・라쿠카쟈
4205 , 스킬:돌격의봉화
4206 , 스킬:Ｌ랜더마이저
4207 , 스킬:마하・타룬다
4208 , 스킬:마하・스쿤다
4209 , 스킬:마하・라쿤다
4210 , 스킬:Ｌ데・카쟈
4211 , 스킬:Ｌ데・쿤다
4212 , 스킬:마하・마칸다
4213 , 스킬:마하・사마카쟈
4214 , 스킬:마하・사만다
4215 , 스킬:L라스타캔디
4216 , 스킬:올드・원
4217 , 스킬:HEY-HEY-HEY
;4218～4219 , 空き番号
4220 , 스킬:Kawaii_Make_My_Day
;4221～4235 , 空き番号
4236 , 스킬:올드・원2
4237 , 스킬:올드・원3
4238 , 스킬:돌격의봉화
;방어
4239 , 스킬:돌격의봉화
;화염
;4240～4279 , 空き番号
4280 , 스킬:타워인페르노
4281 , 스킬:Ｌ마하・라기
4282 , 스킬:Ｌ마하・라기온
4283 , 스킬:Ｌ마하・라기다인
4284 , 스킬:로와조・도・프
4285 , 스킬:메가블레이즈
4286 , 스킬:멜트다운
4287 , 스킬:메갈로파이어
4288 , 스킬:미티어스트라이크
;빙결
;4289～4319 , 空き番号
4320 , 스킬:Ｌ마하・부흐
4321 , 스킬:Ｌ마하・부흐라
4322 , 스킬:Ｌ마하・부흐다인
4323 , 스킬:아이스블라스트
4324 , 스킬:아이스크래쉬
4325 , 스킬:아이스브레이크
4326 , 스킬:핌블의겨울
;전격
;4327～4359 , 空き番号
4360 , 스킬:Ｌ마하・지오
4361 , 스킬:Ｌ마하・지온가
4362 , 스킬:Ｌ마하・지오다인
4363 , 스킬:선더블라스트
4364 , 스킬:선더크래쉬
4365 , 스킬:선더브레이크
4366 , 스킬:이카즈치의호조
;충격
;4367～4399 , 空き番号
4400 , 스킬:Ｌ마하・잔
4401 , 스킬:Ｌ마하・잔마
4402 , 스킬:Ｌ마하・잔다인
4403 , 스킬:소닉블라스트
4404 , 스킬:소닉크래쉬
4405 , 스킬:소닉브레이크
4406 , 스킬:원자파괴
4407 , 스킬:스크류헤븐
;신경
;4408～4439 , 空き番号
4440 , 스킬:Ｌ뉴로크런치
4441 , 스킬:독룡의라가
4442 , 스킬:사이코포스
;정신
;4443～4479 , 空き番号
4480 , 스킬:Ｌ텐타라후
4481 , 스킬:Ｌ섹시댄스
4482 , 스킬:Ｌ파이널누드
4483 , 스킬:몽상의라가
4484 , 스킬:사심없는호곡
4485 , 스킬:Ｌ퍼니시먼트
;파마
;4486～4519 , 空き番号
4520 , 스킬:Ｌ마한마
4521 , 스킬:Ｌ마한마온
4522 , 스킬:신벌
4523 , 스킬:Ｌ제나두
;주살
;4524～4559 , 空き番号
4560 , 스킬:Ｌ마하무드
4561 , 스킬:Ｌ마하무드온
4562 , 스킬:Ｌ천년의저주
;지변
;4563～4599 , 空き番号
4600 , 스킬:스톤라이즈
4601 , 스킬:Ｌ마하・마그나
4602 , 스킬:Ｌ마하・마그나스
4603 , 스킬:Ｌ마하・마그다인
4604 , 스킬:랜드스파크
4605 , 스킬:크랙팡
4606 , 스킬:라스트퀘이크
4607 , 스킬:헬데저트
4608 , 스킬:랜드슬라이드
;수격
;4609～4639 , 空き番号
4640 , 스킬:하이드로부스트
4641 , 스킬:Ｌ마하・아쿠아
4642 , 스킬:Ｌ마하・아쿠에스
4643 , 스킬:Ｌ마하・아쿠다인
4644 , 스킬:질주수조파
4645 , 스킬:타이달웨이브
4646 , 스킬:베인스플래쉬
4647 , 스킬:멜스트롬
4648 , 스킬:애시드네뷸라
;질풍
;4649～4679 , 空き番号
4680 , 스킬:카마이타치
4681 , 스킬:Ｌ마하・갈
4682 , 스킬:Ｌ마하・갈라
4683 , 스킬:Ｌ마하・갈다인
4684 , 스킬:진공파
4685 , 스킬:맥시템페스트
4686 , 스킬:기가사이클론
4687 , 스킬:스톰나이트메어
4688 , 스킬:용비천상
;중력
;4689～4719 , 空き番号
4720 , 스킬:Ｌ마하・그라이
4721 , 스킬:Ｌ마하・그라이바
4722 , 스킬:Ｌ마하・그라다인
4723 , 스킬:그래비티블라스트
4724 , 스킬:그래비티크래쉬
4725 , 스킬:그래비티브레이크
4726 , 스킬:블랙홀
4727 , 스킬:모탈인헤일
;핵열
;4728～4759 , 空き番号
4760 , 스킬:히트블래스트
4761 , 스킬:히트크래쉬
4762 , 스킬:히트브레이크
4763 , 스킬:마이크로노바
4764 , 스킬:Ｌ플래시봄
;만능
;4765～4799 , 空き番号
4800 , 스킬:사망유희
4801 , 스킬:옴
4802 , 스킬:Ｌ메기도
4803 , 스킬:Ｌ메기도라
4804 , 스킬:Ｌ메기도라온
4805 , 스킬:파이널콜
4806 , 스킬:귀신의격앙
;사이코
;4807～4839 , 空き番号
;ＧＵＮ
4840 , 스킬:화령마법탄
4841 , 스킬:화환마법탄
4842 , 스킬:화신마법탄
4843 , 스킬:빙령마법탄
4844 , 스킬:빙환마법탄
4845 , 스킬:빙신마법탄
4846 , 스킬:뇌령마법탄
4847 , 스킬:뇌환마법탄
4848 , 스킬:뇌신마법탄
4849 , 스킬:성령마법탄
4850 , 스킬:성환마법탄
4851 , 스킬:성신마법탄
4852 , 스킬:주령마법탄
4853 , 스킬:주환마법탄
4854 , 스킬:주신마법탄
4855 , 스킬:집중사격
4856 , 스킬:지고의마총
4857 , 스킬:일제사격
4858 , 스킬:만신마법탄
4859 , 스킬:지령마법탄
4860 , 스킬:지환마법탄
4861 , 스킬:지신마법탄
4862 , 스킬:수령마법탄
4863 , 스킬:수환마법탄
4864 , 스킬:수신마법탄
4865 , 스킬:풍령마법탄
4866 , 스킬:풍환마법탄
4867 , 스킬:풍신마법탄
;4868～4939 , 空き番号
;外部作品
4940 , 스킬:The Show Must Go On
4941 , 스킬:Swan Lake Dive
4942 , 스킬:대합창「영차콘체르토그로소」
4943 , 스킬:「처음이자마지막인이름없는탄막」
;4944～4949 , 空き番号
4950 , 스킬:칵테일샷
;4951～4959 , 空き番号
4960 , 스킬:빅뱅어택
4961 , 스킬:사하스라라
4962 , 스킬:황룡보살진
4963 , 스킬:누앵우화방진
4964 , 스킬:Ｍ・빅뱅어택
4965 , 스킬:사신방진
4966 , 스킬:프레임・스나이퍼
4967 , 스킬:애쉬・스톰
4968 , 스킬:아포칼립스・케룹
4969 , 스킬:극지의번개
4970 , 스킬:이로하선배와순찰！
4971 , 스킬:토르해머･더･리프
;4972～4999 , 空き番号
5000 , 스킬:인간특효
5001 , 스킬:지모신특효
5002 , 스킬:여신특효
5003 , 스킬:마왕특효
5004 , 스킬:천사특효
5005 , 스킬:요마특효
5006 , 스킬:요정특효
5007 , 스킬:요귀특효
5008 , 스킬:용왕특효
5009 , 스킬:마수특효
5010 , 스킬:요조특효
5011 , 스킬:외도특효
5012 , 스킬:기계특효
5013 , 스킬:정령특효
5014 , 스킬:귀신특효
5015 , 스킬:마신특효
5016 , 스킬:사신특효
5017 , 스킬:타천사특효
5018 , 스킬:괴이특효
5019 , 스킬:반마특효
5020 , 스킬:마인특효
5021 , 스킬:영웅특효
5022 , 스킬:조마특효
5023 , 스킬:검격인핸스
5024 , 스킬:비구인핸스
5025 , 스킬:타격인핸스
5026 , 스킬:전술인핸스
5027 , 스킬:화염인핸스
5028 , 스킬:빙결인핸스
5029 , 스킬:전격인핸스
5030 , 스킬:충격인핸스
5031 , 스킬:신경인핸스
5032 , 스킬:정신인핸스
5033 , 스킬:파마인핸스
5034 , 스킬:주살인핸스
5035 , 스킬:지변인핸스
5036 , 스킬:수격인핸스
5037 , 스킬:질풍인핸스
5038 , 스킬:중력인핸스
5039 , 스킬:핵열인핸스
5040 , 스킬:리소스개방
5041 , 스킬:재귀처리
5042 , 스킬:숏컷
5043 , 스킬:핫스탠바이
5044 , 스킬:정의한
5045 , 스킬:해석
5046 , 스킬:매혹적인살육
5047 , 스킬:엔터테이너
5048 , 스킬:위협사격
5049 , 스킬:의료키트
5050 , 스킬:성대한접대
5051 , 스킬:검약가
5052 , 스킬:이럴줄알았지
5053 , 스킬:마연의심득・치유
5054 , 스킬:마연의심득・고양
5055 , 스킬:마연의심득・침식
5056 , 스킬:마연의심득・독
5057 , 스킬:마연의심득・속박
5058 , 스킬:마연의심득・행복
5059 , 스킬:마연의심득・수면
5060 , 스킬:마연의심득・흡수
5061 , 스킬:마연의심득・공격
;5062～5063 , 空き番号
5064 , 스킬:승리의작은숨결
5065 , 스킬:승리의숨결
5066 , 스킬:승리의작은차크라
5067 , 스킬:승리의차크라
5068 , 스킬:타룬다오토
5069 , 스킬:스쿤다오토
5070 , 스킬:마칸다오토
5071 , 스킬:라쿤다오토
5072 , 스킬:사만다오토
;5073～5299 , 空き番号
5300 , 스킬:힘UP
5301 , 스킬:지UP
5302 , 스킬:마UP
5303 , 스킬:내UP
5304 , 스킬:속UP
5305 , 스킬:운UP
5306 , 스킬:ＢＧ타루・카쟈
5307 , 스킬:ＢＧ스쿠・카쟈
5308 , 스킬:ＢＧ마카・카쟈
5309 , 스킬:ＢＧ라쿠・카쟈
5310 , 스킬:ＢＧ사마・카쟈
5311 , 스킬:ＢＧ라스타캔디
;5312～5329 , 空き番号
5330 , 스킬:리커버리
5331 , 스킬:이상적출
;5332～5349 , 空き番号
5350 , 스킬:디플래그
5351 , 스킬:체인업
5352 , 스킬:도트사이트
5353 , 스킬:할로우포인트
5354 , 스킬:식스센스
5355 , 스킬:WEAK킬러
5356 , 스킬:WEAK프리크
5357 , 스킬:WEAK스나이퍼
5358 , 스킬:액막이호부
5359 , 스킬:식재의부적
5360 , 스킬:반응장갑
5361 , 스킬:마돈나리리
;5362～5499 , 空き番号
5500 , 스킬:응원
5501 , 스킬:클락업
5502 , 스킬:쿠즈노하학설
5503 , 스킬:돌격지령
5504 , 스킬:일기통관
5505 , 스킬:혼의일격
;5506～5599 , 空き番号
5600 , 스킬:리페어Ⅰ
5601 , 스킬:리페어Ⅱ
5602 , 스킬:리프레시
5603 , 스킬:리빌드
5604 , 스킬:리부트
;5605～5619 , 空き番号
5620 , 스킬:컨버트
5621 , 스킬:오라클
;5622～8999 , 空き番号
9000 , 스킬:일도류오의・호접옥문
9001 , 스킬:인법・공둔의술
9002 , 스킬:일도류・바람베기
9003 , 스킬:일도류・호접난무
9004 , 스킬:일도류・바람의형
9005 , 스킬:일도류・제1형
9006 , 스킬:뇌격의쌍권총
9007 , 스킬:인법・뇌둔의술
9008 , 스킬:뇌격
9009 , 스킬:뇌총격
9010 , 스킬:비뢰섬
9011 , 스킬:스파크
9012 , 스킬:뇌격파
9013 , 스킬:뇌운
9014 , 스킬:뇌추＜토르해머＞
;-------------------------------
;アイテム番号
;-------------------------------
1 , アイテム:전기마사지기
2 , アイテム:클리캡
3 , アイテム:오나홀
4 , アイテム:바이브
5 , アイテム:애널바이브
6 , アイテム:애널비즈
7 , アイテム:공기펌프
8 , アイテム:확장벌룬
9 , アイテム:관장기＋플러그
10 , アイテム:유두캡
11 , アイテム:착유기
12 , アイテム:페니스밴드
13 , アイテム:채찍
14 , アイテム:바늘
15 , アイテム:아이마스크
16 , アイテム:밧줄
17 , アイテム:볼재갈
18 , アイテム:비디오카메라
19 , アイテム:카메라
20 , アイテム:플레이매트
21 , アイテム:큰거울
22 , アイテム:개목걸이
23 , アイテム:에이프런
24 , アイテム:전극플러그
27 , アイテム:삼각목마
28 , アイテム:리본
29 , アイテム:로터
30 , アイテム:이어폰마이크
31 , アイテム:카테터
32 , アイテム:요도플러그
40 , アイテム:로션
41 , アイテム:미약
42 , アイテム:이뇨제
43 , アイテム:비디오테이프
44 , アイテム:필름
45 , アイテム:콘돔
46 , アイテム:저온양초
47 , アイテム:강정신약
60 , アイテム:【불결무시】
61 , アイテム:【조합지식】
62 , アイテム:【금단의지식】
63 , アイテム:【서드・아이】
64 , アイテム:【촉수사역술】
70 , アイテム:건강해지는약
71 , アイテム:약의재료(후타)
72 , アイテム:약의재료(소거)
73 , アイテム:파란사탕
74 , アイテム:빨간사탕
75 , アイテム:풍흉제
76 , アイテム:축흉제
77 , アイテム:프롤락틴억제약
78 , アイテム:３환계항우울제
79 , アイテム:황색사탕
80 , アイテム:전생의비약
81 , アイテム:무지개색사탕
82 , アイテム:오토코노코캔디
83 , アイテム:체형변화(로리)
84 , アイテム:체형변화약(성인)
85 , アイテム:야생의사탕
86 , アイテム:달의사탕
87 , アイテム:전생의비약(이형)
88 , アイテム:백합과쑥의비약
89 , アイテム:자제의캔디
90 , アイテム:기억소거약
91 , アイテム:배란유발제
92 , アイテム:자궁내피임결계
93 , アイテム:바람꽃의이슬
94 , アイテム:오르키스의연고
95 , アイテム:유생고정／해제약
101 , アイテム:노점
102 , アイテム:식당
103 , アイテム:여관
104 , アイテム:창관
105 , アイテム:딜리버리사무소
106 , アイテム:라이브하우스
107 , アイテム:무도관
108 , アイテム:공중변소
111 , アイテム:밤국화의눈물
112 , アイテム:샤세트마
113 , アイテム:풍고제
114 , アイテム:축고제
115 , アイテム:다이어트푸드
116 , アイテム:백수요괴의책
117 , アイテム:풍근제
118 , アイテム:축근제
119 , アイテム:광근제
120 , アイテム:우치데・해머
121 , アイテム:쾌락근의비약
122 , アイテム:고문근의비약
123 , アイテム:통상근의비약
200 , アイテム:도리・카드몬
203 , アイテム:메탈카드
205 , アイテム:나비의엠블럼
215 , アイテム:신아의카드
216 , アイテム:약초의카드
217 , アイテム:명화의카드
218 , アイテム:옥수의카드
219 , アイテム:녹림의카드
220 , アイテム:용암의망치
221 , アイテム:황금의화살
222 , アイテム:깜빡이는묘성
223 , アイテム:명부의심판
224 , アイテム:아바타라
225 , アイテム:무모의가면
226 , アイテム:호접지몽
227 , アイテム:무색의가면
228 , アイテム:더블히란야스프레드
229 , アイテム:여왕의가면
248 , アイテム:미타마의조각
249 , アイテム:리본의조각
250 , アイテム:어령즙・황
251 , アイテム:어령즙・화
252 , アイテム:어령즙・기
253 , アイテム:어령즙・행
254 , アイテム:정화즙・황
255 , アイテム:정화즙・화
256 , アイテム:정화즙・기
257 , アイテム:정화즙・행
258 , アイテム:묘목석
259 , アイテム:호목석
260 , アイテム:황수정
261 , アイテム:홍수정
262 , アイテム:공작석
263 , アイテム:비취
264 , アイテム:감람석
265 , アイテム:마노
266 , アイテム:적색구슬・이위화
267 , アイテム:청색구슬・태위택
268 , アイテム:황색구슬・진위뢰
269 , アイテム:녹색구슬・간위산
270 , アイテム:갈색구슬・곤위지
271 , アイテム:남색구슬・감위수
272 , アイテム:취색구슬・손위풍
273 , アイテム:자색구슬・건위천
274 , アイテム:가넷
275 , アイテム:아메지스트
276 , アイテム:아쿠아마린
277 , アイテム:다이아몬드
278 , アイテム:에메랄드
279 , アイテム:진주
280 , アイテム:루비
281 , アイテム:오닉스
282 , アイテム:사파이어
283 , アイテム:오팔
284 , アイテム:토파즈
285 , アイテム:터키석
286 , アイテム:STR인센스카드
287 , アイテム:INT인센스카드
288 , アイテム:MAG인센스카드
289 , アイテム:VIT인센스카드
290 , アイテム:AGI인센스카드
291 , アイテム:LUC인센스카드
292 , アイテム:ALL인센스카드
293 , アイテム:STR마이너스카드
294 , アイテム:INT마이너스카드
295 , アイテム:MAG마이너스카드
296 , アイテム:VIT마이너스카드
297 , アイテム:AGI마이너스카드
298 , アイテム:LUC마이너스카드
299 , アイテム:ALL마이너스카드
300 , アイテム:납메달
301 , アイテム:강철메달
302 , アイテム:은메달
303 , アイテム:금메달
304 , アイテム:백금메달
305 , アイテム:갑충의외피
306 , アイテム:흑사의비늘
307 , アイテム:기사의고삐
308 , アイテム:여제의손거울
309 , アイテム:진홍장갑판
310 , アイテム:핑크빛날개
311 , アイテム:달의석판
312 , アイテム:무지개빛머리카락
313 , アイテム:피묻은단추
314 , アイテム:시간의모래
315 , アイテム:금색의바퀴
316 , アイテム:백설석
317 , アイテム:혼쇄의강철
320 , アイテム:갈의방패
321 , アイテム:작은열쇠
322 , アイテム:황소의키
323 , アイテム:타바사의상
324 , アイテム:주유권
325 , アイテム:롤의부적
326 , アイテム:자수정
327 , アイテム:아레스의목걸이
328 , アイテム:하늘의곡옥
329 , アイテム:런던부츠
330 , アイテム:은릴리프
331 , アイテム:라토스의상
332 , アイテム:이자나미의옷
333 , アイテム:푸르시키의울음소리
334 , アイテム:릭의팔찌
335 , アイテム:루스의작은병
336 , アイテム:백룡의구슬
337 , アイテム:시계탑의열쇠
338 , アイテム:인・라케치
339 , アイテム:지포라이터
340 , アイテム:가이아교단단원증
341 , アイテム:정옥
342 , アイテム:황옥
343 , アイテム:고옥
344 , アイテム:역십자
345 , アイテム:컴팩트
346 , アイテム:왕국의메노라
347 , アイテム:기초의메노라
348 , アイテム:영원의메노라
349 , アイテム:존엄의메노라
350 , アイテム:자비의메노라
351 , アイテム:이해의메노라
352 , アイテム:지혜의메노라
353 , アイテム:지식의메노라
354 , アイテム:왕관의메노라
355 , アイテム:미의메노라
356 , アイテム:신위의메노라
357 , アイテム:월륜의열쇠
358 , アイテム:빛나는별의열쇠
359 , アイテム:계약자의열쇠
360 , アイテム:황금의사과주
361 , アイテム:행복티켓
362 , アイテム:블루오브의조각
363 , アイテム:토템메모리
364 , アイテム:라그티켓【Inv】
365 , アイテム:라그티켓【Ev】
1001 , アイテム:외상약
1002 , アイテム:마석
1003 , アイテム:우황단
1004 , アイテム:보옥
1005 , アイテム:메디컬파우더
1006 , アイテム:야마타노드링크
1007 , アイテム:보옥륜
1008 , アイテム:도반옥
1009 , アイテム:반혼향
1010 , アイテム:힘의향
1011 , アイテム:지혜의향
1012 , アイテム:마력의향
1013 , アイテム:내구의향
1014 , アイテム:속도의향
1015 , アイテム:운의향
1016 , アイテム:벼랑끝분말
1017 , アイテム:디스포이즌
1018 , アイテム:디스패라이즈
1019 , アイテム:디스챰
1020 , アイテム:디스톤
1021 , アイテム:디스클로즈
1022 , アイテム:이와쿠라의물
1023 , アイテム:암리타소다
1024 , アイテム:암리타샤워
1025 , アイテム:챠크라드롭
1026 , アイテム:챠크라포트
1027 , アイテム:그레이트챠크라
1028 , アイテム:소마의물방울
1029 , アイテム:소마
1030 , アイテム:은의마니샤
1031 , アイテム:화제신부
1032 , アイテム:명왕신부
1033 , アイテム:관음신부
1034 , アイテム:천구신부
1035 , アイテム:물반경
1036 , アイテム:마반경
1037 , アイテム:데쿤다의돌
1038 , アイテム:데카쟈의돌
1039 , アイテム:생옥
1040 , アイテム:눈속임의구슬
1041 , アイテム:개비의열매
1042 , アイテム:봉마의방울
1043 , アイテム:집마의피리
1044 , アイテム:황금의벌꿀주
1045 , アイテム:전망구슬
1046 , アイテム:디스가이즈굿즈
1047 , アイテム:코어실드
1048 , アイテム:디스커스
1049 , アイテム:둔갑나침반
1050 , アイテム:질서의돌
1051 , アイテム:혼돈의돌
1052 , アイテム:선행의돌
1053 , アイテム:악행의돌
1060 , アイテム:순미가라지시
1061 , アイテム:순미비장마사무네
1062 , アイテム:본양조만사쿠
1063 , アイテム:본양조백육십이대
1064 , アイテム:음양유메자쿠라
1065 , アイテム:대음양구단시코미
1066 , アイテム:월노빙륜산
1070 , アイテム:고급외상약
1071 , アイテム:메디컬키트
1072 , アイテム:신단의영옥
1075 , アイテム:모듬스시세트
1076 , アイテム:전투식량MRE
1077 , アイテム:곱빼기즉석라멘
1078 , アイテム:데빌스타
1100 , アイテム:솔빙오브
1101 , アイテム:화염병
1102 , アイテム:네이팜탄
1103 , アイテム:화염의곡옥
1104 , アイテム:열화의곡옥
1105 , アイテム:액화질소봄베
1106 , アイテム:극한의곡옥
1107 , アイテム:라이어트밤
1108 , アイテム:격뢰의곡옥
1109 , アイテム:챠이캄TNT
1110 , アイテム:메기도스톤
1111 , アイテム:메기도라스톤
1112 , アイテム:뉴클리어밤
1113 , アイテム:독화살
1114 , アイテム:스파이럴밤
1115 , アイテム:시아귀미
1116 , アイテム:충독명
1117 , アイテム:파마화살
1118 , アイテム:비공침
1119 , アイテム:스턴그레네이드
1120 , アイテム:붉은할아버지＆검은할아버지인형
1121 , アイテム:중압의곡옥
1122 , アイテム:흑성의곡옥
1123 , アイテム:질풍의곡옥
1124 , アイテム:폭풍의곡옥
1125 , アイテム:지변의곡옥
1126 , アイテム:격진의곡옥
1127 , アイテム:수격의곡옥
1128 , アイテム:격류의곡옥
1129 , アイテム:충격의곡옥
1130 , アイテム:회오리의곡옥
1131 , アイテム:핵열의곡옥
1132 , アイテム:핵렬의곡옥
1133 , アイテム:만리의안경
1197 , アイテム:붕괴주
1198 , アイテム:스피릿리브
1199 , アイテム:겨우살이
1210 , アイテム:팬케이크
1241 , アイテム:【아픔에강함】
1242 , アイテム:【젖기쉬움】
1250 , アイテム:【습득빠름】
1252 , アイテム:【혀놀림】
1253 , アイテム:【바늘다루기】
1257 , アイテム:【오줌싸개버릇】
1302 , アイテム:【Ｃ민감】
1304 , アイテム:【Ｖ민감】
1306 , アイテム:【Ａ민감】
1308 , アイテム:【Ｂ민감】
1330 , アイテム:【회복빠름】
1343 , アイテム:【동물귀】
1400 , アイテム:합성가이드북
1401 , アイテム:비밀의무기상자
1402 , アイテム:비밀의방어구상자
1403 , アイテム:네코마타의목방울
1404 , アイテム:네코마타의모옥
1405 , アイテム:오래된헝겊조각
1406 , アイテム:장인의꿰메는바늘
1407 , アイテム:격투의흔적
1408 , アイテム:갈등의흔적
1409 , アイテム:낡은옷
1410 , アイテム:전사의증거
1411 , アイテム:업무용자재
1412 , アイテム:꽝인복권
1413 , アイテム:백은의투구조각
1414 , アイテム:백은의갑옷조각
1415 , アイテム:기계의조각Ａ
1416 , アイテム:기계의조각Ｂ
1417 , アイテム:기계의조각Ｃ
1418 , アイテム:롱기누스의잔해
1419 , アイテム:태그링
1420 , アイテム:운철
1421 , アイテム:다마스커스동
1422 , アイテム:미스릴은
1423 , アイテム:흑요석
1424 , アイテム:무지개조각
1425 , アイテム:꿈의물방울
1426 , アイテム:달의돌
1427 , アイテム:태양의돌
1428 , アイテム:오리하르콘
1429 , アイテム:히히이로카네
1430 , アイテム:비욘다이트
1431 , アイテム:메테오라이트s
1500 , アイテム:팔카타
1501 , アイテム:사벨
1502 , アイテム:고딕소드
1503 , アイテム:샴쉬르
1504 , アイテム:커틀러스
1505 , アイテム:카츠발거
1506 , アイテム:그레이트소드
1507 , アイテム:루나・엣지
1508 , アイテム:마카브인
1509 , アイテム:김렛
1510 , アイテム:모조일본도
1511 , アイテム:이마노츠루기
1512 , アイテム:참마도
1513 , アイテム:거합도
1514 , アイテム:요도사라이
1515 , アイテム:미카츠키무네치카
1516 , アイテム:비젠오사후네
1517 , アイテム:미다레바
1518 , アイテム:이도・무라마사
1519 , アイテム:요도설월화
1520 , アイテム:쉐도우댄서
1521 , アイテム:에스파다・로페라
1522 , アイテム:서펜트소드
1523 , アイテム:모랄타
1524 , アイテム:미제리코드
1525 , アイテム:망・고슈
1526 , アイテム:주와이외즈
1527 , アイテム:스트러글
1528 , アイテム:라스트에스톡
1529 , アイテム:엘・레이피어
1530 , アイテム:롱보우
1531 , アイテム:셀프보우
1532 , アイテム:카마사
1533 , アイテム:히고유미
1534 , アイテム:헌팅보우
1535 , アイテム:그레이트보우
1536 , アイテム:성천의장궁
1537 , アイテム:라이트닝보우
1538 , アイテム:요이치의활
1539 , アイテム:오메가스피어
1540 , アイテム:플라메아
1541 , アイテム:푸스키나
1542 , アイテム:롬파이어
1543 , アイテム:알세피스
1544 , アイテム:오오미야리
1545 , アイテム:카이슈노야리
1546 , アイテム:오테키네
1547 , アイテム:윙드스피어
1548 , アイテム:로물루스의창
1549 , アイテム:니혼고
1550 , アイテム:헤드노커
1551 , アイテム:바디시
1552 , アイテム:현무암도끼
1553 , アイテム:모르겐스테른
1554 , アイテム:메가엑스
1555 , アイテム:데스컨트랙트
1556 , アイテム:크레센트엑스
1557 , アイテム:야그루시
1558 , アイテム:워피크
1559 , アイテム:길가메스액스
1560 , アイテム:만력쇄
1561 , アイテム:스킨리퍼
1562 , アイテム:여걸의채찍
1563 , アイテム:사복검
1564 , アイテム:스트라이크테일
1565 , アイテム:백장미의채찍
1566 , アイテム:대사복검
1567 , アイテム:타신편
1568 , アイテム:나인테일
1569 , アイテム:청장미의채찍
1570 , アイテム:금채찍
1571 , アイテム:노부채
1572 , アイテム:비단부채
1573 , アイテム:철부채
1574 , アイテム:월영의쿠나이
1575 , アイテム:하나치루사토
1576 , アイテム:모가리부에
1577 , アイテム:아드라시온
1578 , アイテム:절영의쿠나이
1579 , アイテム:화조풍월
1580 , アイテム:카신코지
1581 , アイテム:유메노우키하시
1582 , アイテム:플레임로드
1583 , アイテム:소환봉
1584 , アイテム:호오리노미코토
1585 , アイテム:가이아로드
1586 , アイテム:무지개색지팡이
1587 , アイテム:두르지
1588 , アイテム:데빌스태프
1589 , アイテム:칼라바쥬라
1590 , アイテム:청수정지팡이
1591 , アイテム:난다카
1592 , アイテム:경량화로드
1593 , アイテム:헬슬러거
1594 , アイテム:중동관
1595 , アイテム:니리・리
1596 , アイテム:파쇄곤
1597 , アイテム:도깨비파이프
1598 , アイテム:자・다그나
1599 , アイテム:낭아봉
1600 , アイテム:다그다의곤봉
1601 , アイテム:헤라클레스의곤봉
1602 , アイテム:복싱글러브
1603 , アイテム:그랑카니발
1604 , アイテム:챔피언글러브
1605 , アイテム:비스트팽
1606 , アイテム:헬세스타스
1607 , アイテム:블러드바그나우
1608 , アイテム:포트샷
1609 , アイテム:버스터너클
1610 , アイテム:레전드글러브
1611 , アイテム:화이트팽
1612 , アイテム:더블지구라트
2000 , アイテム:어택나이프
2001 , アイテム:스파이크로드
2002 , アイテム:퀸뷰트
2003 , アイテム:금속배트
2004 , アイテム:배틀해머
2005 , アイテム:발록나이프
2006 , アイテム:슬라이서
2007 , アイテム:전갈의채찍
2008 , アイテム:코르세크
2009 , アイテム:길로틴액스
2010 , アイテム:비전의단도
2011 , アイテム:제트볼라
2012 , アイテム:아세이미나이프
2013 , アイテム:히트글레이브
2014 , アイテム:하라키리세이버
2015 , アイテム:섀도우니들
2016 , アイテム:노송나무목검
2017 , アイテム:헤드배셔
2018 , アイテム:배큠액스
2019 , アイテム:백소드
2020 , アイテム:와일드스피어
2021 , アイテム:트리플대거
2022 , アイテム:홍련의채찍
2023 , アイテム:로켓해머
2024 , アイテム:저주의톱니바퀴
2025 , アイテム:뇌전의채찍
2026 , アイテム:진홍의나가마키
2027 , アイテム:글래머러스액스
2029 , アイテム:플라즈마소드
2030 , アイテム:아쿠아플레일
2032 , アイテム:구덴다크
2038 , アイテム:샤랑가
2039 , アイテム:뇌아의도끼
2040 , アイテム:카론의노
2041 , アイテム:흑선풍
2042 , アイテム:헤드헌팅스푼
2044 , アイテム:앤서러
2048 , アイテム:큰곰자리별의활
2049 , アイテム:롱기누스
2050 , アイテム:퍼거스의검
2051 , アイテム:함광의검
2052 , アイテム:사자의군선
2054 , アイテム:방천화극
2055 , アイテム:브류나크
2056 , アイテム:게이볼그
2057 , アイテム:글레입니르
2058 , アイテム:항마장
2059 , アイテム:초연의검
2060 , アイテム:여의봉
2061 , アイテム:쿠리카라의검
2062 , アイテム:Ｋ프로스트로드
2063 , アイテム:슈피겔블레이드
2064 , アイテム:냥２클로
2067 , アイテム:물푸레나무활
2068 , アイテム:아메노무라쿠모의검
2069 , アイテム:신추묠니르
2070 , アイテム:못배트
2071 , アイテム:쇠파이프
2072 , アイテム:버스정거장표지판
2073 , アイテム:덱브러시
2074 , アイテム:장난감활
2075 , アイテム:뼈
2076 , アイテム:상기의지팡이
2077 , アイテム:수기의지팡이
2078 , アイテム:사신의종
2079 , アイテム:명도코테츠
2080 , アイテム:천어검
2081 , アイテム:카루라클로
2082 , アイテム:솔핸드
2083 , アイテム:루나블레이드
2084 , アイテム:스타프리저
2085 , アイテム:소드오브세이지
2086 , アイテム:적구갈엽 
2087 , アイテム:사기의지팡이 
2088 , アイテム:마검무라마사 
2089 , アイテム:아랑선 
2090 , アイテム:법승 
2091 , アイテム:페르세우스의검
2092 , アイテム:바쥬라
2093 , アイテム:생득무기
2094 , アイテム:앙크의낫
2095 , アイテム:아메노누보코
2096 , アイテム:리듬체조로프 
2097 , アイテム:잭장갑
2098 , アイテム:요도니힐
2099 , アイテム:흑적궁
2100 , アイテム:픽시나이프
2101 , アイテム:마정선
2102 , アイテム:퀸윕
2103 , アイテム:빛의소태도
2104 , アイテム:베르세르크파일
2105 , アイテム:팔기의뱀채찍
2106 , アイテム:노른의열쇠
2107 , アイテム:쿠치나와의검
2108 , アイテム:탁비의지팡이
2109 , アイテム:로터스완드
2110 , アイテム:두프타흐의창
2111 , アイテム:카슈・키요미츠
2112 , アイテム:키진마루쿠니시게
2113 , アイテム:이즈미노카미・카네사다
2114 , アイテム:나가소네・코테츠
2115 , アイテム:키쿠이치몬지
2116 , アイテム:궁니르
2117 , アイテム:파샤
2118 , アイテム:우마암흑장
2119 , アイテム:초호사주파괴작
2120 , アイテム:솔로몬의수리검
2121 , アイテム:솔로몬의활
2122 , アイテム:일루미나티
2123 , アイテム:마사카도의검
2124 , アイテム:마사카도의활
2125 , アイテム:마사카도의철봉
2126 , アイテム:마사카도의가시곤봉
2127 , アイテム:구요문의보륜
2128 , アイテム:라스트저지먼트
2129 , アイテム:시나이의신검
2130 , アイテム:우스미도리
2131 , アイテム:폭동진압방패
2132 , アイテム:알베니스
2133 , アイテム:크루세이더
2134 , アイテム:부동견삭
2135 , アイテム:천궁애염
2136 , アイテム:전륜성왕
2137 , アイテム:옥부천왕
2138 , アイテム:SPAS-12＆AR-18
2147 , アイテム:플람베르크
2148 , アイテム:로즈플람베르크
2149 , アイテム:스타프리저
2150 , アイテム:미라주
2151 , アイテム:마체테(화염)
2152 , アイテム:마체테(빙결)
2153 , アイテム:마체테(전격)
2154 , アイテム:리빙・엣지
2155 , アイテム:십자형창・改
2156 , アイテム:인간무골
2157 , アイテム:인간무골・改
2158 , アイテム:톤보기리・改
2159 , アイテム:방천화극・改
2160 , アイテム:삼고저
2161 , アイテム:오고저
2162 , アイテム:카르마
2163 , アイテム:야타의거울
2164 , アイテム:진・방천화극
2165 , アイテム:사모
2166 , アイテム:붕성사모
2167 , アイテム:청홍검
2168 , アイテム:청홍검・改
2169 , アイテム:의천검
2170 , アイテム:의천검・改
2171 , アイテム:바쥬라・改
2172 , アイテム:청룡언월도・改
2173 , アイテム:자웅일대검
2174 , アイテム:무왕의현옹
2175 , アイテム:무왕의현옹II
2176 , アイテム:동악태산
2177 , アイテム:동악태산II
2178 , アイテム:자웅일대검II
2179 , アイテム:진・청룡언월도
2180 , アイテム:마창궁니르
2181 , アイテム:미스틸테인
2182 , アイテム:미스틸테인II
2183 , アイテム:칠성검II
2184 , アイテム:칠성검III
2185 , アイテム:요도니힐II
2186 , アイテム:요도니힐III
2187 , アイテム:사룬가
2188 , アイテム:흑선풍II
2200 , アイテム:레이피어
2201 , アイテム:면도날학
2202 , アイテム:양궁활
2203 , アイテム:굽높은스니커
2204 , アイテム:공작의꼬리깃
2205 , アイテム:숙련스패너
2206 , アイテム:파이프의자
2207 , アイテム:히노카쿠츠치의검
2208 , アイテム:소울크래시
2209 , アイテム:스텔라그리브
2210 , アイテム:강렬도
2211 , アイテム:오광
2212 , アイテム:클라우・솔라스
2220 , アイテム:촉수공격술
2221 , アイテム:유메노우키하시
2222 , アイテム:후츠미타마노츠루기
2223 , アイテム:홀리코멧
2224 , アイテム:데스브링거
2225 , アイテム:쿠리카라의검(수태)
2226 , アイテム:피나카
2227 , アイテム:아크윙
2228 , アイテム:양검・간장
2229 , アイテム:음검・막야
2230 , アイテム:발뭉
2231 , アイテム:귀절의태도
2232 , アイテム:소호환
2233 , アイテム:32년식군도
2277 , アイテム:표창
2278 , アイテム:스핀휠
2279 , アイテム:자이로휠
2280 , アイテム:상암수리검
2281 , アイテム:금강비도
2282 , アイテム:가죽채찍
2283 , アイテム:구절곤
2284 , アイテム:사슬채찍
2285 , アイテム:스파이크채찍
2286 , アイテム:셀티스
2287 , アイテム:육척봉
2288 , アイテム:삼절곤
2289 , アイテム:흑단통파
2290 , アイテム:용신곤
2291 , アイテム:노반척
2292 , アイテム:하라에구시
2293 , アイテム:성수의지팡이
2294 , アイテム:용골의지팡이
2295 , アイテム:영조의지팡이
2296 , アイテム:아파치랜스
2297 , アイテム:브레이브소드
2298 , アイテム:버스터블레이드
2299 , アイテム:츠바이헨더
2300 , アイテム:글라디우스
2301 , アイテム:스마트플뢰레
2302 , アイテム:실버사벨
2303 , アイテム:스크렙
2304 , アイテム:십덕도
2305 , アイテム:기사도블레이드
2306 , アイテム:뇌광
2307 , アイテム:투핸드소드
2308 , アイテム:춘환
2309 , アイテム:오니마루쿠니츠나
2310 , アイテム:숏보우
2311 , アイテム:중등궁
2312 , アイテム:우타
2313 , アイテム:컴포짓보우
2314 , アイテム:강자의활
2315 , アイテム:브라스너클
2316 , アイテム:소닉바렛
2317 , アイテム:너클더스터
2318 , アイテム:기간너클
2319 , アイテム:슈프림글러브
2320 , アイテム:우드스파이크
2321 , アイテム:십자형창
2322 , アイテム:런컬
2323 , アイテム:청룡언월도
2324 , アイテム:부주
2325 , アイテム:헤비액스
2326 , アイテム:메가톤로드
2327 , アイテム:압살의쇠망치
2328 , アイテム:가이아프렛셔
2329 , アイテム:니들레이피어
2330 , アイテム:독고저
2331 , アイテム:소닉블레이드
2332 , アイテム:칠성검
2333 , アイテム:톤보기리
2334 , アイテム:무왕의해머
2335 , アイテム:칼라드볼그
2336 , アイテム:화룡검
2338 , アイテム:사바지오스
2339 , アイテム:레바테인
2340 , アイテム:해골지팡이
2341 , アイテム:풍신검
2342 , アイテム:쿠사나기의검
2343 , アイテム:사무라이의도
2344 , アイテム:파동대륜
2346 , アイテム:좀비바일
2347 , アイテム:좀비바일(Hi)
2348 , アイテム:제네시스
2350 , アイテム:리벨리온
2351 , アイテム:칼리번
2352 , アイテム:염마도
2353 , アイテム:컴파운드보우
2354 , アイテム:얼티밋애로
2355 , アイテム:B스테이크＆F리퍼
2356 , アイテム:G임팩트스테이크
2359 , アイテム:전기톱
2360 , アイテム:지옥의도스
2361 , アイテム:오리엔탈버튼
2362 , アイテム:사신의던지기낫
2363 , アイテム:파사의소태도
2364 , アイテム:주얼너클
2365 , アイテム:세라믹스인의장도
2366 , アイテム:자연의드래곤골방대
2367 , アイテム:황금의가든키퍼
2370 , アイテム:아라스톨
2371 , アイテム:이프리트
2372 , アイテム:스파다
2373 , アイテム:마신황죽이기
2374 , アイテム:쿠시나다노츠루기
2375 , アイテム:어나더노른
2376 , アイテム:KE＿성검
2377 , アイテム:이시키리카네미츠
2390 , アイテム:개조검1
2391 , アイテム:개조검2
2392 , アイテム:개조검3
2393 , アイテム:개조검4
2394 , アイテム:개조검5
2395 , アイテム:개조검6
2396 , アイテム:개조검7
2397 , アイテム:개조검8
2398 , アイテム:개조검9
2399 , アイテム:개조검10
2400 , アイテム:원초의불
2401 , アイテム:마술각인
2402 , アイテム:토가비토고로시
2403 , アイテム:토가비토고로시・이
2404 , アイテム:토가비토고로시・삼
2405 , アイテム:치치우시
2406 , アイテム:6자루태도＆요시토라
2407 , アイテム:하하크루
2408 , アイテム:주작（사무라이스피리츠）
2409 , アイテム:하이퍼해머
2410 , アイテム:프리미엄하트
2415 , アイテム:대검・수박바
2416 , アイテム:펨토・파이버
2417 , アイテム:비상의검
2418 , アイテム:늘어나는팔
2419 , アイテム:누관검
2420 , アイテム:소드・더・레바테인
2421 , アイテム:스피어・궁니르
2422 , アイテム:성덕도사의보검
2423 , アイテム:마인경문두루마리
2424 , アイテム:모리야의불제봉
2425 , アイテム:홍마의실버나이프
2426 , アイテム:하쿠레이의불제봉1
2427 , アイテム:테니스라켓
2428 , アイテム:정령대장장이의검
2429 , アイテム:히트나이프
2430 , アイテム:펄서비
2431 , アイテム:레긴레이브
2432 , アイテム:히스토리카
2433 , アイテム:잊혀진연금매체
2434 , アイテム:에쿠웨의성장
2435 , アイテム:멋있는검
2436 , アイテム:외과의사의메스
2437 , アイテム:소추레플리카
2438 , アイテム:희신식음양옥
2439 , アイテム:램파스의횃불
2440 , アイテム:요궁Magia
2441 , アイテム:화궁커넥트
2442 , アイテム:손바닥의순광
2443 , アイテム:달토끼의절굿공이
2444 , アイテム:구철검
2445 , アイテム:뇌수의칼
2446 , アイテム:도로표지판
2447 , アイテム:딸기크로스
2448 , アイテム:마계의단검
2449 , アイテム:무명의도
2450 , アイテム:마정무기0
2451 , アイテム:마정무기1
2452 , アイテム:마정무기2
2453 , アイテム:마정무기3
2454 , アイテム:마정무기4
2455 , アイテム:마정무기5
2456 , アイテム:마정무기6
2457 , アイテム:마정무기7
2458 , アイテム:마정무기8
2459 , アイテム:마정무기9
2460 , アイテム:마정무기10
2461 , アイテム:마정무기11
2462 , アイテム:마정무기12
2463 , アイテム:마정무기13
2464 , アイテム:마정무기14
2465 , アイテム:마정무기15
2466 , アイテム:마정무기16
2467 , アイテム:마정무기17
2468 , アイテム:마정무기18
2469 , アイテム:마정무기19
2470 , アイテム:마정무기20
2471 , アイテム:마정무기21
2472 , アイテム:마정무기22
2473 , アイテム:마정무기23
2474 , アイテム:마정무기24
2475 , アイテム:마정무기25
2476 , アイテム:마정무기26
2477 , アイテム:마정무기27
2478 , アイテム:마정무기28
2479 , アイテム:마정무기29
2480 , アイテム:마정무기30
2481 , アイテム:마정무기31
2482 , アイテム:마정무기32
2483 , アイテム:마정무기33
2484 , アイテム:마정무기34
2485 , アイテム:마정무기35
2486 , アイテム:마정무기36
2487 , アイテム:마정무기37
2488 , アイテム:마정무기38
2489 , アイテム:마정무기39
2490 , アイテム:마정무기40
2491 , アイテム:마정무기41
2492 , アイテム:마정무기42
2493 , アイテム:마정무기43
2494 , アイテム:마정무기44
2495 , アイテム:마정무기45
2496 , アイテム:마정무기46
2497 , アイテム:마정무기47
2498 , アイテム:마정무기48
2499 , アイテム:마정무기49
2500 , アイテム:베레타９２Ｆ
2501 , アイテム:IMI데저트이글
2502 , アイテム:곤즈피스톨
2503 , アイテム:도미네이터
2504 , アイテム:MBA자이로제트피스톨
2505 , アイテム:Ｍ16라이플
2506 , アイテム:스마일스테어
2507 , アイテム:Ｍ249미니미
2508 , アイテム:ＳＰＡＳ12
2509 , アイテム:귀뢰포
2510 , アイテム:사신콜트
2511 , アイテム:로열포켓
2512 , アイテム:황금총
2513 , アイテム:Ｍ134발칸
2514 , アイテム:기가스매셔
2515 , アイテム:국우의총
2516 , アイテム:레일건
2518 , アイテム:굉뢰포
2520 , アイテム:메기도파이어
2521 , アイテム:피스메이커
2522 , アイテム:브라흐마스트라
2523 , アイテム:구중뇌신포
2524 , アイテム:로켓암
2525 , アイテム:Ｓ＆Ｗ마그마
2526 , アイテム:그림리퍼
2527 , アイテム:오뢰령탄
2528 , アイテム:블랙유니콘
2529 , アイテム:메테오드라군
2530 , アイテム:콜트라이트닝
2531 , アイテム:바렛Ｍ90
2532 , アイテム:프로스트포
2533 , アイテム:수류탄
2534 , アイテム:그레네이드런쳐
2535 , アイテム:Mk98ＡＮＴＯＳ
2536 , アイテム:호와카빈
2537 , アイテム:레밍턴Ｍ710
2538 , アイテム:마크스맨라이플
2539 , アイテム:쇠파이프형산탄총
2540 , アイテム:데빌배셔
2541 , アイテム:모스버그Ｍ500
2542 , アイテム:레밍턴Ｍ31
2543 , アイテム:프란키ＰＡ-3
2544 , アイテム:ＳＰＡＳ15
2545 , アイテム:ＭＡＤＭＡＸ
2546 , アイテム:스레이브런쳐
2547 , アイテム:어벤져
2548 , アイテム:달토끼창천포
2549 , アイテム:엑스칼리버MkⅣ
2550 , アイテム:레이저화승총Ⅳ
2551 , アイテム:헤븐즈파이어
2552 , アイテム:DW8브류나크
2553 , アイテム:D9레바테인
2554 , アイテム:Steyr AUG
2555 , アイテム:발터 WA2000
2556 , アイテム:H＆K PSG1
2557 , アイテム:Ｌ・디스트로이
2558 , アイテム:산탄염총런들
2559 , アイテム:알즈・록
2560 , アイテム:5번영탄-정크
2561 , アイテム:양산형센티널
2562 , アイテム:혈앵SIG
2563 , アイテム:연옥글록
2564 , アイテム:디텍티브SP
2565 , アイテム:콜트파이슨
2566 , アイテム:곡익의타네가시마
2567 , アイテム:38식보병총
2568 , アイテム:89식중척탄통
2569 , アイテム:Ｃａｌ’Ｍａｒｉａ
2570 , アイテム:사초총
2571 , アイテム:사초권총
2572 , アイテム:사초총・윤회
2573 , アイテム:라이트닝슈터
2576 , アイテム:87식GL
2577 , アイテム:L115A3저격총
2578 , アイテム:맥밀란TAC-50
2580 , アイテム:플라즈마건(ALEX)
2590 , アイテム:바렛M107A1
2591 , アイテム:L85A2
2592 , アイテム:물대포
2593 , アイテム:테이저건
2594 , アイテム:화염방사기
2600 , アイテム:체인너클
2601 , アイテム:보우건
2602 , アイテム:크로스보우
2603 , アイテム:버스트라이저
2604 , アイテム:사무라이엣지
2605 , アイテム:블랙잭
2606 , アイテム:블랙잭Ｃ
2607 , アイテム:Ｋ－12ＡＸ
2608 , アイテム:도베르만Pincer
2609 , アイテム:월섬
2610 , アイテム:사무라이엣지(Hi)
2611 , アイテム:블랙잭(Hi)
2612 , アイテム:블랙잭Ｃ(Hi)
2613 , アイテム:Ｋ－12ＡＸ(Hi)
2614 , アイテム:도베르만Pincer(Hi)
2615 , アイテム:월섬(Hi)
2616 , アイテム:바렛크로스보우
2617 , アイテム:아바레스트
2618 , アイテム:리피터보우
2619 , アイテム:데스크로스
2620 , アイテム:피스메이커
2621 , アイテム:만마의총
2622 , アイテム:개틀링케이스
2623 , アイテム:3연장알비오레
2624 , アイテム:5연장메두사
2630 , アイテム:나이트파울
2700 , アイテム:티타노마키아
2701 , アイテム:타르타로스마키아
2702 , アイテム:ＭＧ34
2703 , アイテム:ＭＧ42
2750 , アイテム:Ｅ＆Ｉ
2751 , アイテム:Ｌ＆Ｏ
2752 , アイテム:Ｗ＆Ｓ
2780 , アイテム:밀크건
2781 , アイテム:밀크건II
2782 , アイテム:페니스건
2783 , アイテム:밀크슈터
2790 , アイテム:Beretta 93R
2795 , アイテム:브라우닝HP
2796 , アイテム:마즈버스터
2797 , アイテム:발터ac41
2798 , アイテム:이글50AE
2799 , アイテム:스위퍼
2800 , アイテム:블래스터건
2801 , アイテム:Vepr-12 Molot
2807 , アイテム:오뢰신기
2808 , アイテム:클라우드버스터
2809 , アイテム:C-M16A6
2810 , アイテム:HK417
2811 , アイテム:스콜피온
2812 , アイテム:발리스타
2813 , アイテム:원융
2814 , アイテム:메타트로니오스
2816 , アイテム:M110 SASS
2819 , アイテム:삼중뇌신포
2825 , アイテム:Mk47 스트라이커
2826 , アイテム:M388 데이비크로켓
2840 , アイテム:여월여래
2879 , アイテム:홍인환장
2880 , アイテム:스톤우즈
2881 , アイテム:플라워～런처
2882 , アイテム:호밍기어
2883 , アイテム:미래의광선총
2884 , アイテム:무지향성엑스트라봄
2893 , アイテム:도연화
2894 , アイテム:미니팔괘로
2895 , アイテム:파이어라빈트-
2896 , アイテム:소형전투기
2897 , アイテム:대전차화승총
2899 , アイテム:블랙배럴・레플리카
2900 , アイテム:토러스전용
2940 , アイテム:개조총1
2941 , アイテム:개조총2
2942 , アイテム:개조총3
2943 , アイテム:개조총4
2944 , アイテム:개조총5
2945 , アイテム:개조총6
2946 , アイテム:개조총7
2947 , アイテム:개조총8
2948 , アイテム:개조총9
2949 , アイテム:개조총10
3000 , アイテム:헤드기어
3001 , アイテム:프리츠헬름
3002 , アイテム:나프가드
3003 , アイテム:메탈터번
3004 , アイテム:아이언바니
3005 , アイテム:프로그헬름
3006 , アイテム:돌핀헬름
3007 , アイテム:핑퐁햇
3008 , アイテム:아이언페이스
3009 , アイテム:퍼레이드헬름
3010 , アイテム:새벽의투구
3011 , アイテム:주작의투구
3012 , アイテム:팬저헬름
3013 , アイテム:야크트헬름
3014 , アイテム:슈트룸헬름
3015 , アイテム:마사카도의투구
3016 , アイテム:Ｋ프로스트가발
3017 , アイテム:궁기의투구
3018 , アイテム:지저스헬름
3019 , アイテム:화콘
3020 , アイテム:슈피겔마스크
3021 , アイテム:삼각모자
3022 , アイテム:드래곤헬름
3023 , アイテム:귀신먹는투구
3024 , アイテム:금속섬유모자
3025 , アイテム:말괄량이모자
3026 , アイテム:학생모
3027 , アイテム:정령머리장식
3028 , アイテム:수달모자
3029 , アイテム:ＳＧＥ방호마스크
3030 , アイテム:방독마스크6형
3031 , アイテム:동방태산의모자
3032 , アイテム:S'A체인
3033 , アイテム:6's쵸커
3034 , アイテム:제마의투구
3035 , アイテム:미스틱헬름
3036 , アイテム:연마의면구
3037 , アイテム:매지컬헤어피스
3038 , アイテム:풀페이스
3039 , アイテム:게일기어
3040 , アイテム:프린세스크라운
3041 , アイテム:겐지의투구
3042 , アイテム:오크헬름
3043 , アイテム:히히이로카네투구
3044 , アイテム:하드텐갤런
3045 , アイテム:체인베레
3046 , アイテム:플레이트반다나
3047 , アイテム:바버트
3048 , アイテム:강철꽃장식
3049 , アイテム:백수의마스크
3050 , アイテム:아마존헤어피스
3051 , アイテム:일자건
3052 , アイテム:붉은투구
3053 , アイテム:A맥스헬름
3054 , アイテム:캘러미티헬름
3055 , アイテム:프로스트캡
3056 , アイテム:염색의협피
3057 , アイテム:헤일로템플
3058 , アイテム:에길헬름
3059 , アイテム:백칠겁팔식철귀
3060 , アイテム:후광의투구
3064 , アイテム:천마의투구
3066 , アイテム:CQBZ기어・헤드
3067 , アイテム:CQBZ기어・헤드(Hi)
3068 , アイテム:히ー호ー캡
3069 , アイテム:홍서의투구
3070 , アイテム:듀라한헬름
3071 , アイテム:울트라햇
3080 , アイテム:데모니카마스크
3100 , アイテム:날개장식
3101 , アイテム:별의왕관
3102 , アイテム:지파니움헬름
3200 , アイテム:메딕캡
3201 , アイテム:티타니아의머리장식
3202 , アイテム:프레이아의헤어밴드
3203 , アイテム:윗치레이디햇
3204 , アイテム:휴대용헤드폰
3205 , アイテム:메이드카츄샤
3206 , アイテム:쿠훌린투구
3207 , アイテム:롱기누스헤드
3208 , アイテム:트라이브수트・改（머리）
3209 , アイテム:비두만의머리
3210 , アイテム:입찢어진마스크
3211 , アイテム:스위트드림스
3212 , アイテム:판데모닉플래닛
3213 , アイテム:지장삿갓
3214 , アイテム:트리플삐약
3221 , アイテム:악마의리본
3222 , アイテム:마계인의모자
3223 , アイテム:화염의모자
3224 , アイテム:Dr.파우스트
3225 , アイテム:각오의하치가네
3230 , アイテム:검객의투구
3231 , アイテム:매지컬실크햇
3440 , アイテム:개조방어구머리1
3441 , アイテム:개조방어구머리2
3442 , アイテム:개조방어구머리3
3443 , アイテム:개조방어구머리4
3444 , アイテム:개조방어구머리5
3445 , アイテム:개조방어구머리6
3446 , アイテム:개조방어구머리7
3447 , アイテム:개조방어구머리8
3448 , アイテム:개조방어구머리9
3449 , アイテム:개조방어구머리10
3500 , アイテム:서바이벌베스트
3501 , アイテム:하이레그아머
3502 , アイテム:교복
3503 , アイテム:카이저아머
3504 , アイテム:일륜의갑옷
3505 , アイテム:가라시지의법의
3506 , アイテム:후미의갑옷
3507 , アイテム:도쿠로의케이코기
3508 , アイテム:테트라재머
3509 , アイテム:퍼레이드아머
3510 , アイテム:새벽의갑옷
3511 , アイテム:현무의갑옷
3512 , アイテム:팬저수트
3513 , アイテム:야크트아머
3514 , アイテム:슈트룸수트
3515 , アイテム:마사카도의갑주
3516 , アイテム:Ｋ프로스트망토
3517 , アイテム:궁기의갑옷
3518 , アイテム:지저스아머
3519 , アイテム:탑수안
3520 , アイテム:슈피겔메일
3521 , アイテム:훈도시
3522 , アイテム:드래곤메일
3523 , アイテム:명광개
3524 , アイテム:린다의브라
3525 , アイテム:금우궁교복
3526 , アイテム:사자궁교복
3527 , アイテム:천헐궁교복
3528 , アイテム:수병궁교복
3529 , アイテム:체인메일
3530 , アイテム:레이디스메일
3531 , アイテム:메탈세일러
3532 , アイテム:창부의옷
3533 , アイテム:블리자드로브
3534 , アイテム:수트
3535 , アイテム:스케일아머
3536 , アイテム:하이퍼세일러
3537 , アイテム:아게하드레스
3538 , アイテム:데빌코르셋
3539 , アイテム:방한복
3540 , アイテム:수성의날개옷
3541 , アイテム:데몬즈・스킨
3542 , アイテム:서방화산의옷
3543 , アイテム:열광학미채
3544 , アイテム:엔젤스커트
3545 , アイテム:배틀레오타드
3546 , アイテム:무적의미니
3547 , アイテム:백마의갑옷
3548 , アイテム:아미고판쵸
3549 , アイテム:사립송례관학원교복
3550 , アイテム:엔젤로브
3551 , アイテム:신기의갑옷
3552 , アイテム:게세츠산
3553 , アイテム:주정뱅이수트
3554 , アイテム:야마의드레스
3555 , アイテム:맥시밀리언
3556 , アイテム:겐지의갑옷
3557 , アイテム:다기능에이프런
3558 , アイテム:히히이로카네갑옷
3559 , アイテム:스피릿로브
3560 , アイテム:백도해청
3561 , アイテム:붉은갑옷
3562 , アイテム:A맥스수트
3563 , アイテム:캘러미티수트
3564 , アイテム:천마의갑주
3565 , アイテム:패왕의갑주
3566 , アイテム:법의옷
3567 , アイテム:피프스넘버
3568 , アイテム:유구의갑옷
3569 , アイテム:스파이크브라
3570 , アイテム:셀키의모피
3571 , アイテム:당사자의갑옷
3572 , アイテム:템플나이트크로스
3573 , アイテム:가이아즈수트
3575 , アイテム:카운터템플나이트크로스
3576 , アイテム:홍서의갑옷
3580 , アイテム:CQBZ기어・보디
3581 , アイテム:CQBZ기어・보디(Hi)
3582 , アイテム:랜턴망토
3583 , アイテム:빅버드수트
3584 , アイテム:엔젤윙
3585 , アイテム:아마테라스의홑옷
3586 , アイテム:보라색수트
3587 , アイテム:츠쿠요미의노우시
3588 , アイテム:요정왕의갑주
3589 , アイテム:아라하바키의갑주
3600 , アイテム:치유하는백의
3601 , アイテム:티타니아의원피스
3602 , アイテム:프레이아의날개옷
3603 , アイテム:윗치레이디원피스
3604 , アイテム:네코마타수트
3605 , アイテム:메이드원피스
3606 , アイテム:쿠훌린갑옷
3607 , アイテム:데빌서바이버
3608 , アイテム:프로스트수트
3609 , アイテム:로우자켓
3610 , アイテム:카오스코트
3612 , アイテム:롱기누스아머
3613 , アイテム:트라이브수트・改
3614 , アイテム:어스메일
3615 , アイテム:아가마수트
3616 , アイテム:배틀캐미솔
3617 , アイテム:컴뱃드레스
3618 , アイテム:하이레그이너
3620 , アイテム:비단벌레색도마뱀인형옷
3621 , アイテム:아마노자쿠드레스
3622 , アイテム:이터니티원피스
3633 , アイテム:마다라신동자무도복(정신)
3634 , アイテム:마타라신동자무도복(생명)
3635 , アイテム:길조야치에
3636 , アイテム:야마와로의미채복
3650 , アイテム:신형데모니카수트
3700 , アイテム:카루코자카고교블레이저교복
3701 , アイテム:세븐스블레이저교복
3702 , アイテム:세븐스세라복
3703 , アイテム:성엘민교복
3704 , アイテム:성엘민교복＆스커트
3705 , アイテム:월광관학원교복
3706 , アイテム:월광관학원교복＆스커트
3707 , アイテム:야소가미고교교복
3708 , アイテム:야소가미고교교복＆스커트
3709 , アイテム:슈진학원교복
3710 , アイテム:슈진학원교복＆스커트
3750 , アイテム:시제서바이벌베스트
3751 , アイテム:슬라임베스트
3752 , アイテム:악마사냥꾼의코트
3753 , アイテム:강화서바이벌베스트
3754 , アイテム:하드택티컬코트
3755 , アイテム:데모니카카피
3756 , アイテム:촉수옷데모니카
3801 , アイテム:양의망토
3802 , アイテム:음의수의
3803 , アイテム:핵제어메이드복
3804 , アイテム:악마의메이드복
3850 , アイテム:야치호의테니스웨어
3860 , アイテム:붉은요포
3861 , アイテム:헥토르의갑옷
3940 , アイテム:개조방어구몸통1
3941 , アイテム:개조방어구몸통2
3942 , アイテム:개조방어구몸통3
3943 , アイテム:개조방어구몸통4
3944 , アイテム:개조방어구몸통5
3945 , アイテム:개조방어구몸통6
3946 , アイテム:개조방어구몸통7
3947 , アイテム:개조방어구몸통8
3948 , アイテム:개조방어구몸통9
3949 , アイテム:개조방어구몸통10
4000 , アイテム:레더글러브
4001 , アイテム:스타글러브
4002 , アイテム:리벳너클
4003 , アイテム:재밍암
4004 , アイテム:암브릿지
4005 , アイテム:질풍의토시
4006 , アイテム:태도할의토시
4007 , アイテム:역왕의토시
4008 , アイテム:복수의토시
4009 , アイテム:퍼레이드글러브
4010 , アイテム:새벽의토시
4011 , アイテム:청룡의토시
4012 , アイテム:팬저피스트
4013 , アイテム:야크트글러브
4014 , アイテム:슈트룸글러브
4015 , アイテム:마사카도의토시
4016 , アイテム:Ｋ프로스트미튼
4017 , アイテム:궁기의토시
4018 , アイテム:지저스글러브
4019 , アイテム:퍼홀렛
4020 , アイテム:가드엔젤
4021 , アイテム:Ｇ－라다즈
4022 , アイテム:드래곤클로
4023 , アイテム:쥬시쥰
4024 , アイテム:남방형산의반지
4025 , アイテム:조인의팔찌
4026 , アイテム:요정의방패
4027 , アイテム:하이퍼목장갑
4028 , アイテム:바람의날개
4029 , アイテム:다마스커스글러브
4030 , アイテム:인텔가드
4031 , アイテム:복숭아나무토시
4032 , アイテム:붉은토시
4033 , アイテム:A맥스암
4034 , アイテム:캘러미티클로
4035 , アイテム:번개의팔찌
4036 , アイテム:기합의팔찌
4037 , アイテム:뇌신의팔찌
4038 , アイテム:올빼미글러브
4039 , アイテム:라우린의반지
4040 , アイテム:열화의토시
4041 , アイテム:CQBZ기어・암
4042 , アイテム:CQBZ기어・암(Hi)
4043 , アイテム:귀면의토시
4044 , アイテム:사자왕의토시
4045 , アイテム:홍서의토시
4046 , アイテム:아틀라스의토시
4050 , アイテム:슈피겔쉴드
4051 , アイテム:롱기누스암
4052 , アイテム:트라이브수트・改（팔）
4053 , アイテム:지파니움글러브
4054 , アイテム:플라티나퀸
4055 , アイテム:카이저너클
4056 , アイテム:건틀릿
4057 , アイテム:사이버암
4058 , アイテム:아이언클로
4060 , アイテム:하이테크건틀릿
4064 , アイテム:천마의소수
4070 , アイテム:드라우프니르
4071 , アイテム:진・드라우프니르
4400 , アイテム:개조방어구팔1
4401 , アイテム:개조방어구팔2
4402 , アイテム:개조방어구팔3
4403 , アイテム:개조방어구팔4
4404 , アイテム:개조방어구팔5
4405 , アイテム:개조방어구팔6
4406 , アイテム:개조방어구팔7
4407 , アイテム:개조방어구팔8
4408 , アイテム:개조방어구팔9
4409 , アイテム:개조방어구팔10
4431 , アイテム:조타카시의수갑
4444 , アイテム:고토쿠지미케네코완환
4445 , アイテム:버팔로의조약돌
4446 , アイテム:황금의팔찌
4447 , アイテム:눈튕기는방패
4448 , アイテム:모래시계방패
4449 , アイテム:검교의갑
4451 , アイテム:검교의갑
4500 , アイテム:레더부츠
4501 , アイテム:렛거슬럼
4502 , アイテム:해피샌들
4503 , アイテム:티타늄부츠
4504 , アイテム:댄싱힐
4505 , アイテム:에어로제트
4506 , アイテム:초승달의구족
4507 , アイテム:크라임슈즈
4508 , アイテム:영명의구족
4509 , アイテム:퍼레이드부츠
4510 , アイテム:새벽의구족
4511 , アイテム:백호의구족
4512 , アイテム:팬저레그
4513 , アイテム:야크트레그
4514 , アイテム:슈트룸레그
4515 , アイテム:기간트폴
4516 , アイテム:Ｋ프로스트부츠
4517 , アイテム:궁기의구족
4518 , アイテム:지저스레그
4519 , アイテム:카무라이타오
4520 , アイテム:풀메탈힐
4521 , アイテム:윗치펌프스
4522 , アイテム:드래곤부츠
4523 , アイテム:세이프티부츠
4524 , アイテム:카우부츠
4525 , アイテム:퀵펌프스
4526 , アイテム:금속섬유타이즈
4527 , アイテム:북방항산의구족
4528 , アイテム:섹시힐
4529 , アイテム:로퍼
4530 , アイテム:헤르메스의샌들
4531 , アイテム:마도짚신
4532 , アイテム:가데스레그
4533 , アイテム:텐구의게다
4534 , アイテム:벤케이의각반
4535 , アイテム:칠흑의구족
4536 , アイテム:겐지의구족
4537 , アイテム:히히이로카네구족
4538 , アイテム:엔지니어부츠
4539 , アイテム:롤러블레이드
4540 , アイテム:복숭아나무신발
4541 , アイテム:붉은구족
4542 , アイテム:A맥스레그
4543 , アイテム:캘러미티부츠
4544 , アイテム:에어・세에레
4545 , アイテム:바람을가르는꼬리
4546 , アイテム:미라주부츠
4547 , アイテム:금강의구족
4548 , アイテム:리오힐
4549 , アイテム:기간트폴
4550 , アイテム:슈피겔바인
4551 , アイテム:홍서의구족
4552 , アイテム:하이테크슈즈
4557 , アイテム:CQBZ기어・레그
4558 , アイテム:CQBZ기어・레그(Hi)
4559 , アイテム:지파니움레그
4560 , アイテム:루즈느와르
4564 , アイテム:천마의구족
4565 , アイテム:유령의게다
4566 , アイテム:슬라임슈즈
4567 , アイテム:아레스의구족
4568 , アイテム:스카이힐
4600 , アイテム:여의사의하이힐
4601 , アイテム:윗치레이디부츠
4602 , アイテム:네코마타부츠
4603 , アイテム:섹시하이힐
4604 , アイテム:롱기누스레그
4605 , アイテム:트라이브수트・改（발）
4606 , アイテム:우레의태고화
4607 , アイテム:풍화륜
4608 , アイテム:풍화륜II
4609 , アイテム:쿠로코마의백장화
4620 , アイテム:유리구두
4940 , アイテム:개조방어구발1
4941 , アイテム:개조방어구발2
4942 , アイテム:개조방어구발3
4943 , アイテム:개조방어구발4
4944 , アイテム:개조방어구발5
4945 , アイテム:개조방어구발6
4946 , アイテム:개조방어구발7
4947 , アイテム:개조방어구발8
4948 , アイテム:개조방어구발9
4949 , アイテム:개조방어구발10
5000 , アイテム:갖지못한자의반지
5001 , アイテム:비석의반지
5002 , アイテム:로자리오
5003 , アイテム:염주
5004 , アイテム:파워밴드
5005 , アイテム:인텔리안경
5006 , アイテム:매직링
5007 , アイテム:스테미너벨트
5008 , アイテム:스피드앙크
5009 , アイテム:럭피어스
5010 , アイテム:고고함의반지
5011 , アイテム:시그마드라이브
5012 , アイテム:오메가드라이브
5013 , アイテム:대지씰
5014 , アイテム:부키미쨩의명찰
5015 , アイテム:고우토
5016 , アイテム:인게이지링
5017 , アイテム:낙인
5018 , アイテム:개목걸이
5019 , アイテム:데모니카수트
5020 , アイテム:아메지스트부적
5021 , アイテム:메가파워밴드
5022 , アイテム:메가인텔리안경
5023 , アイテム:메가매직링
5024 , アイテム:메가스테미너벨트
5025 , アイテム:메가스피드앙크
5026 , アイテム:메가럭피어스
5027 , アイテム:백은의수레바퀴
5028 , アイテム:은열쇠
5029 , アイテム:카파망토
5030 , アイテム:아게하망토
5031 , アイテム:팬텀망토
5032 , アイテム:발의망토
5033 , アイテム:타천사의날개
5034 , アイテム:반혼의반지
5035 , アイテム:지점토의팔찌
5036 , アイテム:방사뱃지
5037 , アイテム:도사뱃지
5038 , アイテム:선인뱃지
5039 , アイテム:지구씰
5040 , アイテム:우주씰
5041 , アイテム:안티포이즌링
5042 , アイテム:마비방지의반지
5043 , アイテム:불폭의반지
5044 , アイテム:석화해방의반지
5045 , アイテム:봉쇄돌파의반지
5046 , アイテム:매료거부의반지
5047 , アイテム:수마해산의반지
5048 , アイテム:산양뿔담배갑
5049 , アイテム:사역마
5050 , アイテム:식신
5051 , アイテム:여우가면
5052 , アイテム:야마의립스틱
5053 , アイテム:적색의피어스
5054 , アイテム:악마의피어스
5055 , アイテム:불꽃의투귀
5056 , アイテム:청색의피어스
5057 , アイテム:인중의피어스
5058 , アイテム:얼음의투귀
5059 , アイテム:검격내성반지
5060 , アイテム:비구내성반지
5061 , アイテム:타격내성반지
5062 , アイテム:전술내성반지
5063 , アイテム:화염내성반지
5064 , アイテム:빙결내성반지
5065 , アイテム:전격내성반지
5066 , アイテム:충격내성반지
5067 , アイテム:신경내성반지
5068 , アイテム:정신내성반지
5069 , アイテム:파마내성반지
5070 , アイテム:주살내성반지
5071 , アイテム:지변내성반지
5072 , アイテム:수격내성반지
5073 , アイテム:질풍내성반지
5074 , アイテム:중력내성반지
5075 , アイテム:핵열내성반지
5077 , アイテム:우주의지의반지
5078 , アイテム:엠블럼
5079 , アイテム:히란야
5080 , アイテム:킹라이저
5081 , アイテム:Aion재킷
5082 , アイテム:Aion레깅스
5083 , アイテム:은목걸이
5100 , アイテム:스트렝스소스
5101 , アイテム:인텔리전스소스
5102 , アイテム:매직소스
5103 , アイテム:바이탈리티소스
5104 , アイテム:어질리티소스
5105 , アイテム:럭키소스
5106 , アイテム:레기온제일
5107 , アイテム:극화괴
5108 , アイテム:폭람의반지
5109 , アイテム:흑신의돌
5110 , アイテム:하얀후광
5111 , アイテム:차크라링
5112 , アイテム:루드라링
5113 , アイテム:완전신주
5114 , アイテム:에녹서
5115 , アイテム:알리콘
5116 , アイテム:검은암륜
5117 , アイテム:허무의서
5118 , アイテム:정적의반지
5119 , アイテム:브리싱가멘
5120 , アイテム:호무스비의목
5200 , アイテム:네코마타테일
5201 , アイテム:파인양손냄비
5202 , アイテム:골판지
5203 , アイテム:눈꽃
5205 , アイテム:학습장치
5206 , アイテム:야사카의곡옥
5207 , アイテム:수련의반지
5251 , アイテム:웨이브비늘옷
5252 , アイテム:월하의송곳니
5253 , アイテム:벤벤비파
5254 , アイテム:Psycho전화기
5255 , アイテム:야만바의숫돌
5256 , アイテム:아운의대좌
5257 , アイテム:비신의백도어
5258 , アイテム:찰흙의곡옥
5259 , アイテム:타마노야식음양옥
5260 , アイテム:대텐구의보리밥
5261 , アイテム:영력의표본병
5301 , アイテム:포터블마안
5302 , アイテム:별의페인트
5303 , アイテム:사리엘의부적
5304 , アイテム:흡혈소녀의송곳니
5305 , アイテム:마법진의부적
5306 , アイテム:빙결의날개
5307 , アイテム:마신의날개
5308 , アイテム:매직펜던트
5309 , アイテム:용석의목걸이
5320 , アイテム:명경지수의마음
5321 , アイテム:빛의뿔
5350 , アイテム:조정용
5488 , アイテム:번개의렌즈
5489 , アイテム:다크니스트리거Ｘ
5490 , アイテム:벽색의뇌정
5491 , アイテム:ＰＵ・폴리탄
5492 , アイテム:와카미야의비키니팬츠
5493 , アイテム:무모함의증거
5494 , アイテム:무기력의부적
5495 , アイテム:별의티아라
5496 , アイテム:쿠쿠리히메의매듭끈
5497 , アイテム:수상한비디오테이프
5499 , アイテム:디버그용
5500 , アイテム:핫로드탄
5501 , アイテム:약장탄
5502 , アイテム:케이스리스탄
5503 , アイテム:성스러운탄환
5504 , アイテム:저주의탄환
5505 , アイテム:독침탄
5506 , アイテム:랜디샷
5507 , アイテム:신경탄
5508 , アイテム:디스펠샷
5509 , アイテム:플루토늄탄
5510 , アイテム:메두사의탄환
5511 , アイテム:코로나샷
5512 , アイテム:만능탄
5513 , アイテム:프로스트탄
5514 , アイテム:랜턴탄
5515 , アイテム:음향탄
5516 , アイテム:중력자탄
5517 , アイテム:살라만더탄
5518 , アイテム:운디네탄
5519 , アイテム:놈봄
5520 , アイテム:실프샷
5521 , アイテム:천마의탄환
5522 , アイテム:주작샷
5523 , アイテム:현무샷
5524 , アイテム:백호샷
5525 , アイテム:청룡샷
5526 , アイテム:섬광탄
5527 , アイテム:해피샷
6000 , アイテム:더미
6001 , アイテム:화이트브림
6002 , アイテム:너스캡
6003 , アイテム:경관모
6004 , アイテム:토끼귀밴드
6005 , アイテム:리본
6006 , アイテム:후드
6007 , アイテム:투구
6008 , アイテム:모자
6009 , アイテム:베일
6010 , アイテム:티아라
6011 , アイテム:카츄샤
6012 , アイテム:헤어밴드
6013 , アイテム:반다나
6014 , アイテム:프로스트두건
6015 , アイテム:랜턴햇
6016 , アイテム:관
6017 , アイテム:네코미미카츄샤
6018 , アイテム:군모
6019 , アイテム:헤드셋마이크
6020 , アイテム:화관
6021 , アイテム:헤드드레스
6022 , アイテム:코후크
6023 , アイテム:머리핀
6024 , アイテム:비녀
6025 , アイテム:머리장식
6026 , アイテム:머리끈
6027 , アイテム:꽃송이
6028 , アイテム:왕관
6029 , アイテム:금강권
6030 , アイテム:월하향의머리장식
6031 , アイテム:삿갓
6032 , アイテム:헬멧
6033 , アイテム:에보시
6034 , アイテム:천개
6035 , アイテム:카우보이모자
6036 , アイテム:학생모
6037 , アイテム:유즈키노키미사범학교제식모자
6038 , アイテム:헌팅캡
6039 , アイテム:디어스토커
6040 , アイテム:트리코르느
6041 , アイテム:광대모자
6042 , アイテム:실크햇
6043 , アイテム:불곰
6044 , アイテム:흑곰
6045 , アイテム:백곰
6046 , アイテム:깃털모자
6047 , アイテム:비행모
6048 , アイテム:나이트캡
6049 , アイテム:비니
6050 , アイテム:베이스볼캡
6051 , アイテム:러시아모자
6052 , アイテム:정절의귀걸이
6053 , アイテム:번식예찬귀표
6054 , アイテム:윔플
6055 , アイテム:마녀모자
6056 , アイテム:니트모자
6057 , アイテム:머리띠
6101 , アイテム:겉옷
6102 , アイテム:세일러복
6103 , アイテム:체육복
6104 , アイテム:비키니탑
6105 , アイテム:간호사복
6106 , アイテム:경관복
6107 , アイテム:블라우스
6108 , アイテム:탱크탑
6109 , アイテム:튜브탑
6110 , アイテム:런닝셔츠
6111 , アイテム:터틀넥
6112 , アイテム:스모크셔츠
6113 , アイテム:스웨트셔츠
6114 , アイテム:언더셔츠
6115 , アイテム:기모노
6116 , アイテム:시스루셔츠
6117 , アイテム:캐미솔
6118 , アイテム:유카타
6119 , アイテム:깃세운옷
6120 , アイテム:드레스셔츠
6121 , アイテム:와이셔츠
6122 , アイテム:고스로리옷（흑）
6123 , アイテム:고스로리옷（백）
6124 , アイテム:T셔츠
6125 , アイテム:가슴장갑
6126 , アイテム:가운
6127 , アイテム:카우보이셔츠
6128 , アイテム:튜닉
6129 , アイテム:파자마
6130 , アイテム:동정을죽이는스웨터
6131 , アイテム:노슬리브셔츠
6132 , アイテム:경기용유니폼
6133 , アイテム:오프숄더
6134 , アイテム:스웨터
6201 , アイテム:스커트
6202 , アイテム:퀼로트
6203 , アイテム:몸뻬
6204 , アイテム:바지
6205 , アイテム:롱스커트
6206 , アイテム:핫팬츠
6207 , アイテム:미니스커트
6208 , アイテム:타이트스커트
6209 , アイテム:타이트미니스커트
6210 , アイテム:오버올
6211 , アイテム:블루머
6212 , アイテム:비키니바텀
6213 , アイテム:서스펜더스커트
6214 , アイテム:점퍼스커트
6215 , アイテム:하카마
6216 , アイテム:숏팬츠
6217 , アイテム:파레오
6218 , アイテム:허리장갑
6219 , アイテム:레더팬츠
6221 , アイテム:플리츠스커트
6222 , アイテム:청바지
6223 , アイテム:치노팬츠
6224 , アイテム:카고팬츠
6225 , アイテム:슬랙스
6226 , アイテム:플레어스커트
6227 , アイテム:티어드스커트
6228 , アイテム:머메이드스커트
6229 , アイテム:피쉬테일스커트
6230 , アイテム:사이클링팬츠
6231 , アイテム:스커츠
6232 , アイテム:파자마바지
6233 , アイテム:하이웨스트스커트
6234 , アイテム:하프팬츠
6235 , アイテム:철벽스커트
6236 , アイテム:콘돔허리미노
6237 , アイテム:스윔스커트
6238 , アイテム:파레오
6301 , アイテム:나가기
6302 , アイテム:로브
6303 , アイテム:원피스
6304 , アイテム:드레스
6305 , アイテム:이브닝드레스(V넥)
6306 , アイテム:전신갑주
6307 , アイテム:에이프런드레스
6308 , アイテム:메이드복
6309 , アイテム:프렌치메이드복
6310 , アイテム:차이나드레스
6311 , アイテム:바니수트
6312 , アイテム:본디지수트
6313 , アイテム:인형탈
6315 , アイテム:치하야
6316 , アイテム:군복
6317 , アイテム:민족의상
6318 , アイテム:법의
6319 , アイテム:관두의
6320 , アイテム:트라이브수트
6321 , アイテム:네코마타수트(의상)
6322 , アイテム:웨딩드레스
6323 , アイテム:시로무쿠
6324 , アイテム:도사복
6325 , アイテム:흰수의
6326 , アイテム:도복
6327 , アイテム:도포
6328 , アイテム:웨스턴드레스
6329 , アイテム:키톤
6330 , アイテム:유즈키노키미사범학교교복
6331 , アイテム:광대의옷
6332 , アイテム:스팽글드레스
6333 , アイテム:길리수트
6334 , アイテム:고딕드레스(V넥)
6335 , アイテム:고딕원피스
6336 , アイテム:사무에
6337 , アイテム:라이더수트
6338 , アイテム:우주복
6339 , アイテム:죄수복
6340 , アイテム:촉수갑옷
6341 , アイテム:보디콘수트
6342 , アイテム:브랜드수트
6343 , アイテム:미니원피스
6344 , アイテム:웨이터복
6345 , アイテム:디른들
6346 , アイテム:5121소대제복
6347 , アイテム:테크웨어（스커트）
6348 , アイテム:테크웨어（바지）
6349 , アイテム:수도복（스카풀라리오）
6350 , アイテム:지뢰계여학생복
6351 , アイテム:아라비안・하렘
6352 , アイテム:서머원피스
6353 , アイテム:상복
6354 , アイテム:파일럿수트
6401 , アイテム:장갑
6402 , アイテム:소매
6403 , アイテム:커프스
6404 , アイテム:엘보글러브
6405 , アイテム:레이스달린장갑
6406 , アイテム:토시
6407 , アイテム:육구글러브
6408 , アイテム:파
6409 , アイテム:반장갑
6410 , アイテム:반지
6411 , アイテム:팔찌
6412 , アイテム:수갑
6413 , アイテム:레이스커프스
6414 , アイテム:롱글로브
6415 , アイテム:순결의커프스
6416 , アイテム:음탕의염주
6417 , アイテム:퍼글러브
6418 , アイテム:리스트워머
6501 , アイテム:브래지어
6502 , アイテム:스포츠브라
6503 , アイテム:무명천
6504 , アイテム:오픈브라
6505 , アイテム:마이크로브라
6506 , アイテム:네글리제
6507 , アイテム:브래지어(흑)
6508 , アイテム:브래지어(적)
6509 , アイテム:레이스달린브래지어
6510 , アイテム:임산부용브래지어
6511 , アイテム:뷔스티에
6512 , アイテム:니플리스
6513 , アイテム:비늘브라
6520 , アイテム:니플피어스
6521 , アイテム:반창고
6522 , アイテム:나가쥬반
6523 , アイテム:하다코소데
6524 , アイテム:탱크톱브라
6525 , アイテム:주니어브라
6526 , アイテム:브라캐미솔
6527 , アイテム:탱크톱(이너)
6528 , アイテム:티셔츠(이너)
6529 , アイテム:촉수브라
6530 , アイテム:쇼트T셔츠
6531 , アイテム:캣란제리(상)
6532 , アイテム:베이비돌
6533 , アイテム:세일러수영복
6534 , アイテム:안대비키니
6535 , アイテム:플레어비키니
6536 , アイテム:래시가드
6601 , アイテム:드로워즈
6602 , アイテム:팬티
6603 , アイテム:오픈쇼츠
6604 , アイテム:훈도시
6605 , アイテム:마이크로비키니
6606 , アイテム:트렁크스
6607 , アイテム:부메랑팬츠
6608 , アイテム:로인클로스
6609 , アイテム:팬티(흑)
6610 , アイテム:팬티(적)
6611 , アイテム:레이스달린팬티
6612 , アイテム:바이브달린쇼츠
6613 , アイテム:Ａ바이브달린쇼츠
6614 , アイテム:Ｗ바이브달린쇼츠
6615 , アイテム:꼬리플러그
6616 , アイテム:스패츠
6617 , アイテム:줄무늬팬티
6618 , アイテム:비늘팬티
6620 , アイテム:라비아피어스
6621 , アイテム:기저귀
6622 , アイテム:로우라이즈
6623 , アイテム:정조대
6624 , アイテム:바이브달린정조대
6625 , アイテム:Ａ바이브달린정조대
6626 , アイテム:Ｗ바이브달린정조대
6627 , アイテム:반창고
6628 , アイテム:C스트링
6629 , アイテム:G스트링
6630 , アイテム:주니어쇼츠
6631 , アイテム:보이렉팬티
6632 , アイテム:복서브리프
6633 , アイテム:브리프
6634 , アイテム:촉수팬츠
6635 , アイテム:롱복서브리프
6636 , アイテム:작스트랩
6637 , アイテム:정조의마에바리
6638 , アイテム:생식환영표
6639 , アイテム:거들
6640 , アイテム:드로어즈
6641 , アイテム:캣란제리(하)
6642 , アイテム:언더스커트
6643 , アイテム:비키니바텀
6701 , アイテム:타이즈
6702 , アイテム:타이즈（구멍뚫림）
6703 , アイテム:슬링샷
6704 , アイテム:레오타드
6705 , アイテム:레오타드（구멍뚫림）
6710 , アイテム:학교수영복
6711 , アイテム:학교수영복（구멍뚫림）
6712 , アイテム:새끼줄
6713 , アイテム:경주용수영복
6714 , アイテム:경주용수영복（구멍뚫림）
6715 , アイテム:비키니수영복
6716 , アイテム:원피스수영복
6717 , アイテム:교정속옷
6718 , アイテム:래핑리본
6719 , アイテム:로엔그린
6720 , アイテム:고무수트
6721 , アイテム:잠수복
6722 , アイテム:촉수수트
6723 , アイテム:타이트보디수트
6724 , アイテム:뱀
6725 , アイテム:개각교정속옷
6726 , アイテム:시미즈
6727 , アイテム:세일러레오타드
6801 , アイテム:양말
6802 , アイテム:하이삭스
6803 , アイテム:니삭스
6804 , アイテム:사이하이삭스
6805 , アイテム:가터스타킹
6806 , アイテム:팬티스타킹
6807 , アイテム:망사타이즈
6808 , アイテム:버선
6809 , アイテム:각반
6810 , アイテム:검은색타이즈
6811 , アイテム:캣삭스
6812 , アイテム:붕대
6901 , アイテム:부츠
6902 , アイテム:하이부츠
6903 , アイテム:샌들
6904 , アイテム:그리브
6905 , アイテム:게다
6906 , アイテム:핀힐
6907 , アイテム:하이힐
6908 , アイテム:스니커
6909 , アイテム:가죽구두
6910 , アイテム:뮬
6911 , アイテム:펌프스
6912 , アイテム:짚신
6913 , アイテム:슈즈
6914 , アイテム:육구부츠
6915 , アイテム:스파이크
6916 , アイテム:조리
6917 , アイテム:타이어
6918 , アイテム:지하버선
6919 , アイテム:캔버스신발
6920 , アイテム:롤러스케이트
6921 , アイテム:명주신
6922 , アイテム:모카신
6923 , アイテム:숏부츠
6924 , アイテム:윈터부츠
7001 , アイテム:볼레로
7002 , アイテム:망토
7003 , アイテム:블레이저교복
7004 , アイテム:코트
7005 , アイテム:카디건
7006 , アイテム:백의
7010 , アイテム:흉갑
7011 , アイテム:교자
7012 , アイテム:모피
7013 , アイテム:후드집업
7014 , アイテム:자켓
7015 , アイテム:연미복
7016 , アイテム:가쿠란교복
7017 , アイテム:저지
7018 , アイテム:도테라
7019 , アイテム:베스트
7020 , アイテム:카리기누
7021 , アイテム:수트
7022 , アイテム:레더자켓
7023 , アイテム:소매있는앞치마
7024 , アイテム:스이칸
7025 , アイテム:진바오리
7026 , アイテム:하프코트
7027 , アイテム:히마티온
7028 , アイテム:인버네스
7029 , アイテム:하오리
7030 , アイテム:쥬스트콜
7031 , アイテム:쥬스트콜・아란베일
7032 , アイテム:보디아머
7033 , アイテム:우비
7034 , アイテム:산타코트
7035 , アイテム:서코트
7036 , アイテム:오버사이즈스웨터
7037 , アイテム:엘보우＆니가드
7038 , アイテム:언더바스트코르셋
7039 , アイテム:수단코트
7101 , アイテム:날개옷
7102 , アイテム:가터벨트
7103 , アイテム:안경
7104 , アイテム:구속구
7105 , アイテム:머플러
7106 , アイテム:안장
7107 , アイテム:오비
7108 , アイテム:벨트
7109 , アイテム:헤드폰
7110 , アイテム:쵸커
7111 , アイテム:페니스리본
7112 , アイテム:넥타이
7113 , アイテム:리본넥타이
7114 , アイテム:안대
7115 , アイテム:란도셀
7116 , アイテム:전속노예의목걸이
7117 , アイテム:배덕의반지
7118 , アイテム:선글라스
7119 , アイテム:서스펜더
7120 , アイテム:코르사쥬
7121 , アイテム:문신
7122 , アイテム:네츠케
7123 , アイテム:귀걸이
7124 , アイテム:카즈키
7125 , アイテム:가죽반바지
7126 , アイテム:가죽바지
7127 , アイテム:앵클릿
7128 , アイテム:넥클리스
7129 , アイテム:벨리체인
7130 , アイテム:금강저의반지
7131 , アイテム:홀스터
7132 , アイテム:회중시계
7133 , アイテム:퉁소
7134 , アイテム:육문전
7135 , アイテム:검정오비
7136 , アイテム:휴지
7137 , アイテム:잎사귀
7138 , アイテム:파이프
7139 , アイテム:프로테인
7140 , アイテム:가면「여우」
7141 , アイテム:가면「한냐」
7142 , アイテム:가면「불돌이」
7143 , アイテム:가면「늙은이」
7144 , アイテム:가면「젊은여자」
7145 , アイテム:가면「추녀」
7146 , アイテム:파니에
7147 , アイテム:빕칼라
7148 , アイテム:카메오브로치
7149 , アイテム:스틱
7150 , アイテム:변신벨트
7151 , アイテム:포스터
7152 , アイテム:브랜드가방
7153 , アイテム:럭색
7154 , アイテム:봉지
7155 , アイテム:모노클
7156 , アイテム:경전
7157 , アイテム:애독서
7158 , アイテム:시가(궐련)
7159 , アイテム:스톨
7160 , アイテム:컴팩트
7161 , アイテム:페티코트
7162 , アイテム:고글
7163 , アイテム:마스크
7164 , アイテム:담배
7165 , アイテム:씹는담배
7166 , アイテム:휴대용물담배
7167 , アイテム:담뱃대
7168 , アイテム:성냥
7169 , アイテム:종이성냥
7170 , アイテム:라이터
7171 , アイテム:지포라이터
7172 , アイテム:파이포
7173 , アイテム:전자담배
7174 , アイテム:피어스
7175 , アイテム:도미노마스크
7176 , アイテム:사용한콘돔
7177 , アイテム:피임의반지
7178 , アイテム:사진부착신분증
7179 , アイテム:페이스베일
7180 , アイテム:피어스
7181 , アイテム:우산
7182 , アイテム:팬던트
7183 , アイテム:가면
8000 , アイテム:플러그인／은의손
8001 , アイテム:플러그인／엔젤헤일로
8002 , アイテム:플러그인／명계의열쇠
8003 , アイテム:플러그인／치하야
8004 , アイテム:플러그인／비천의
8005 , アイテム:플러그인／픽시더스트
8006 , アイテム:플러그인／청동투구
8007 , アイテム:플러그인／순백의날개
8008 , アイテム:플러그인／메이폴
8009 , アイテム:플러그인／유츠츠마구시
8010 , アイテム:플러그인／와타리가라스의날개
8011 , アイテム:플러그인／실리코트
8012 , アイテム:플러그인／황금반지
8013 , アイテム:플러그인／성령의세례
8014 , アイテム:플러그인／솔로몬의열쇠
8015 , アイテム:플러그인／연꽃의옷
8016 , アイテム:플러그인／신조의날개
8017 , アイテム:플러그인／극작가의펜
8018 , アイテム:플러그인／빛의오른손
8019 , アイテム:플러그인／토츠카노츠루기
8020 , アイテム:플러그인／어둠의왼손
8021 , アイテム:플러그인／백동경
8022 , アイテム:플러그인／앨커헤스트
8023 , アイテム:플러그인／우모사의모옥
8024 , アイテム:플러그인／풀크에술
8025 , アイテム:플러그인／프리마・마테리아
8026 , アイテム:플러그인／무시카
8027 , アイテム:플러그인／칸타로스술잔
8028 , アイテム:플러그인／전승기원문
8029 , アイテム:플러그인／날개달린투구
8030 , アイテム:플러그인／토트의책
8031 , アイテム:플러그인／라크타팍샤
8032 , アイテム:플러그인／래핏풋
8033 , アイテム:플러그인／은활
8034 , アイテム:플러그인／양염의부적
8035 , アイテム:플러그인／무로의부적
8036 , アイテム:플러그인／뇌경의부적
8037 , アイテム:플러그인／진천의부적
8038 , アイテム:플러그인／각성의부적
8039 , アイテム:플러그인／불혹의부적
8040 , アイテム:플러그인／광진의부적
8041 , アイテム:플러그인／갈마의부적
8042 , アイテム:플러그인／찰토의부적
8043 , アイテム:플러그인／활수의부적
8044 , アイテム:플러그인／풍현의부적
8045 , アイテム:플러그인／심연의부적
8046 , アイテム:플러그인／일륜의부적
8047 , アイテム:플러그인／근위의마음가짐
8048 , アイテム:플러그인／송골매의눈
8049 , アイテム:플러그인／매의눈
8050 , アイテム:플러그인／네코마네키네코
8051 , アイテム:플러그인／혜해의방울
8052 , アイテム:플러그인／준마의발굽
8053 , アイテム:플러그인／솔로몬의결혼반지
8054 , アイテム:플러그인／여의우의
8055 , アイテム:플러그인／향나무가지
8056 , アイテム:플러그인／성하수
8057 , アイテム:플러그인／이시이씨의백의
8058 , アイテム:플러그인／영광의손
8059 , アイテム:플러그인／어둠의정령
8060 , アイテム:플러그인／용수의립스틱
8061 , アイテム:플러그인／우의화
8062 , アイテム:플러그인／곤혹의B케이크
8063 , アイテム:플러그인／베타팔
8064 , アイテム:플러그인／청두건
8065 , アイテム:플러그인／Ｄｒ．Ｎ슈즈
8066 , アイテム:플러그인／류큐의알
8067 , アイテム:플러그인／매혹의 C케이크
8068 , アイテム:플러그인／부들
8069 , アイテム:플러그인／무지미망의마음
8070 , アイテム:플러그인／기적의샘물
8071 , アイテム:플러그인／탄핵의우상
8072 , アイテム:플러그인／룩스리아・램
8073 , アイテム:플러그인／고양이의왕관
8074 , アイテム:플러그인／화원경
8075 , アイテム:플러그인／어비스시드
8076 , アイテム:플러그인／귀신의흑의
8077 , アイテム:플러그인／놋쇠가마
8078 , アイテム:플러그인／걀라르호른
8079 , アイテム:플러그인／우자트의눈
8080 , アイテム:플러그인／천명의석판
8081 , アイテム:플러그인／아이스베스트
8082 , アイテム:플러그인／매의날개옷
8083 , アイテム:플러그인／파라바니
8084 , アイテム:플러그인／금강장왕
8085 , アイテム:플러그인／얼어붙은그림자
8086 , アイテム:플러그인／박명기담
8087 , アイテム:플러그인／발로르의마안
8088 , アイテム:플러그인／아바타라
8089 , アイテム:플러그인／쟌느깃발
8090 , アイテム:플러그인／파소도블레
8091 , アイテム:플러그인／불결이넘치는잔
8092 , アイテム:플러그인／번뇌즉보리
8093 , アイテム:플러그인／이계의주민
8094 , アイテム:플러그인／MyWorld
8100 , アイテム:플러그인／마돈나리리
8101 , アイテム:플러그인／야타의거울
8102 , アイテム:플러그인／죽음의대지
8104 , アイテム:플러그인／유익일륜의문장
8105 , アイテム:플러그인／헤라클레스의곤봉
8106 , アイテム:플러그인／오디세우스의계략
8107 , アイテム:플러그인／오르페우스의하프
8108 , アイテム:플러그인／오라이온의활
8109 , アイテム:플러그인／아킬레우스의갑옷
8110 , アイテム:플러그인／테세우스의배
8190 , アイテム:플러그인／밀크터렛
8200 , アイテム:플러그인／곡옥마로가레
8201 , アイテム:플러그인／곡옥마다트미
8202 , アイテム:플러그인／곡옥안고
8203 , アイテム:플러그인／곡옥이요만테
8204 , アイテム:플러그인／곡옥시라누이
8205 , アイテム:플러그인／곡옥히후미
8206 , アイテム:플러그인／곡옥카무도
8207 , アイテム:플러그인／곡옥나루카미
8208 , アイテム:플러그인／곡옥아나테마
8209 , アイテム:플러그인／곡옥미아즈마
8210 , アイテム:플러그인／곡옥니르바나
8211 , アイテム:플러그인／곡옥무라쿠모
8212 , アイテム:플러그인／곡옥게쉬
8213 , アイテム:플러그인／곡옥제드
8214 , アイテム:플러그인／곡옥무스펠
8215 , アイテム:플러그인／곡옥게헨나
8216 , アイテム:플러그인／곡옥카무로기
8217 , アイテム:플러그인／곡옥사탄
8218 , アイテム:플러그인／곡옥아다마
8219 , アイテム:플러그인／곡옥뷔마나
8220 , アイテム:플러그인／곡옥군다리
8221 , アイテム:플러그인／곡옥소피아
8222 , アイテム:플러그인／곡옥가이아
8223 , アイテム:플러그인／곡옥카일러스
8224 , アイテム:플러그인／곡옥마사카두스
8399 , アイテム:플러그인／이세상의것이아닌환마
8400 , アイテム:플러그인／클래스카드「검사」
8401 , アイテム:플러그인／클래스카드「창병」
8402 , アイテム:플러그인／클래스카드「마술사」
8403 , アイテム:플러그인／클래스카드「기병」
8404 , アイテム:플러그인／클래스카드「암살자」
8405 , アイテム:플러그인／클래스카드「광전사」
8406 , アイテム:플러그인／클래스카드「궁병」
8479 , アイテム:플러그인／승인욕구
8480 , アイテム:플러그인／MeltyBlood
8481 , アイテム:플러그인／과자의소울젬
8482 , アイテム:플러그인／다크오브
8483 , アイテム:플러그인／배덕의그리프시드
8484 , アイテム:플러그인／자포자기의그리프시드
8485 , アイテム:플러그인／초대의그리프시드
8486 , アイテム:플러그인／불신의그리프시드
8487 , アイテム:플러그인／무력의그리프시드
8488 , アイテム:플러그인／자비의그리프시드
8489 , アイテム:플러그인／집착의그리프시드
8490 , アイテム:플러그인／연모의그리프시드
8491 , アイテム:플러그인／원환의소울젬
8492 , アイテム:플러그인／백금강석의소울젬
8493 , アイテム:플러그인／운명의소울젬
8494 , アイテム:플러그인／고양이의소울젬
8495 , アイテム:플러그인／유령의소울젬
8496 , アイテム:플러그인／박자의소울젬
8497 , アイテム:플러그인／꽃의소울젬
8498 , アイテム:플러그인／보라색다이아소울젬
8499 , アイテム:플러그인／기우의소울젬
10001 , アイテム:스킬카드【산바람】
10002 , アイテム:스킬카드【히트웨이브】
10003 , アイテム:스킬카드【회전베기】
10004 , アイテム:스킬카드【양팔찍기】
10005 , アイテム:스킬카드【대나무베기】
10006 , アイテム:스킬카드【허공참파】
10007 , アイテム:스킬카드【산산조각베기】
10008 , アイテム:스킬카드【베놈재퍼】
10009 , アイテム:스킬카드【번개찌르기】
10010 , アイテム:스킬카드【데스바운드】
10011 , アイテム:스킬카드【이검난무】
10012 , アイテム:스킬카드【이단찌르기】
10013 , アイテム:스킬카드【트윈슬래시】
10014 , アイテム:스킬카드【일문자베기】
10015 , アイテム:스킬카드【강절단】
10016 , アイテム:스킬카드【천군의검】
10017 , アイテム:스킬카드【롱기누스카피】
10018 , アイテム:스킬카드【요시츠네등장】
10019 , アイテム:스킬카드【프라라야】
10020 , アイテム:스킬카드【사랑의채찍】
10021 , アイテム:스킬카드【구십구나선격】
10022 , アイテム:스킬카드【부월쇄파】
10023 , アイテム:스킬카드【용아선회】
10024 , アイテム:스킬카드【작열거가】
10025 , アイテム:스킬카드【안개베기】
10026 , アイテム:스킬카드【낭아천주참】
10027 , アイテム:스킬카드【낙양삼단격】
10028 , アイテム:스킬카드【극락왕생파】
10029 , アイテム:스킬카드【천경지폭단】
10030 , アイテム:스킬카드【검격가드킬】
10031 , アイテム:스킬카드【검격가드브레이크】
10033 , アイテム:스킬카드【검격브레이크】
10034 , アイテム:스킬카드【검격리플렉트】
10035 , アイテム:스킬카드【검격드레인】
10036 , アイテム:스킬카드【검격어택커】
10037 , アイテム:스킬카드【암야검】
10038 , アイテム:스킬카드【무사차】
10039 , アイテム:스킬카드【러브・하트】
10040 , アイテム:스킬카드【어둠속의기습】
10043 , アイテム:스킬카드【포이즌블레이드】
10044 , アイテム:스킬카드【퀵스피어】
10045 , アイテム:스킬카드【퀵버스터】
10046 , アイテム:스킬카드【충의의참격】
10047 , アイテム:스킬카드【브레이브재퍼】
10048 , アイテム:스킬카드【자벨린레인】
10049 , アイテム:스킬카드【밤벚꽃의춤】
10050 , アイテム:스킬카드【신창궁니르】
10051 , アイテム:스킬카드【레바테인】
10052 , アイテム:스킬카드【다다미반환】
10053 , アイテム:스킬카드【갑옷관통】
10054 , アイテム:스킬카드【파사의광인】
10055 , アイテム:스킬카드【게이・볼그】
10056 , アイテム:스킬카드【블레이드댄스】
10057 , アイテム:스킬카드【아메노무라쿠모】
10058 , アイテム:스킬카드【길로틴페이크】
10059 , アイテム:스킬카드【아공양단】
10060 , アイテム:스킬카드【길로틴블레이드】
10061 , アイテム:스킬카드【팔척뛰기】
10063 , アイテム:스킬카드【아라이소】
10064 , アイテム:스킬카드【화차베기】
10065 , アイテム:스킬카드【마구패기】
10066 , アイテム:스킬카드【난심의일도】
10067 , アイテム:스킬카드【즌바라린】
10068 , アイテム:스킬카드【뇌쇄슬래시】
10070 , アイテム:스킬카드【오의일섬】
10071 , アイテム:스킬카드【천군의신창】
10072 , アイテム:스킬카드【마스커레이드】
10074 , アイテム:스킬카드【공간살법】
10077 , アイテム:스킬카드【나선의칼날】
10078 , アイテム:스킬카드【크레이브・솔리시】
10101 , アイテム:스킬카드【백발침】
10102 , アイテム:스킬카드【독침】
10103 , アイテム:스킬카드【마비침】
10104 , アイテム:스킬카드【석화침】
10105 , アイテム:스킬카드【몽견침】
10106 , アイテム:스킬카드【천우의춤】
10107 , アイテム:스킬카드【고천열풍탄】
10108 , アイテム:스킬카드【찰나장대비쏘기】
10109 , アイテム:스킬카드【극채의질풍】
10110 , アイテム:스킬카드【퀵드로】
10111 , アイテム:스킬카드【싱글샷】
10112 , アイテム:스킬카드【연속사격】
10113 , アイテム:스킬카드【산탄사격】
10114 , アイテム:스킬카드【엔젤애로】
10115 , アイテム:스킬카드【모코이부메랑】
10116 , アイテム:스킬카드【확산섬영살】
10118 , アイテム:스킬카드【부기우기】
10119 , アイテム:스킬카드【플레어샷】
10120 , アイテム:스킬카드【저스티스샷】
10121 , アイテム:스킬카드【와이즈맨스냅】
10123 , アイテム:스킬카드【도화일섬】
10124 , アイテム:스킬카드【미들샷】
10125 , アイテム:스킬카드【멸살수전】
10126 , アイテム:스킬카드【암파쌍비조】
10127 , アイテム:스킬카드【오절절우】
10128 , アイテム:스킬카드【비구가드킬】
10129 , アイテム:스킬카드【비구가드브레이크】
10131 , アイテム:스킬카드【비구브레이크】
10132 , アイテム:스킬카드【비구리플렉트】
10133 , アイテム:스킬카드【비구드레인】
10135 , アイテム:스킬카드【비구어택커】
10136 , アイテム:스킬카드【그랜드턱】
10137 , アイテム:스킬카드【Make・My・Day】
10139 , アイテム:스킬카드【선회속탄】
10140 , アイテム:스킬카드【저격】
10141 , アイテム:스킬카드【충의의총격】
10142 , アイテム:스킬카드【Yippee・ki・yay】
10143 , アイテム:스킬카드【안타까움난사】
10144 , アイテム:스킬카드【타슬람샷】
10145 , アイテム:스킬카드【원샷킬】
10146 , アイテム:스킬카드【삼단쏘기】
10147 , アイテム:스킬카드【천궁열파】
10148 , アイテム:스킬카드【데스샤워】
10149 , アイテム:스킬카드【세이크리드애로】
10150 , アイテム:스킬카드【백사의마비송곳니】
10151 , アイテム:스킬카드【지고의마탄】
10152 , アイテム:스킬카드【트리플다운】
10153 , アイテム:스킬카드【드라이브샷】
10154 , アイテム:스킬카드【해피트리거】
10155 , アイテム:스킬카드【슈퍼노바】
10156 , アイテム:스킬카드【이형포자비탄】
10157 , アイテム:스킬카드【바이스샷】
10158 , アイテム:스킬카드【바스타드스냅】
10159 , アイテム:스킬카드【건폰】
10160 , アイテム:스킬카드【스매시】
10163 , アイテム:스킬카드【뱀프파이어】
10164 , アイテム:스킬카드【난격난사】
10165 , アイテム:스킬카드【더블샷】
10166 , アイテム:스킬카드【혼란침】
10167 , アイテム:스킬카드【강철침】
10168 , アイテム:스킬카드【팔백만침】
10169 , アイテム:스킬카드【백마비침】
10170 , アイテム:스킬카드【역귀문영수삼연격】
10201 , アイテム:스킬카드【돌격】
10202 , アイテム:스킬카드【숏잽】
10203 , アイテム:스킬카드【마구날뛰기】
10204 , アイテム:스킬카드【돌려차기】
10205 , アイテム:스킬카드【메가톤프레스】
10206 , アイテム:스킬카드【섬머솔트】
10207 , アイテム:스킬카드【뇌진왕모의발차기】
10208 , アイテム:스킬카드【방어부수기】
10209 , アイテム:스킬카드【오의방어부수기】
10210 , アイテム:스킬카드【소닉펀치】
10211 , アイテム:스킬카드【기간피스트】
10212 , アイテム:스킬카드【메테오피스트】
10213 , アイテム:스킬카드【브레인쉐이크】
10214 , アイテム:스킬카드【약자필멸권】
10215 , アイテム:스킬카드【아카샤아츠】
10216 , アイテム:스킬카드【달밤의떡찧기】
10217 , アイテム:스킬카드【지모의만찬】
10218 , アイテム:스킬카드【모탈지하드】
10219 , アイテム:스킬카드【육체의악마】
10220 , アイテム:스킬카드【싸움의마왕】
10221 , アイテム:스킬카드【강철의벽】
10222 , アイテム:스킬카드【배틀러쉬】
10223 , アイテム:스킬카드【뇌정축】
10224 , アイテム:스킬카드【분노의철권】
10225 , アイテム:스킬카드【신등거출팔백만격】
10226 , アイテム:스킬카드【예광구리가라축】
10227 , アイテム:스킬카드【타격가드킬】
10228 , アイテム:스킬카드【타격가드브레이크】
10229 , アイテム:스킬카드【백열찌르기】
10230 , アイテム:스킬카드【천열찌르기】
10231 , アイテム:스킬카드【타격브레이크】
10232 , アイテム:스킬카드【타격리플렉트】
10233 , アイテム:스킬카드【타격드레인】
10234 , アイテム:스킬카드【타격어택커】
10235 , アイテム:스킬카드【몸통박치기】
10236 , アイテム:스킬카드【눌러으깨기】
10237 , アイテム:스킬카드【베어넘기기】
10238 , アイテム:스킬카드【절묘타】
10239 , アイテム:스킬카드【팔상발파】
10240 , アイテム:스킬카드【비공찌르기】
10241 , アイテム:스킬카드【헬스트라이크】
10242 , アイテム:스킬카드【빈사의일격】
10243 , アイテム:스킬카드【최후의일격】
10244 , アイテム:스킬카드【충의의권】
10245 , アイテム:스킬카드【아수라연격】
10246 , アイテム:스킬카드【발칸킥】
10247 , アイテム:스킬카드【관통의일격】
10248 , アイテム:스킬카드【육탄】
10249 , アイテム:스킬카드【코즈이펙트】
10250 , アイテム:스킬카드【지옥찌르기】
10251 , アイテム:스킬카드【나한장】
10252 , アイテム:스킬카드【열진각】
10253 , アイテム:스킬카드【코크스크류】
10254 , アイテム:스킬카드【자연난타】
10255 , アイテム:스킬카드【성불권】
10256 , アイテム:스킬카드【아그네야스트라】
10257 , アイテム:스킬카드【썬더피스트】
10258 , アイテム:스킬카드【네거티브파일】
10259 , アイテム:스킬카드【철사권】
10261 , アイテム:스킬카드【낙인의일격】
10262 , アイテム:스킬카드【럭키펀치】
10263 , アイテム:스킬카드【마구날뛰기】
10264 , アイテム:스킬카드【트위스터킥】
10265 , アイテム:스킬카드【맹돌진】
10270 , アイテム:스킬카드【철권제재】
10280 , アイテム:스킬카드【멋진스틱】
10301 , アイテム:스킬카드【할퀴기】
10302 , アイテム:스킬카드【독할퀴기】
10303 , アイテム:스킬카드【마비할퀴기】
10304 , アイテム:스킬카드【메가클로】
10305 , アイテム:스킬카드【아이언클로】
10306 , アイテム:스킬카드【악셀클로】
10307 , アイテム:스킬카드【마인드슬라이스】
10308 , アイテム:스킬카드【우두마두만력】
10309 , アイテム:스킬카드【데스클로】
10310 , アイテム:스킬카드【허공조격】
10311 , アイテム:스킬카드【날개짓】
10312 , アイテム:스킬카드【광란의강조】
10313 , アイテム:스킬카드【만력의벽】
10314 , アイテム:스킬카드【데몬레이브】
10315 , アイテム:스킬카드【배드비트】
10316 , アイテム:스킬카드【흑점격】
10321 , アイテム:스킬카드【물어뜯기】
10322 , アイテム:스킬카드【독물어뜯기】
10323 , アイテム:스킬카드【마비물어뜯기】
10324 , アイテム:스킬카드【매혹물어뜯기】
10325 , アイテム:스킬카드【석화물어뜯기】
10326 , アイテム:스킬카드【베어먹기】
10327 , アイテム:스킬카드【전광석화】
10328 , アイテム:스킬카드【어설트다이브】
10329 , アイテム:스킬카드【쪼기】
10330 , アイテム:스킬카드【휘감기】
10331 , アイテム:스킬카드【꼬치꿰기】
10333 , アイテム:스킬카드【킹스톰】
10334 , アイテム:스킬카드【광란의촉수】
10335 , アイテム:스킬카드【테일】
10336 , アイテム:스킬카드【전력공격】
10337 , アイテム:스킬카드【스파이크클로】
10338 , アイテム:스킬카드【전술가드킬】
10339 , アイテム:스킬카드【전술가드브레이크】
10340 , アイテム:스킬카드【전술브레이크】
10341 , アイテム:스킬카드【전술리플렉트】
10342 , アイテム:스킬카드【전술드레인】
10343 , アイテム:스킬카드【전술어택커】
10344 , アイテム:스킬카드【마음의외침】
10345 , アイテム:스킬카드【앵화섬란】
10346 , アイテム:스킬카드【묵시록】
10347 , アイテム:스킬카드【명계의문】
10348 , アイテム:스킬카드【혈제】
10349 , アイテム:스킬카드【살신】
10350 , アイテム:스킬카드【물어-뜯기】
10351 , アイテム:스킬카드【더블바이스】
10352 , アイテム:스킬카드【트리플바이스】
10353 , アイテム:스킬카드【충의의업】
10354 , アイテム:스킬카드【니들테일】
10355 , アイテム:스킬카드【머리깨기】
10356 , アイテム:스킬카드【응룡격파】
10357 , アイテム:스킬카드【이노센트턱】
10358 , アイテム:스킬카드【회심파】
10359 , アイテム:스킬카드【비틀어꺾기】
10360 , アイテム:스킬카드【용해액】
10401 , アイテム:스킬카드【디아】
10402 , アイテム:스킬카드【디아라마】
10403 , アイテム:스킬카드【디아라한】
10404 , アイテム:스킬카드【메・디아】
10405 , アイテム:스킬카드【메・디아라마】
10406 , アイテム:스킬카드【메・디아라한】
10408 , アイテム:스킬카드【파트라】
10409 , アイテム:스킬카드【펨파트라】
10410 , アイテム:스킬카드【포즈무디】
10411 , アイテム:스킬카드【패럴라디】
10412 , アイテム:스킬카드【챰디】
10413 , アイテム:스킬카드【페트라디】
10414 , アイテム:스킬카드【클로즈디】
10415 , アイテム:스킬카드【결계부・치유】
10416 , アイテム:스킬카드【암리타】
10417 , アイテム:스킬카드【리캄】
10418 , アイテム:스킬카드【사마리캄】
10419 , アイテム:스킬카드【리캄드라】
10420 , アイテム:스킬카드【자애의기도】
10421 , アイテム:스킬카드【스티티】
10422 , アイテム:스킬카드【천사의혈배】
10423 , アイテム:스킬카드【스리스티】
10424 , アイテム:스킬카드【영세의기도】
10425 , アイテム:스킬카드【신은의나팔】
10426 , アイテム:스킬카드【파트라디】
10427 , アイテム:스킬카드【관세음의제도】
10428 , アイテム:스킬카드【소마신권현】
10429 , アイテム:스킬카드【백은의팔】
10430 , アイテム:스킬카드【Never More】
10431 , アイテム:스킬카드【바이스디】
10432 , アイテム:스킬카드【마하바이스디】
10433 , アイテム:스킬카드【커스디】
10434 , アイテム:스킬카드【오라토리오】
10435 , アイテム:스킬카드【딜레이・디아】
10450 , アイテム:스킬카드【코이카제】
10460 , アイテム:스킬카드【청춘의바람】
10501 , アイテム:스킬카드【타루・카쟈】
10502 , アイテム:스킬카드【스쿠・카쟈】
10503 , アイテム:스킬카드【마카・카쟈】
10504 , アイテム:스킬카드【라쿠・카쟈】
10505 , アイテム:스킬카드【데・쿤다】
10506 , アイテム:스킬카드【타룬・다】
10507 , アイテム:스킬카드【라쿤・다】
10508 , アイテム:스킬카드【스쿤・다】
10509 , アイテム:스킬카드【데・카쟈】
10510 , アイテム:스킬카드【토라에스트】
10511 , アイテム:스킬카드【기합】
10512 , アイテム:스킬카드【컨센트레이트】
10513 , アイテム:스킬카드【트라프리】
10514 , アイテム:스킬카드【포효】
10515 , アイテム:스킬카드【도발】
10516 , アイテム:스킬카드【리벨리온】
10517 , アイテム:스킬카드【레볼루션】
10518 , アイテム:스킬카드【무거운한숨】
10519 , アイテム:스킬카드【무거운공기】
10520 , アイテム:스킬카드【포그브레스】
10521 , アイテム:스킬카드【리베라마】
10522 , アイテム:스킬카드【에스트마】
10523 , アイテム:스킬카드【랜더마이저】
10524 , アイテム:스킬카드【파워브레스】
10525 , アイテム:스킬카드【히트라이저】
10526 , アイテム:스킬카드【포말의파문】
10527 , アイテム:스킬카드【흉조가디언】
10528 , アイテム:스킬카드【라이트마】
10529 , アイテム:스킬카드【사바트마】
10530 , アイテム:스킬카드【꿰뚫는투기】
10531 , アイテム:스킬카드【하이・애널라이즈】
10532 , アイテム:스킬카드【신탁】
10533 , アイテム:스킬카드【리프트마】
10534 , アイテム:스킬카드【회심의패기】
10537 , アイテム:스킬카드【용분의춤】
10538 , アイテム:스킬카드【용해브레스】
10539 , アイテム:스킬카드【다크브레스】
10540 , アイテム:스킬카드【초래의무도】
10541 , アイテム:스킬카드【사만・다】
10542 , アイテム:스킬카드【악마의위협】
10544 , アイテム:스킬카드【이니셜라이즈】
10545 , アイテム:스킬카드【침묵의기도】
10547 , アイテム:스킬카드【Go-Round】
10548 , アイテム:스킬카드【Breakin’Through】
10549 , アイテム:스킬카드【MAZE OF LIFE】
10550 , アイテム:스킬카드【Time to Make History】
10551 , アイテム:스킬카드【Laser Beam】
10552 , アイテム:스킬카드【Reset】
10553 , アイテム:스킬카드【Soul Survive】
10556 , アイテム:스킬카드【마칸・다】
10557 , アイテム:스킬카드【악마의이갈이】
10558 , アイテム:스킬카드【사마・카쟈】
10559 , アイテム:스킬카드【천상의춤】
10560 , アイテム:스킬카드【위협】
10561 , アイテム:스킬카드【끝없는도발】
10562 , アイテム:스킬카드【오바리욘포효】
10563 , アイテム:스킬카드【발진오보로구루마】
10564 , アイテム:스킬카드【소녀의기도】
10565 , アイテム:스킬카드【테트라코와스】
10566 , アイテム:스킬카드【테트라브레이크】
10567 , アイテム:스킬카드【마카라코와스】
10568 , アイテム:스킬카드【마카라브레이크】
10569 , アイテム:스킬카드【실드코와스】
10570 , アイテム:스킬카드【미주가효】
10571 , アイテム:스킬카드【훈풍의춤】
10572 , アイテム:스킬카드【배리어코와스】
10573 , アイテム:스킬카드【배리어브레이크】
10574 , アイテム:스킬카드【실드브레이크】
10575 , アイテム:스킬카드【아로마를피운다】
10576 , アイテム:스킬카드【브레이브스텝】
10577 , アイテム:스킬카드【천손강림】
10578 , アイテム:스킬카드【스마일차지】
10580 , アイテム:스킬카드【드래곤허슬】
10581 , アイテム:스킬카드【끝없는위협】
10582 , アイテム:스킬카드【힘의도눔】
10583 , アイテム:스킬카드【마의도눔】
10584 , アイテム:스킬카드【샤이탄소환】
10585 , アイテム:스킬카드【스모크노이즈】
10587 , アイテム:스킬카드【도핑】
10588 , アイテム:스킬카드【워크라이】
10589 , アイテム:스킬카드【앉은비차동굴곰】
10590 , アイテム:스킬카드【외법의유혹】
10591 , アイテム:스킬카드【코이카제(GBF)】
10592 , アイテム:스킬카드【파사의영도향】
10593 , アイテム:스킬카드【맵퍼】
10601 , アイテム:스킬카드【테트라쟈】
10602 , アイテム:스킬카드【테트라칸】
10603 , アイテム:스킬카드【마카라칸】
10606 , アイテム:스킬카드【사이코배리어】
10607 , アイテム:스킬카드【마하애널라이즈】
10608 , アイテム:스킬카드【결계부・물리】
10609 , アイテム:스킬카드【결계부・마법】
10610 , アイテム:스킬카드【수호의방패】
10611 , アイテム:스킬카드【존승다라니】
10612 , アイテム:스킬카드【수정의벽】
10613 , アイテム:스킬카드【펜타월】
10614 , アイテム:스킬카드【성스러운가호】
10616 , アイテム:스킬카드【정의의방패】
10617 , アイテム:스킬카드【심도미스테리】
10619 , アイテム:스킬카드【포효】
10620 , アイテム:스킬카드【짐승의포효】
10621 , アイテム:스킬카드【용의포효】
10701 , アイテム:스킬카드【아기】
10702 , アイテム:스킬카드【아기라오】
10703 , アイテム:스킬카드【아기다인】
10704 , アイテム:스킬카드【마하・라기】
10705 , アイテム:스킬카드【마하・라기온】
10706 , アイテム:스킬카드【마하・라기다인】
10707 , アイテム:스킬카드【불의벽】
10708 , アイテム:스킬카드【파이어브레스】
10709 , アイテム:스킬카드【지옥의업화】
10710 , アイテム:스킬카드【파이어스톰】
10711 , アイテム:스킬카드【데들리번】
10712 , アイテム:스킬카드【다이나믹・아기라오】
10713 , アイテム:스킬카드【암흑광염난무】
10715 , アイテム:스킬카드【오시치대화재】
10716 , アイテム:스킬카드【사신소환・주작】
10717 , アイテム:스킬카드【불꽃의난무】
10718 , アイテム:스킬카드【트리스아기온】
10719 , アイテム:스킬카드【화쇄열풍파】
10720 , アイテム:스킬카드【쿠리카라의흑룡】
10721 , アイテム:스킬카드【로마・카롤】
10722 , アイテム:스킬카드【천장뇌담진】
10723 , アイテム:스킬카드【인페르노】
10724 , アイテム:스킬카드【대염상】
10725 , アイテム:스킬카드【파이어볼】
10726 , アイテム:스킬카드【버닝링】
10727 , アイテム:스킬카드【사자염진】
10728 , アイテム:스킬카드【루이나플레임】
10729 , アイテム:스킬카드【소작권】
10730 , アイテム:스킬카드【지양의붉음】
10731 , アイテム:스킬카드【종언의푸름】
10732 , アイテム:스킬카드【화염가드킬】
10733 , アイテム:스킬카드【화염가드브레이크】
10735 , アイテム:스킬카드【연성의불꽃】
10736 , アイテム:스킬카드【화염브레이크】
10737 , アイテム:스킬카드【화염리플렉트】
10738 , アイテム:스킬카드【화염드레인】
10739 , アイテム:스킬카드【화염어택커】
10741 , アイテム:스킬카드【마그마・액시스】
10742 , アイテム:스킬카드【염의대혀】
10743 , アイテム:스킬카드【염군의춤】
10744 , アイテム:스킬카드【열풍】
10745 , アイテム:스킬카드【마이트버닝】
10746 , アイテム:스킬카드【폭렬의손톱】
10747 , アイテム:스킬카드【충의의화염】
10748 , アイテム:스킬카드【라그나로크】
10749 , アイテム:스킬카드【프로미넌스】
10750 , アイテム:스킬카드【초열의광연】
10751 , アイテム:스킬카드【아기랏슈】
10752 , アイテム:스킬카드【퇴마부・카구츠치】
10753 , アイテム:스킬카드【지옥의인두】
10754 , アイテム:스킬카드【겁화소환】
10755 , アイテム:스킬카드【마라라기다인】
10756 , アイテム:스킬카드【요정후레옴】
10757 , アイテム:스킬카드【마하랜턴다인】
10758 , アイテム:스킬카드【아기・오스・니콜라우스】
10759 , アイテム:스킬카드【익스플로드】
10760 , アイテム:스킬카드【빛나는불꽃】
10761 , アイテム:스킬카드【울부짖어라、나의분노여】
10762 , アイテム:스킬카드【여덟머리의염구】
10763 , アイテム:스킬카드【헬파이어】
10764 , アイテム:스킬카드【아기바리온】
10765 , アイテム:스킬카드【마하・아기바리온】
10766 , アイテム:스킬카드【아몬강림】
10801 , アイテム:스킬카드【부흐】
10802 , アイテム:스킬카드【부흐라】
10803 , アイテム:스킬카드【부흐다인】
10804 , アイテム:스킬카드【마하・부흐】
10805 , アイテム:스킬카드【마하・부흐라】
10806 , アイテム:스킬카드【마하・부흐다인】
10807 , アイテム:스킬카드【얼음의벽】
10808 , アイテム:스킬카드【아이온의비】
10809 , アイテム:스킬카드【아이스브레스】
10810 , アイテム:스킬카드【절대영도】
10811 , アイテム:스킬카드【릴리즈제일】
10812 , アイテム:스킬카드【아토믹・부흐라】
10813 , アイテム:스킬카드【쥬봇코은빙】
10814 , アイテム:스킬카드【니플헤임】
10815 , アイテム:스킬카드【얼음의난무】
10817 , アイテム:스킬카드【대냉계】
10818 , アイテム:스킬카드【아이스・크래시】
10819 , アイテム:스킬카드【코큐토스】
10820 , アイテム:스킬카드【아이시클】
10821 , アイテム:스킬카드【로마・그랜드】
10823 , アイテム:스킬카드【극한동결】
10824 , アイテム:스킬카드【충의의빙결】
10825 , アイテム:스킬카드【아이스에이지】
10831 , アイテム:스킬카드【빙결가드킬】
10832 , アイテム:스킬카드【빙결가드브레이크】
10833 , アイテム:스킬카드【빙결브레이크】
10834 , アイテム:스킬카드【빙결리플렉트】
10835 , アイテム:스킬카드【빙결드레인】
10836 , アイテム:스킬카드【빙결어택커】
10838 , アイテム:스킬카드【한숨】
10839 , アイテム:스킬카드【부흐바리온】
10840 , アイテム:스킬카드【마하・부흐바리온】
10901 , アイテム:스킬카드【지오】
10902 , アイテム:스킬카드【지온가】
10903 , アイテム:스킬카드【지오다인】
10904 , アイテム:스킬카드【마하・지오】
10905 , アイテム:스킬카드【마하・지온가】
10906 , アイテム:스킬카드【마하・지오다인】
10907 , アイテム:스킬카드【나이스・샷】
10908 , アイテム:스킬카드【팔색뇌공】
10909 , アイテム:스킬카드【하이퍼・지온가】
10910 , アイテム:스킬카드【방전】
10911 , アイテム:스킬카드【파계의번개】
10912 , アイテム:스킬카드【우뢰의세례】
10913 , アイテム:스킬카드【전격】
10914 , アイテム:스킬카드【라이쥬우전격】
10915 , アイテム:스킬카드【미샤쿠지뇌전】
10916 , アイテム:스킬카드【사신소환・청룡】
10917 , アイテム:스킬카드【번개의난무】
10918 , アイテム:스킬카드【나루카미】
10921 , アイテム:스킬카드【로마・풀멘】
10922 , アイテム:스킬카드【번개의벽】
10923 , アイテム:스킬카드【가이스티브블릿츠】
10930 , アイテム:스킬카드【산뢰격】
10931 , アイテム:스킬카드【집뢰격】
10932 , アイテム:스킬카드【전격가드킬】
10933 , アイテム:스킬카드【전격가드브레이크】
10934 , アイテム:스킬카드【전격브레이크】
10935 , アイテム:스킬카드【전격리플렉트】
10936 , アイテム:스킬카드【전격드레인】
10937 , アイテム:스킬카드【전격어택커】
10938 , アイテム:스킬카드【진리의번개】
10939 , アイテム:스킬카드【스탠샷】
10940 , アイテム:스킬카드【썬더볼트】
10941 , アイテム:스킬카드【토르해머】
10942 , アイテム:스킬카드【심판의천둥】
10943 , アイテム:스킬카드【충의의전격】
10944 , アイテム:스킬카드【엘・지하드】
10945 , アイテム:스킬카드【스파크볼트】
10946 , アイテム:스킬카드【블리츠레인】
10948 , アイテム:스킬카드【매혹의뇌격】
10949 , アイテム:스킬카드【대방전】
10950 , アイテム:스킬카드【헬라이트닝】
10951 , アイテム:스킬카드【지오바리온】
10952 , アイテム:스킬카드【마하・지오바리온】
11001 , アイテム:스킬카드【잔】
11002 , アイテム:스킬카드【잔마】
11003 , アイテム:스킬카드【잔다인】
11004 , アイテム:스킬카드【마하・잔】
11005 , アイテム:스킬카드【마하・잔마】
11006 , アイテム:스킬카드【마하・잔다인】
11007 , アイテム:스킬카드【림도라】
11008 , アイテム:스킬카드【회오리】
11009 , アイテム:스킬카드【이계의바람】
11010 , アイテム:스킬카드【악마의일갈】
11011 , アイテム:스킬카드【동충파】
11012 , アイテム:스킬카드【서격파】
11013 , アイテム:스킬카드【충격의벽】
11014 , アイテム:스킬카드【태풍의난무】
11016 , アイテム:스킬카드【살풍격】
11017 , アイテム:스킬카드【소닉무버】
11018 , アイテム:스킬카드【용권지옥】
11019 , アイテム:스킬카드【열풍격】
11020 , アイテム:스킬카드【데스허리케인】
11021 , アイテム:스킬카드【풍신격】
11022 , アイテム:스킬카드【포논브레스】
11031 , アイテム:스킬카드【충격가드킬】
11032 , アイテム:스킬카드【충격가드브레이크】
11033 , アイテム:스킬카드【충격브레이크】
11034 , アイテム:스킬카드【충격리플렉트】
11035 , アイテム:스킬카드【충격드레인】
11036 , アイテム:스킬카드【충격어택커】
11038 , アイテム:스킬카드【소닉붐】
11039 , アイテム:스킬카드【소닉윙】
11040 , アイテム:스킬카드【충의의충격】
11041 , アイテム:스킬카드【군다리항마포】
11042 , アイテム:스킬카드【잔・쯔바이파】
11043 , アイテム:스킬카드【림도라온】
11044 , アイテム:스킬카드【잔바리온】
11045 , アイテム:스킬카드【마하・잔바리온】
11101 , アイテム:스킬카드【시바브】
11102 , アイテム:스킬카드【바인드보이스】
11103 , アイテム:스킬카드【수해의실】
11104 , アイテム:스킬카드【너버스엣지】
11111 , アイテム:스킬카드【포이즈마】
11112 , アイテム:스킬카드【독가스브레스】
11113 , アイテム:스킬카드【혼탁의장기】
11121 , アイテム:스킬카드【파라라아이】
11122 , アイテム:스킬카드【파라라・웨이브】
11124 , アイテム:스킬카드【아라크노와이어】
11125 , アイテム:스킬카드【뉴로크런치】
11126 , アイテム:스킬카드【마이트】
11127 , アイテム:스킬카드【마이트마】
11128 , アイテム:스킬카드【마이트브레스】
11129 , アイテム:스킬카드【바이쳐・더스트】
11130 , アイテム:스킬카드【셔플러】
11131 , アイテム:스킬카드【마카쟈마】
11132 , アイテム:스킬카드【마계의조사】
11133 , アイテム:스킬카드【신경가드킬】
11134 , アイテム:스킬카드【신경가드브레이크】
11135 , アイテム:스킬카드【신경브레이크】
11136 , アイテム:스킬카드【신경리플렉트】
11137 , アイテム:스킬카드【신경드레인】
11138 , アイテム:스킬카드【신경어택커】
11139 , アイテム:스킬카드【사신의점호】
11141 , アイテム:스킬카드【파라다인】
11142 , アイテム:스킬카드【마이트다인】
11143 , アイテム:스킬카드【포이즈다인】
11144 , アイテム:스킬카드【바이스・고스펠】
11145 , アイテム:스킬카드【마카쟈마온】
11146 , アイテム:스킬카드【디스펠탱고】
11152 , アイテム:스킬카드【악마의윙크】
11153 , アイテム:스킬카드【Burn my Dread】
11154 , アイテム:스킬카드【이블・트랜스】
11155 , アイテム:스킬카드【장기의난무】
11201 , アイテム:스킬카드【해피루마】
11202 , アイテム:스킬카드【해피스텝】
11203 , アイテム:스킬카드【고양의노래】
11204 , アイテム:스킬카드【바리언트댄스】
11205 , アイテム:스킬카드【델타・푸푸라】
11206 , アイテム:스킬카드【스카프런지】
11207 , アイテム:스킬카드【메가스트라이크】
11208 , アイテム:스킬카드【던지는키스】
11209 , アイテム:스킬카드【마성의난무】
11211 , アイテム:스킬카드【마린카린】
11212 , アイテム:스킬카드【섹시댄스】
11213 , アイテム:스킬카드【캔디보이스】
11214 , アイテム:스킬카드【파이널누드】
11215 , アイテム:스킬카드【절세의육체】
11221 , アイテム:스킬카드【프린파】
11222 , アイテム:스킬카드【도루미나】
11223 , アイテム:스킬카드【자장가】
11224 , アイテム:스킬카드【패닉보이스】
11225 , アイテム:스킬카드【영면의유혹】
11226 , アイテム:스킬카드【텐타라후】
11227 , アイテム:스킬카드【유혹의안개】
11228 , アイテム:스킬카드【최면파】
11229 , アイテム:스킬카드【여신의리비도】
11230 , アイテム:스킬카드【브레인버스트】
11231 , アイテム:스킬카드【정신가드킬】
11232 , アイテム:스킬카드【정신가드브레이크】
11233 , アイテム:스킬카드【정신브레이크】
11234 , アイテム:스킬카드【정신리플렉트】
11235 , アイテム:스킬카드【정신드레인】
11236 , アイテム:스킬카드【정신어택커】
11237 , アイテム:스킬카드【프린파다인】
11238 , アイテム:스킬카드【트라이앵글・나이트메어】
11239 , アイテム:스킬카드【천사의스마일】
11250 , アイテム:스킬카드【음마의난무】
11260 , アイテム:스킬카드【고동의마법】
11261 , アイテム:스킬카드【Nocturne】
11262 , アイテム:스킬카드【퍼니시먼트】
11263 , アイテム:스킬카드【염파의난무】
11301 , アイテム:스킬카드【한마】
11302 , アイテム:스킬카드【마한마】
11303 , アイテム:스킬카드【파마의뇌광】
11304 , アイテム:스킬카드【빛의심판】
11305 , アイテム:스킬카드【엑소시즘】
11306 , アイテム:스킬카드【헤븐즈도어】
11307 , アイテム:스킬카드【빛의벽】
11308 , アイテム:스킬카드【하마온】
11309 , アイテム:스킬카드【마한마온】
11310 , アイテム:스킬카드【티없는위광】
11311 , アイテム:스킬카드【알파블라스터】
11312 , アイテム:스킬카드【세라픽로어】
11313 , アイテム:스킬카드【댐네이션】
11314 , アイテム:스킬카드【코우가온】
11315 , アイテム:스킬카드【코우하】
11316 , アイテム:스킬카드【바이코우하】
11317 , アイテム:스킬카드【마하코우하】
11318 , アイテム:스킬카드【플레어라이트】
11319 , アイテム:스킬카드【천중살】
11321 , アイテム:스킬카드【니르바나】
11323 , アイテム:스킬카드【파사의광탄】
11324 , アイテム:스킬카드【세인트어택】
11325 , アイテム:스킬카드【라이트스피어】
11326 , アイテム:스킬카드【라이트블래스트】
11327 , アイテム:스킬카드【갓핸드】
11328 , アイテム:스킬카드【델타포스】
11329 , アイテム:스킬카드【중재의뇌화】
11330 , アイテム:스킬카드【멸망의빛】
11331 , アイテム:스킬카드【파마가드킬】
11332 , アイテム:스킬카드【파마가드브레이크】
11333 , アイテム:스킬카드【파마브레이크】
11334 , アイテム:스킬카드【파마리플렉트】
11335 , アイテム:스킬카드【파마드레인】
11336 , アイテム:스킬카드【파마어택커】
11337 , アイテム:스킬카드【구자베기】
11338 , アイテム:스킬카드【혼의단죄】
11339 , アイテム:스킬카드【히에로스그류페인】
11340 , アイテム:스킬카드【열광의난무】
11341 , アイテム:스킬카드【제너두】
11342 , アイテム:스킬카드【하마다인】
11343 , アイテム:스킬카드【마하하마다인】
11344 , アイテム:스킬카드【하마바리온】
11345 , アイテム:스킬카드【마한마바리온】
11346 , アイテム:스킬카드【마하코우가온】
11347 , アイテム:스킬카드【코우바리온】
11348 , アイテム:스킬카드【마하코우바리온】
11349 , アイテム:스킬카드【백룡격】
11350 , アイテム:스킬카드【위대한신의열매】
11401 , アイテム:스킬카드【무드】
11402 , アイテム:스킬카드【마하무드】
11403 , アイテム:스킬카드【축시의참배】
11404 , アイテム:스킬카드【페트라아이】
11405 , アイテム:스킬카드【헬즈아이】
11406 , アイテム:스킬카드【어둠의심판】
11407 , アイテム:스킬카드【불멸의흑】
11410 , アイテム:스킬카드【어둠의벽】
11412 , アイテム:스킬카드【무드온】
11413 , アイテム:스킬카드【마하무드온】
11414 , アイテム:스킬카드【천년의저주】
11415 , アイテム:스킬카드【오메가클러스터】
11416 , アイテム:스킬카드【에이하】
11417 , アイテム:스킬카드【바이에이하】
11418 , アイテム:스킬카드【마하에이하】
11419 , アイテム:스킬카드【카오스엘리먼트】
11420 , アイテム:스킬카드【에이가온】
11421 , アイテム:스킬카드【주온】
11422 , アイテム:스킬카드【마하주온】
11423 , アイテム:스킬카드【저주비문】
11424 , アイテム:스킬카드【저주의언령】
11425 , アイテム:스킬카드【나락의파동】
11426 , アイテム:스킬카드【이블아이】
11431 , アイテム:스킬카드【주살가드킬】
11432 , アイテム:스킬카드【주살가드브레이크】
11433 , アイテム:스킬카드【주살브레이크】
11434 , アイテム:스킬카드【주살리플렉트】
11435 , アイテム:스킬카드【주살드레인】
11436 , アイテム:스킬카드【주살어택커】
11438 , アイテム:스킬카드【도무디】
11439 , アイテム:스킬카드【데스브레스】
11440 , アイテム:스킬카드【테트라프리즌】
11441 , アイテム:스킬카드【페트라브레스】
11442 , アイテム:스킬카드【암흑의난무】
11443 , アイテム:스킬카드【무드다인】
11444 , アイテム:스킬카드【마하무드다인】
11445 , アイテム:스킬카드【무드바리온】
11446 , アイテム:스킬카드【마하무드바리온】
11447 , アイテム:스킬카드【마하에이가온】
11448 , アイテム:스킬카드【에이바리온】
11449 , アイテム:스킬카드【마하에이바리온】
11501 , アイテム:스킬카드【마그나】
11502 , アイテム:스킬카드【마그나스】
11503 , アイテム:스킬카드【마그다인】
11504 , アイテム:스킬카드【마하・마그나】
11505 , アイテム:스킬카드【마하・마그나스】
11506 , アイテム:스킬카드【마하・마그다인】
11507 , アイテム:스킬카드【암흑마하・마그나】
11508 , アイテム:스킬카드【대지의벽】
11509 , アイテム:스킬카드【대지의분노】
11510 , アイテム:스킬카드【티타노마키아】
11511 , アイテム:스킬카드【지옥떨구기】
11512 , アイテム:스킬카드【극락떨구기】
11513 , アイテム:스킬카드【사신소환・현무】
11514 , アイテム:스킬카드【어스브레이크】
11515 , アイテム:스킬카드【가이아브레이크】
11516 , アイテム:스킬카드【기간트마키아】
11517 , アイテム:스킬카드【그레이트・마그나스】
11518 , アイテム:스킬카드【드래곤퀘이크】
11520 , アイテム:스킬카드【포미러버】
11521 , アイテム:스킬카드【어둠의포미러버】
11531 , アイテム:스킬카드【지변가드킬】
11532 , アイテム:스킬카드【지변가드브레이크】
11533 , アイテム:스킬카드【지변브레이크】
11534 , アイテム:스킬카드【지변리플렉트】
11535 , アイテム:스킬카드【지변드레인】
11536 , アイテム:스킬카드【지변어택커】
11537 , アイテム:스킬카드【칸타렐라요리】
11538 , アイテム:스킬카드【Damnatio・Memoriae】
11539 , アイテム:스킬카드【대지의난무】
11540 , アイテム:스킬카드【마그바리온】
11541 , アイテム:스킬카드【마하・마그바리온】
11601 , アイテム:스킬카드【아쿠아】
11602 , アイテム:스킬카드【아쿠에스】
11603 , アイテム:스킬카드【아쿠아다인】
11604 , アイテム:스킬카드【마하・아쿠아】
11605 , アイテム:스킬카드【마하・아쿠에스】
11606 , アイテム:스킬카드【마하・아쿠다인】
11607 , アイテム:스킬카드【애시드레인】
11608 , アイテム:스킬카드【피어트렌트】
11609 , アイテム:스킬카드【아쿠아리타이드】
11610 , アイテム:스킬카드【암흑마하・아쿠에스】
11611 , アイテム:스킬카드【스플래시레이】
11612 , アイテム:스킬카드【물살가르기】
11613 , アイテム:스킬카드【베이퍼봄】
11614 , アイテム:스킬카드【블러디레인】
11615 , アイテム:스킬카드【원더풀・아쿠에스】
11616 , アイテム:스킬카드【은의안개】
11620 , アイテム:스킬카드【피의허니문】
11621 , アイテム:스킬카드【강한파도】
11622 , アイテム:스킬카드【부드러운파도】
11623 , アイテム:스킬카드【물의벽】
11624 , アイテム:스킬카드【피의디포즈】
11631 , アイテム:스킬카드【수격가드킬】
11632 , アイテム:스킬카드【수격가드브레이크】
11633 , アイテム:스킬카드【수격브레이크】
11634 , アイテム:스킬카드【수격리플렉트】
11635 , アイテム:스킬카드【수격드레인】
11636 , アイテム:스킬카드【수격어택커】
11637 , アイテム:스킬카드【격류의난무】
11638 , アイテム:스킬카드【아쿠바리온】
11639 , アイテム:스킬카드【마하・아쿠바리온】
11701 , アイテム:스킬카드【갈】
11702 , アイテム:스킬카드【갈라】
11703 , アイテム:스킬카드【갈다인】
11704 , アイテム:스킬카드【마하・갈】
11705 , アイテム:스킬카드【마하・갈라】
11706 , アイテム:스킬카드【마하・갈다인】
11707 , アイテム:스킬카드【대기의벽】
11708 , アイテム:스킬카드【선풍진】
11709 , アイテム:스킬카드【히토코토대풍】
11710 , アイテム:스킬카드【백룡선풍】
11711 , アイテム:스킬카드【하늘의선풍】
11712 , アイテム:스킬카드【땅의열풍】
11713 , アイテム:스킬카드【사신소환・백호】
11714 , アイテム:스킬카드【진공인】
11715 , アイテム:스킬카드【덴저러스・갈라】
11716 , アイテム:스킬카드【킬러윈드】
11717 , アイテム:스킬카드【바람의춤】
11718 , アイテム:스킬카드【참철파】
11720 , アイテム:스킬카드【크로스포츈】
11721 , アイテム:스킬카드【트윙클네뷸라】
11722 , アイテム:스킬카드【요화열풍】
11723 , アイテム:스킬카드【테라포츈】
11724 , アイテム:스킬카드【만물유전】
11725 , アイテム:스킬카드【신공파】
11726 , アイテム:스킬카드【다크네뷸라】
11727 , アイテム:스킬카드【나선쌍인】
11731 , アイテム:스킬카드【질풍가드킬】
11732 , アイテム:스킬카드【질풍가드브레이크】
11733 , アイテム:스킬카드【질풍브레이크】
11734 , アイテム:스킬카드【질풍리플렉트】
11735 , アイテム:스킬카드【질풍드레인】
11736 , アイテム:스킬카드【질풍어택커】
11737 , アイテム:스킬카드【너의기억】
11738 , アイテム:스킬카드【하이퍼・페더☆슛】
11739 , アイテム:스킬카드【갈바리온】
11740 , アイテム:스킬카드【마하・갈바리온】
11801 , アイテム:스킬카드【그라이】
11802 , アイテム:스킬카드【그라이바】
11803 , アイテム:스킬카드【그라다인】
11804 , アイテム:스킬카드【마하・그라이】
11805 , アイテム:스킬카드【마하・그라이바】
11806 , アイテム:스킬카드【마하・그라다인】
11807 , アイテム:스킬카드【중력의벽】
11808 , アイテム:스킬카드【그라비티마인】
11809 , アイテム:스킬카드【다무도】
11810 , アイテム:스킬카드【다무도라】
11811 , アイテム:스킬카드【다무도라온】
11812 , アイテム:스킬카드【다크스피어】
11813 , アイテム:스킬카드【칠성강천】
11814 , アイテム:스킬카드【이클립스】
11815 , アイテム:스킬카드【스펠그룸】
11816 , アイテム:스킬카드【마그네스톰】
11831 , アイテム:스킬카드【중력가드킬】
11832 , アイテム:스킬카드【중력가드브레이크】
11833 , アイテム:스킬카드【중력브레이크】
11834 , アイテム:스킬카드【중력리플렉트】
11835 , アイテム:스킬카드【중력드레인】
11836 , アイテム:스킬카드【중력어택커】
11837 , アイテム:스킬카드【Mass Destruction】
11838 , アイテム:스킬카드【♪아직안돼요♪】
11839 , アイテム:스킬카드【중력의난무】
11840 , アイテム:스킬카드【그라바리온】
11841 , アイテム:스킬카드【마하・그라바리온】
11901 , アイテム:스킬카드【프레이】
11902 , アイテム:스킬카드【프레이라】
11903 , アイテム:스킬카드【프레이다인】
11904 , アイテム:스킬카드【히트카이저】
11905 , アイテム:스킬카드【뉴클리어미사일】
11906 , アイテム:스킬카드【기가】
11907 , アイテム:스킬카드【기가온】
11908 , アイテム:스킬카드【기가리온】
11909 , アイテム:스킬카드【마하기가】
11910 , アイテム:스킬카드【마하기가온】
11911 , アイテム:스킬카드【마하기가리온】
11912 , アイテム:스킬카드【플래시봄】
11913 , アイテム:스킬카드【코즈믹플레어】
11914 , アイテム:스킬카드【아스테로이드봄】
11915 , アイテム:스킬카드【아토믹플레어】
11916 , アイテム:스킬카드【이그니스봄】
11922 , アイテム:스킬카드【울트라프레이라】
11923 , アイテム:스킬카드【노바사이저】
11924 , アイテム:스킬카드【작열의꽃】
11925 , アイテム:스킬카드【다크노바사이저】
11931 , アイテム:스킬카드【핵열가드킬】
11932 , アイテム:스킬카드【핵열가드브레이크】
11933 , アイテム:스킬카드【핵열브레이크】
11934 , アイテム:스킬카드【핵열리플렉트】
11935 , アイテム:스킬카드【핵열드레인】
11936 , アイテム:스킬카드【핵열어택커】
11937 , アイテム:스킬카드【열핵의난무】
11938 , アイテム:스킬카드【기가바리온】
11939 , アイテム:스킬카드【마하・기가바리온】
12001 , アイテム:스킬카드【메기도】
12002 , アイテム:스킬카드【메기도라】
12003 , アイテム:스킬카드【메기도라온】
12004 , アイテム:스킬카드【메기도라다인】
12005 , アイテム:스킬카드【자폭】
12006 , アイテム:스킬카드【옥쇄파】
12008 , アイテム:스킬카드【위대한로고스】
12009 , アイテム:스킬카드【메기도・아크】
12011 , アイテム:스킬카드【네크로・도그마】
12012 , アイテム:스킬카드【메기도크로스】
12013 , アイテム:스킬카드【흡혈】
12014 , アイテム:스킬카드【헤이트그로우】
12015 , アイテム:스킬카드【데드엔드】
12018 , アイテム:스킬카드【모크샤기타】
12019 , アイテム:스킬카드【56억7천만의장】
12020 , アイテム:스킬카드【2억4천만의악】
12021 , アイテム:스킬카드【만월의여왕】
12022 , アイテム:스킬카드【초메기도】
12023 , アイテム:스킬카드【저지먼트】
12024 , アイテム:스킬카드【천벌】
12025 , アイテム:스킬카드【크레센트미러】
12027 , アイテム:스킬카드【운명의수레바퀴】
12028 , アイテム:스킬카드【스펙트라포스】
12029 , アイテム:스킬카드【기어오는혼돈】
12030 , アイテム:스킬카드【시간의수레바퀴】
12031 , アイテム:스킬카드【지라이야난무】
12032 , アイテム:스킬카드【적살】
12034 , アイテム:스킬카드【만마의난무】
12035 , アイテム:스킬카드【멀티디멘션】
12036 , アイテム:스킬카드【어나더디멘션】
12038 , アイテム:스킬카드【빛나는낙인】
12039 , アイテム:스킬카드【독의빛】
12040 , アイテム:스킬카드【칠색연옥파】
12045 , アイテム:스킬카드【지하드】
12047 , アイテム:스킬카드【삼계윤회】
12048 , アイテム:스킬카드【브라흐마스트라】
12049 , アイテム:스킬카드【나선의뱀】
12054 , アイテム:스킬카드【이클립스미러】
12055 , アイテム:스킬카드【물고늘어지기】
12056 , アイテム:스킬카드【씹어흩뿌리기】
12057 , アイテム:스킬카드【물어떼기】
12058 , アイテム:스킬카드【폭음폭식】
12059 , アイテム:스킬카드【귀신먹기】
12060 , アイテム:스킬카드【대상제】
12061 , アイテム:스킬카드【최후의만찬】
12062 , アイテム:스킬카드【만마의일격】
12064 , アイテム:스킬카드【질투의폭압】
12066 , アイテム:스킬카드【색즉시공】
12067 , アイテム:스킬카드【끝나는세계】
12068 , アイテム:스킬카드【바빌론의잔】
12069 , アイテム:스킬카드【침묵의속삭임】
12070 , アイテム:스킬카드【엄정한심판】
12071 , アイテム:스킬카드【기만의진언】
12072 , アイテム:스킬카드【대죄의철갑탄】
12077 , アイテム:스킬카드【사신의만성】
12078 , アイテム:스킬카드【마연의나팔】
12079 , アイテム:스킬카드【죽은파리의장례】
12080 , アイテム:스킬카드【시나이의신화】
12081 , アイテム:스킬카드【왕중의왕】
12082 , アイテム:스킬카드【태초에숨은악】
12083 , アイテム:스킬카드【9999메기도라온】
12084 , アイテム:스킬카드【새벽의명성】
12085 , アイテム:스킬카드【브류나크】
12086 , アイテム:스킬카드【신의악의】
12087 , アイテム:스킬카드【4대소환】
12088 , アイテム:스킬카드【신벌대행】
12089 , アイテム:스킬카드【즉결이단심문회】
12090 , アイテム:스킬카드【오니야라이】
12091 , アイテム:스킬카드【체리엇】
12092 , アイテム:스킬카드【금기의간결칼날】
12093 , アイテム:스킬카드【만마조복】
12094 , アイテム:스킬카드【멸망의가창】
12095 , アイテム:스킬카드【사나이의꽃길】
12096 , アイテム:스킬카드【마구쏘기】
12097 , アイテム:스킬카드【극광대파참】
12098 , アイテム:스킬카드【지고의마탄・인수라】
12101 , アイテム:스킬카드【ＧＵＮ】
12102 , アイテム:스킬카드【파워샷】
12103 , アイテム:스킬카드【약장탄】
12104 , アイテム:스킬카드【정밀사격】
12105 , アイテム:스킬카드【성스러운탄환】
12106 , アイテム:스킬카드【저주의탄환】
12107 , アイテム:스킬카드【베놈샷】
12108 , アイテム:스킬카드【랜디샷】
12109 , アイテム:스킬카드【신경탄】
12110 , アイテム:스킬카드【디스펠샷】
12111 , アイテム:스킬카드【그레이트풀원】
12112 , アイテム:스킬카드【록불릿】
12113 , アイテム:스킬카드【코로나샷】
12114 , アイテム:스킬카드【Freischutz】
12115 , アイテム:스킬카드【랜턴샷】
12116 , アイテム:스킬카드【프로스트샷】
12117 , アイテム:스킬카드【노이즈샷】
12118 , アイテム:스킬카드【중력자샷】
12119 , アイテム:스킬카드【살라만더탄】
12120 , アイテム:스킬카드【운디네탄】
12121 , アイテム:스킬카드【놈봄】
12122 , アイテム:스킬카드【실프샷】
12123 , アイテム:스킬카드【급소사격】
12124 , アイテム:스킬카드【주작샷】
12125 , アイテム:스킬카드【현무샷】
12126 , アイテム:스킬카드【백호샷】
12127 , アイテム:스킬카드【청룡샷】
12128 , アイテム:스킬카드【섬광탄】
12129 , アイテム:스킬카드【해피샷】
12150 , アイテム:스킬카드【더블탭】
12301 , アイテム:스킬카드【ＣＨＡＮＧＥ】
12302 , アイテム:스킬카드【ＲＥＴＵＲＮ】
12304 , アイテム:스킬카드【P・체인지】
12305 , アイテム:스킬카드【ＤＵＭＭＹ】
12306 , アイテム:스킬카드【Hi-Das】
12307 , アイテム:스킬카드【도주】
12308 , アイテム:스킬카드【소환】
12309 , アイテム:스킬카드【동료호출】
12310 , アイテム:스킬카드【악마변신】
12311 , アイテム:스킬카드【변신악마변경】
12312 , アイテム:스킬카드【프로텍트모드】
12313 , アイテム:스킬카드【프로텍트모드(광범위)】
12314 , アイテム:스킬카드【행동불능】
12315 , アイテム:스킬카드【금전뿌리기】
12317 , アイテム:스킬카드【잠재반격】
12318 , アイテム:스킬카드【잠재회복】
12319 , アイテム:스킬카드【잠재공격】
12320 , アイテム:스킬카드【잠재특수】
12321 , アイテム:스킬카드【잠재보조】
12322 , アイテム:스킬카드【즉사치환스킬】
12323 , アイテム:스킬카드【행동예고】
12390 , アイテム:스킬카드【강제사망】
12400 , アイテム:스킬카드【일할의활천】
12401 , アイテム:스킬카드【이할의활천】
12402 , アイテム:스킬카드【삼할의활천】
12403 , アイテム:스킬카드【일할의마맥】
12404 , アイテム:스킬카드【이할의마맥】
12405 , アイテム:스킬카드【삼할의마맥】
12406 , アイテム:스킬카드【이악물기】
12407 , アイテム:스킬카드【불굴의투지】
12408 , アイテム:스킬카드【치유촉진(소)】
12409 , アイテム:스킬카드【치유촉진(중)】
12410 , アイテム:스킬카드【치유촉진(대)】
12411 , アイテム:스킬카드【기공(소)】
12412 , アイテム:스킬카드【기공(중)】
12413 , アイテム:스킬카드【기공(대)】
12414 , アイテム:스킬카드【타루카쟈오토】
12415 , アイテム:스킬카드【라쿠카쟈오토】
12416 , アイテム:스킬카드【마카카쟈오토】
12417 , アイテム:스킬카드【스쿠카쟈오토】
12418 , アイテム:스킬카드【코칭】
12419 , アイテム:스킬카드【어드바이스】
12420 , アイテム:스킬카드【관통】
12421 , アイテム:스킬카드【영세라이도우】
12422 , アイテム:스킬카드【추격의심득】
12423 , アイテム:스킬카드【황천의회심】
12424 , アイテム:스킬카드【정천의회심】
12425 , アイテム:스킬카드【하이퍼카운터】
12426 , アイテム:스킬카드【진・전문내성】
12427 , アイテム:스킬카드【서드아이】
12428 , アイテム:스킬카드【치유의파동】
12429 , アイテム:스킬카드【견학성장】
12430 , アイテム:스킬카드【아이템숙련】
12431 , アイテム:스킬카드【민속학】
12432 , アイテム:스킬카드【유혹】
12433 , アイテム:스킬카드【승리의포효】
12434 , アイテム:스킬카드【아르카나시프트】
12435 , アイテム:스킬카드【프린키피아】
12436 , アイテム:스킬카드【무도의마음가짐】
12437 , アイテム:스킬카드【마술의소양】
12438 , アイテム:스킬카드【장비지식Lv0】
12439 , アイテム:스킬카드【장비지식Lv1】
12440 , アイテム:스킬카드【장비지식Lv2】
12441 , アイテム:스킬카드【장비지식Lv3】
12442 , アイテム:스킬카드【장비지식Lv4】
12443 , アイテム:스킬카드【장비지식Lv5】
12444 , アイテム:스킬카드【사마카쟈오토】
12445 , アイテム:스킬카드【필사적인공부】
12446 , アイテム:스킬카드【이신의잔영】
12447 , アイテム:스킬카드【백발백중】
12448 , アイテム:스킬카드【천발천중】
12450 , アイテム:스킬카드【검격부스터】
12451 , アイテム:스킬카드【비구부스터】
12452 , アイテム:스킬카드【타격부스터】
12453 , アイテム:스킬카드【전술부스터】
12454 , アイテム:스킬카드【화염부스터】
12455 , アイテム:스킬카드【빙결부스터】
12456 , アイテム:스킬카드【전격부스터】
12457 , アイテム:스킬카드【충격부스터】
12458 , アイテム:스킬카드【신경부스터】
12459 , アイテム:스킬카드【정신부스터】
12460 , アイテム:스킬카드【파마부스터】
12461 , アイテム:스킬카드【주살부스터】
12462 , アイテム:스킬카드【지변부스터】
12463 , アイテム:스킬카드【수격부스터】
12464 , アイテム:스킬카드【질풍부스터】
12465 , アイテム:스킬카드【중력부스터】
12466 , アイテム:스킬카드【핵열부스터】
12468 , アイテム:스킬카드【흡수공격】
12469 , アイテム:스킬카드【회심전심】
12470 , アイテム:스킬카드【인사이트】
12471 , アイテム:스킬카드【생명소모(소)】
12472 , アイテム:스킬카드【생명소모(중)】
12473 , アイテム:스킬카드【생명소모(대)】
12474 , アイテム:스킬카드【생명소모(착유)】
12475 , アイテム:스킬카드【생명소모(착정)】
12476 , アイテム:스킬카드【기합부스터】
12477 , アイテム:스킬카드【집중부스터】
12478 , アイテム:스킬카드【생환트릭】
12479 , アイテム:스킬카드【보물찾기】
12480 , アイテム:스킬카드【치어링】
12481 , アイテム:스킬카드【반격】
12482 , アイテム:스킬카드【맹반격】
12483 , アイテム:스킬카드【데스카운터】
12484 , アイテム:스킬카드【닷지카운터】
12485 , アイテム:스킬카드【악셀】
12487 , アイテム:스킬카드【조잡】
12488 , アイテム:스킬카드【자만심】
12489 , アイテム:스킬카드【인왕자세】
12490 , アイテム:스킬카드【결단】
12491 , アイテム:스킬카드【촌분의결단】
12492 , アイテム:스킬카드【원기의노래】
12493 , アイテム:스킬카드【신경이상내성】
12494 , アイテム:스킬카드【신경이상무효】
12495 , アイテム:스킬카드【정신이상내성】
12496 , アイテム:스킬카드【정신이상무효】
12497 , アイテム:스킬카드【스톤헌트】
12501 , アイテム:스킬카드【신의심판】
12502 , アイテム:스킬카드【신의숨결】
12503 , アイテム:스킬카드【매혹의과실】
12504 , アイテム:스킬카드【너의옷은무력】
12506 , アイテム:스킬카드【인간불가침】
12507 , アイテム:스킬카드【닿지않는기도】
12508 , アイテム:스킬카드【미혹의먹줄】
12509 , アイテム:스킬카드【미혹의먹줄(약)】
12510 , アイテム:스킬카드【엑스트라원】
12511 , アイテム:스킬카드【파리화의저주】
12512 , アイテム:스킬카드【퓨어블루】
12513 , アイテム:스킬카드【가군라즈】
12514 , アイテム:스킬카드【베어먹기・식】
12515 , アイテム:스킬카드【트리플바이스・식】
12516 , アイテム:스킬카드【삼켜내기】
12517 , アイテム:스킬카드【분노의만물】
12518 , アイテム:스킬카드【일기당천의눈빛】
12519 , アイテム:스킬카드【사인 난다카】
12520 , アイテム:스킬카드【모어・샤인】
12521 , アイテム:스킬카드【대왕생】
12522 , アイテム:스킬카드【디스트링스】
12523 , アイテム:스킬카드【어센션】
12524 , アイテム:스킬카드【상암】
12526 , アイテム:스킬카드【가드킬브레이크】
12527 , アイテム:스킬카드【해제】
12528 , アイテム:스킬카드【헤드】
12529 , アイテム:스킬카드【역테트라칸】
12530 , アイテム:스킬카드【역마가라칸】
12531 , アイテム:스킬카드【대천세계의 바람】
12532 , アイテム:스킬카드【자애의맹반격（보스용）】
12533 , アイテム:스킬카드【적전용단체공격】
12534 , アイテム:스킬카드【BS엑스트라】
12535 , アイテム:스킬카드【적전용전체공격】
12536 , アイテム:스킬카드【만물도륙】
12537 , アイテム:스킬카드【사부사부드릴】
12538 , アイテム:스킬카드【암흑YOUNG전설】
12539 , アイテム:스킬카드【ＭＧ３４】
12540 , アイテム:스킬카드【Breikonzert】
12541 , アイテム:스킬카드【독가스】
12542 , アイテム:스킬카드【신경가스】
12543 , アイテム:스킬카드【ＪＯＫＥＲ】
12544 , アイテム:스킬카드【성왕광림검】
12545 , アイテム:스킬카드【성창】
12546 , アイテム:스킬카드【성배】
12547 , アイテム:스킬카드【성궤】
12548 , アイテム:스킬카드【브릴블리츠】
12549 , アイテム:스킬카드【주성의압격】
12550 , アイテム:스킬카드【라스타캔디】
12551 , アイテム:스킬카드【어둠의포옹】
12553 , アイテム:스킬카드【패러다임시프트】
12554 , アイテム:스킬카드【어두운밤의드레스】
12555 , アイテム:스킬카드【초중폭탄】
12556 , アイテム:스킬카드【주극의거포】
12557 , アイテム:스킬카드【성소녀의창끝】
12558 , アイテム:스킬카드【암흑의뇌광】
12559 , アイテム:스킬카드【볼캐닉커】
12560 , アイテム:스킬카드【파괴의성풍】
12561 , アイテム:스킬카드【각인의날개】
12562 , アイテム:스킬카드【독소방어】
12563 , アイテム:스킬카드【흡혈장기】
12564 , アイテム:스킬카드【바이널스트라이크】
12565 , アイテム:스킬카드【불행의훌라댄스】
12566 , アイテム:스킬카드【ＳＴＯＮＥ】
12567 , アイテム:스킬카드【백화요란】
12568 , アイテム:스킬카드【버터플라이스톰】
12569 , アイテム:스킬카드【돌핀킥】
12570 , アイテム:스킬카드【마카빔】
12571 , アイテム:스킬카드【하테나・박스】
12572 , アイテム:스킬카드【밤의여왕】
12573 , アイテム:스킬카드【원초의암흑】
12574 , アイテム:스킬카드【어게인스트페인】
12575 , アイテム:스킬카드【사막의바람】
12576 , アイテム:스킬카드【짐승의안광】
12577 , アイテム:스킬카드【용의안광】
12601 , アイテム:스킬카드【확산탄막사출】
12602 , アイテム:스킬카드【집중탄막사출】
12603 , アイテム:스킬카드【The Positive】
12604 , アイテム:스킬카드【The Negative】
12605 , アイテム:스킬카드【Evil Eyes】
12606 , アイテム:스킬카드【Innocent Devil】
12607 , アイテム:스킬카드【Civilization of Magic】
12608 , アイテム:스킬카드【유환난무】
12609 , アイテム:스킬카드【Hellish Moon】
12610 , アイテム:스킬카드【Astral Knight】
12611 , アイテム:스킬카드【전차소녀가꾸는꿈】
12612 , アイテム:스킬카드【어둠의힘】
12613 , アイテム:스킬카드【꿈소실】
12614 , アイテム:스킬카드【마니아컬걸】
12615 , アイテム:스킬카드【러브니들】
12616 , アイテム:스킬카드【라운드기어】
12617 , アイテム:스킬카드【SailorofTime】
12618 , アイテム:스킬카드【몽환전설】
12619 , アイテム:스킬카드【미미짱발사】
12620 , アイテム:스킬카드【장식전】
12621 , アイテム:스킬카드【홍향곡】
12622 , アイテム:스킬카드【영전】
12623 , アイテム:스킬카드【메이드환상】
12624 , アイテム:스킬카드【귀여운악마】
12625 , アイテム:스킬카드【마법진】
12626 , アイテム:스킬카드【영천】
12627 , アイテム:스킬카드【진홍의소녀】
12628 , アイテム:스킬카드【배신의소녀】
12629 , アイテム:스킬카드【슬픈인형】
12630 , アイテム:스킬카드【신화환상】
12698 , アイテム:스킬카드【찰나의칼날・이】
12699 , アイテム:스킬카드【찰나의칼날】
12700 , アイテム:스킬카드【갑옷관통・이】
12701 , アイテム:스킬카드【퓨프리레게돈】
12702 , アイテム:스킬카드【극락떨구기・개】
12703 , アイテム:스킬카드【릴리즈제일・개】
12704 , アイテム:스킬카드【선풍진・개】
12705 , アイテム:스킬카드【바이널스트라이크・개】
12706 , アイテム:스킬카드【바이라바】
12707 , アイテム:스킬카드【바이쿤타】
12708 , アイテム:스킬카드【분노의정격】
12709 , アイテム:스킬카드【분노의온격】
12710 , アイテム:스킬카드【분노의물마】
12711 , アイテム:스킬카드【진・천경지폭단】
12712 , アイテム:스킬카드【폭철화의무대장치】
12713 , アイテム:스킬카드【헬블레이즈】
12714 , アイテム:스킬카드【지옥의영조】
12715 , アイテム:스킬카드【분노의겁화】
12716 , アイテム:스킬카드【전대의극의】
12717 , アイテム:스킬카드【란카】
12718 , アイテム:스킬카드【란캄】
12719 , アイテム:스킬카드【란카인】
12720 , アイテム:스킬카드【스타더스트】
12721 , アイテム:스킬카드【소녀의간식】
12722 , アイテム:스킬카드【피의안달루시아】
12723 , アイテム:스킬카드【적색의카포테】
12724 , アイテム:스킬카드【헬스핀】
12725 , アイテム:스킬카드【헬에기조스트】
12726 , アイテム:스킬카드【헬버너】
12727 , アイテム:스킬카드【회전설법】
12728 , アイテム:스킬카드【명상】
12729 , アイテム:스킬카드【죽어줄래？】
12730 , アイテム:스킬카드【놀아줄래？】
12731 , アイテム:스킬카드【사령이부르는소리】
12732 , アイテム:스킬카드【고모라의옥염】
12733 , アイテム:스킬카드【갓애로우】
12734 , アイテム:스킬카드【테러소드】
12735 , アイテム:스킬카드【혼의밸런스】
12736 , アイテム:스킬카드【전염병생산】
12737 , アイテム:스킬카드【축복】
12738 , アイテム:스킬카드【손이많이가네！】
12739 , アイテム:스킬카드【폭풍속의노랫소리】
12740 , アイテム:스킬카드【레디언트블래스트】
12741 , アイテム:스킬카드【수플레데클레르】
12744 , アイテム:스킬카드【부하악마의행군】
12755 , アイテム:스킬카드【라비리스연격】
12756 , アイテム:스킬카드【파사의홍염】
12757 , アイテム:스킬카드【마신의조사】
12758 , アイテム:스킬카드【윈드트릭】
12759 , アイテム:스킬카드【도깨비불아프트】
12760 , アイテム:스킬카드【반역의칼날】
12801 , アイテム:스킬카드【스펠카드『귀형수』】
12809 , アイテム:스킬카드【빙의박탈「슬레이브・로버」】
12810 , アイテム:스킬카드【「퀸・오브・버블」】
12811 , アイテム:스킬카드【「최흉최악의극빈불행신」】
12812 , アイテム:스킬카드【빈부「미스찬스・스캐터」】
12813 , アイテム:스킬카드【아기무】
12814 , アイテム:스킬카드【부흐라무】
12815 , アイテム:스킬카드【지오무】
12816 , アイテム:스킬카드【디무】
12817 , アイテム:스킬카드【디아무】
12818 , アイテム:스킬카드【비루라】
12819 , アイテム:스킬카드【굿스리토】
12829 , アイテム:스킬카드【『불의전차』】
12830 , アイテム:스킬카드【『폭풍을부르는남자』】
12831 , アイテム:스킬카드【『얼려버리는라인』】
12832 , アイテム:스킬카드【『봄버걸』】
12833 , アイテム:스킬카드【『너의눈은일만볼트』】
12838 , アイテム:스킬카드【몽부「몽상봉인」】
12839 , アイテム:스킬카드【연부「마스터스파크」】
12840 , アイテム:스킬카드【야부「나이트버드」】
12841 , アイテム:스킬카드【동부「마이너스Ｋ」】
12842 , アイテム:스킬카드【채부「채광풍령」】
12843 , アイテム:스킬카드【화수목금토부「현자의돌」】
12844 , アイテム:스킬카드【메이드비기「살인인형」】
12845 , アイテム:스킬카드【신창「스피어･더･궁니르」】
12846 , アイテム:스킬카드【금기「레바테인」】
12847 , アイテム:스킬카드【한부「링거링콜드」】
12848 , アイテム:스킬카드【화묘「첸」】
12849 , アイテム:스킬카드【전부「리틀레기온」】
12850 , アイテム:스킬카드【소부「리리카・솔로라이브」】
12851 , アイテム:스킬카드【소부「메를랑･해피라이브」】
12852 , アイテム:스킬카드【소부「루나사･솔로라이브」】
12854 , アイテム:스킬카드【아왕검「아귀십왕의보답」】
12855 , アイテム:스킬카드【「반혼접」】
12856 , アイテム:스킬카드【식휘「프린세스하늘여우」】
12857 , アイテム:스킬카드【경부「색과공의경계」】
12858 , アイテム:스킬카드【귀부「미싱파워」】
12859 , アイテム:스킬카드【준부「리틀버그스톰」】
12860 , アイテム:스킬카드【야맹「밤참새의노래」】
12861 , アイテム:스킬카드【광부「아마테라스」】
12862 , アイテム:스킬카드【차부「오오나무치님의약」】
12863 , アイテム:스킬카드【광시「광시조율」】
12864 , アイテム:스킬카드【비약「선향옥토」】
12865 , アイテム:스킬카드【난제 「오색의탄환」】
12866 , アイテム:스킬카드【「봉래인형」】
12867 , アイテム:스킬카드【돌풍「사루타히코의선도」】
12868 , アイテム:스킬카드【섬망「인투델리리엄」】
12869 , アイテム:스킬카드【화부「환상향의개화」】
12870 , アイテム:스킬카드【혼부「생혼유리의낫」】
12871 , アイテム:스킬카드【심판「시왕재판」】
12872 , アイテム:스킬카드【엽부「광기의낙엽」】
12873 , アイテム:스킬카드【풍작「곡물신의약속」】
12874 , アイテム:스킬카드【액부「배드포츈」】
12875 , アイテム:스킬카드【수부「캇파의포로로카」】
12876 , アイテム:스킬카드【구부「레이비즈바이트」】
12877 , アイテム:스킬카드【그레이서머티지】
12878 , アイテム:스킬카드【기제「메도테코난무」】
12879 , アイテム:스킬카드【신구「모리야의쇠바퀴」】
12880 , アイテム:스킬카드【양광「선샤인블래스트」】
12881 , アイテム:스킬카드【월광「다크스틸니스」】
12882 , アイテム:스킬카드【유성「코멧스트림」】
12885 , アイテム:스킬카드【극부「뇌운극어」】
12886 , アイテム:스킬카드【기부「천계기상의검」】
12887 , アイテム:스킬카드【괴기「두레박떨이의괴」】
12888 , アイテム:스킬카드【장부「필드미애즈마」】
12889 , アイテム:스킬카드【질투「ｼﾞｪﾗｼｰﾎﾞﾝﾊﾞｰ」】
12890 , アイテム:스킬카드【삼보필살】
12891 , アイテム:스킬카드【상기「테러블수브니르」】
12892 , アイテム:스킬카드【속죄「옛지옥의바늘산」】
12893 , アイテム:스킬카드【「지옥의인공태양」】
12894 , アイテム:스킬카드【억제「슈퍼에고」】
12895 , アイテム:스킬카드【재보「골드러시」】
12896 , アイテム:스킬카드【경우「게릴라태풍」】
12897 , アイテム:스킬카드【권타「주먹스매시」】
12900 , アイテム:스킬카드【전복「길동무앵커」】
12901 , アイテム:스킬카드【천부「초토만타라」】
12902 , アイテム:스킬카드【대마법「마신복송」】
12903 , アイテム:스킬카드【누부「탄막키메라」】
12904 , アイテム:스킬카드【원안「천구사이코그래피」】
12905 , アイテム:스킬카드【대성「차지드야호」】
12906 , アイテム:스킬카드【독조「죽지않는살인귀」】
12907 , アイテム:스킬카드【통령「통령요시카」】
12908 , アイテム:스킬카드【뇌시「가고지사이클론」】
12909 , アイテム:스킬카드【염부「폐불의염풍」】
12910 , アイテム:스킬카드【「별이지는신령묘」】
12911 , アイテム:스킬카드【「마미조화탄막십변화」】
12916 , アイテム:스킬카드【오니의금강력】
12918 , アイテム:스킬카드【초９무신패참】
12919 , アイテム:스킬카드【인부「역린의거친파도」】
12920 , アイテム:스킬카드【안광「헬즈레이」】
12921 , アイテム:스킬카드【포효「만월의울부짖음」】
12922 , アイテム:스킬카드【악보「스코어웹」】
12923 , アイテム:스킬카드【향부「에코체임버」】
12924 , アイテム:스킬카드【역전「체인지에어브레이브」】
12925 , アイテム:스킬카드【소추「네가커져라얍」】
12926 , アイテム:스킬카드【팔고「뇌신의분노」】
12927 , アイテム:스킬카드【빙의「희로애락포제션」】
12928 , アイテム:스킬카드【염력「텔레키네시스전파탑」】
12929 , アイテム:스킬카드【총부「루나틱건」】
12930 , アイテム:스킬카드【토부「베리베리경단」】
12931 , アイテム:스킬카드【몽부「황색의착종미몽」】
12932 , アイテム:스킬카드【옥부「예신탐지형기뢰」】
12933 , アイテム:스킬카드【「아폴로날조설」】
12934 , アイテム:스킬카드【순부「퓨얼리불릿헬」】
12935 , アイテム:스킬카드【「트리니테리언랩소디」】
12936 , アイテム:스킬카드【접부「미닛스케일즈」】
12937 , アイテム:스킬카드【접부「한여름의날갯짓」】
12938 , アイテム:스킬카드【인부「야만바의식칼갈기」】
12939 , アイテム:스킬카드【박부「외톨이아훔의호흡」】
12940 , アイテム:스킬카드【마부「불릿골렘」】
12941 , アイテム:스킬카드【광무「크레이지백댄스」(정신)】
12942 , アイテム:스킬카드【광무「크레이지백댄스」(생명)】
12943 , アイテム:스킬카드【「뒷・브리지체리블로섬」】
12944 , アイテム:스킬카드【「뒷・퍼펙트서머아이스」】
12945 , アイテム:스킬카드【「뒷・크레이지폴윈드」】
12946 , アイテム:스킬카드【「뒷・익스트림윈터」】
12947 , アイテム:스킬카드【「아나키불릿헬」】
12948 , アイテム:스킬카드【춘부「서프라이즈스프링」】
12949 , アイテム:스킬카드【빙부「쿨선플라워」】
12950 , アイテム:스킬카드【용부「드래곤즈그로울」】
12951 , アイテム:스킬카드【투섬타임】
12952 , アイテム:스킬카드【홀리스타】
12953 , アイテム:스킬카드【라운드트립】
12954 , アイテム:스킬카드【휠윈드】
12955 , アイテム:스킬카드【스팅거】
12956 , アイテム:스킬카드【쇼타임】
12957 , アイテム:스킬카드【아버지의이름에맹세코】
12958 , アイテム:스킬카드【네버기브업】
12959 , アイテム:스킬카드【보석마술】
12960 , アイテム:스킬카드【베어내는전신의검】
12961 , アイテム:스킬카드【산맥을뒤흔드는샛별의장작】
12962 , アイテム:스킬카드【영봉을밟고끌어안는명부의풀무】
12965 , アイテム:스킬카드【신언마술식・잿빛신부】
12966 , アイテム:스킬카드【무한의검제】
12967 , アイテム:스킬카드【기영의고삐】
12968 , アイテム:스킬카드【홍주・염부제염정】
12969 , アイテム:스킬카드【주법・옥천붕】
12970 , アイテム:스킬카드【배럴레플리카】
12971 , アイテム:스킬카드【고유결계：고갈정원】
12972 , アイテム:스킬카드【적주：함발】
12973 , アイテム:스킬카드【공상구현화】
12974 , アイテム:스킬카드【제7성전】
12975 , アイテム:스킬카드【17분할】
12976 , アイテム:스킬카드【암흑히스이권】
12977 , アイテム:스킬카드【발도오의・하정추성】
12978 , アイテム:스킬카드【포말의꿈】
12979 , アイテム:스킬카드【무장999】
12980 , アイテム:스킬카드【정식외전】
12981 , アイテム:스킬카드【나이트룰러・더・블러드・딜러】
12982 , アイテム:스킬카드【스피어・브레이크・슬라이더】
12983 , アイテム:스킬카드【극사・나나야】
12984 , アイテム:스킬카드【트라이헤르메스・블랙랜드】
12985 , アイテム:스킬카드【약속된승리의검】
12986 , アイテム:스킬카드【황홀로초대하는황금극장】
12987 , アイテム:스킬카드【선혈마양】
12988 , アイテム:스킬카드【사랑을품은검은날개】
12989 , アイテム:스킬카드【마탄의무도】
12990 , アイテム:스킬카드【마녀의입맞춤】
12991 , アイテム:스킬카드【구제의손】
12992 , アイテム:스킬카드【한손으로열손】
12993 , アイテム:스킬카드【나의세계】
12994 , アイテム:스킬카드【치료해줄게！】
12995 , アイテム:스킬카드【롯소・판타즈마】
12996 , アイテム:스킬카드【스쿠왈타토레】
12997 , アイテム:스킬카드【티로・피날레】
12998 , アイテム:스킬카드【침식하는검은날개】
12999 , アイテム:스킬카드【피니투라・프레차】
13001 , アイテム:스킬카드【외상약】
13002 , アイテム:스킬카드【마석】
13003 , アイテム:스킬카드【우황단】
13004 , アイテム:스킬카드【보옥】
13005 , アイテム:스킬카드【메디컬파우더】
13006 , アイテム:스킬카드【야마타노드링크】
13007 , アイテム:스킬카드【보옥륜】
13008 , アイテム:스킬카드【도반옥】
13009 , アイテム:스킬카드【반혼향】
13010 , アイテム:스킬카드【힘의향】
13011 , アイテム:스킬카드【지혜의향】
13012 , アイテム:스킬카드【마력의향】
13013 , アイテム:스킬카드【내구의향】
13014 , アイテム:스킬카드【속도의향】
13015 , アイテム:스킬카드【운의향】
13016 , アイテム:스킬카드【벼랑끝분말】
13017 , アイテム:스킬카드【디스포이즌】
13018 , アイテム:스킬카드【디스패라이즈】
13019 , アイテム:스킬카드【디스챰】
13020 , アイテム:스킬카드【디스톤】
13021 , アイテム:스킬카드【디스클로즈】
13022 , アイテム:스킬카드【이와쿠라의물】
13023 , アイテム:스킬카드【암리타소다】
13024 , アイテム:스킬카드【암리타샤워】
13025 , アイテム:스킬카드【챠크라드롭】
13026 , アイテム:스킬카드【챠크라포트】
13027 , アイテム:스킬카드【그레이트챠크라】
13028 , アイテム:스킬카드【소마의물방울】
13029 , アイテム:스킬카드【소마】
13030 , アイテム:스킬카드【은의마니샤】
13031 , アイテム:스킬카드【화제신부】
13032 , アイテム:스킬카드【명왕신부】
13033 , アイテム:스킬카드【관음신부】
13034 , アイテム:스킬카드【천구신부】
13035 , アイテム:스킬카드【물반경】
13036 , アイテム:스킬카드【마반경】
13037 , アイテム:스킬카드【데쿤다의돌】
13038 , アイテム:스킬카드【데카쟈의돌】
13039 , アイテム:스킬카드【생옥】
13040 , アイテム:스킬카드【눈속임의구슬】
13041 , アイテム:스킬카드【개비의열매】
13042 , アイテム:스킬카드【봉마의방울】
13043 , アイテム:스킬카드【집마의피리】
13044 , アイテム:스킬카드【황금의벌꿀주】
13045 , アイテム:스킬카드【전망구슬】
13046 , アイテム:스킬카드【디스가이즈굿즈】
13047 , アイテム:스킬카드【코어실드】
13048 , アイテム:스킬카드【디스커스】
13049 , アイテム:스킬카드【둔갑나침반】
13050 , アイテム:스킬카드【질서의돌】
13051 , アイテム:스킬카드【혼돈의돌】
13052 , アイテム:스킬카드【선행의돌】
13053 , アイテム:스킬카드【악행의돌】
13060 , アイテム:스킬카드【순미가라지시】
13061 , アイテム:스킬카드【순미비장마사무네】
13062 , アイテム:스킬카드【본양조만사쿠】
13063 , アイテム:스킬카드【본양조백육십이대】
13064 , アイテム:스킬카드【음양유메자쿠라】
13065 , アイテム:스킬카드【대음양구단시코미】
13066 , アイテム:스킬카드【월노빙륜산】
13070 , アイテム:스킬카드【고급외상약】
13071 , アイテム:스킬카드【메디컬키트】
13072 , アイテム:스킬카드【신단의영옥】
13075 , アイテム:스킬카드【모듬스시세트】
13076 , アイテム:스킬카드【전투식량MRE】
13077 , アイテム:스킬카드【곱빼기즉석라멘】
13078 , アイテム:스킬카드【데빌스타】
13079 , アイテム:스킬카드【화장석】
13100 , アイテム:스킬카드【솔빙오브】
13101 , アイテム:스킬카드【화염병】
13102 , アイテム:스킬카드【네이팜탄】
13103 , アイテム:스킬카드【화염의곡옥】
13104 , アイテム:스킬카드【열화의곡옥】
13105 , アイテム:스킬카드【액화질소봄베】
13106 , アイテム:스킬카드【극한의곡옥】
13107 , アイテム:스킬카드【라이어트밤】
13108 , アイテム:스킬카드【격뢰의곡옥】
13109 , アイテム:스킬카드【챠이캄TNT】
13110 , アイテム:스킬카드【메기도스톤】
13111 , アイテム:스킬카드【메기도라스톤】
13112 , アイテム:스킬카드【뉴클리어밤】
13113 , アイテム:스킬카드【독화살】
13114 , アイテム:스킬카드【스파이럴밤】
13115 , アイテム:스킬카드【시아귀미】
13116 , アイテム:스킬카드【충독명】
13117 , アイテム:스킬카드【파마화살】
13118 , アイテム:스킬카드【비공침】
13119 , アイテム:스킬카드【스턴그레네이드】
13120 , アイテム:스킬카드【붉은할아버지＆검은할아버지인형】
13121 , アイテム:스킬카드【중압의곡옥】
13122 , アイテム:스킬카드【흑성의곡옥】
13123 , アイテム:스킬카드【질풍의곡옥】
13124 , アイテム:스킬카드【폭풍의곡옥】
13125 , アイテム:스킬카드【지변의곡옥】
13126 , アイテム:스킬카드【격진의곡옥】
13127 , アイテム:스킬카드【수격의곡옥】
13128 , アイテム:스킬카드【격류의곡옥】
13129 , アイテム:스킬카드【충격의곡옥】
13130 , アイテム:스킬카드【회오리의곡옥】
13131 , アイテム:스킬카드【핵열의곡옥】
13132 , アイテム:스킬카드【핵렬의곡옥】
13133 , アイテム:스킬카드【만리의안경】
13197 , アイテム:스킬카드【붕괴주】
13198 , アイテム:스킬카드【스피릿리브】
13199 , アイテム:스킬카드【겨우살이】
13210 , アイテム:스킬카드【팬케이크】
13241 , アイテム:스킬카드【【아픔에강함】】
13242 , アイテム:스킬카드【【젖기쉬움】】
13250 , アイテム:스킬카드【【습득빠름】】
13252 , アイテム:스킬카드【【혀놀림】】
13253 , アイテム:스킬카드【【바늘다루기】】
13257 , アイテム:스킬카드【【오줌싸개버릇】】
13302 , アイテム:스킬카드【【Ｃ민감】】
13304 , アイテム:스킬카드【【Ｖ민감】】
13306 , アイテム:스킬카드【【Ａ민감】】
13308 , アイテム:스킬카드【【Ｂ민감】】
13330 , アイテム:스킬카드【【회복빠름】】
13343 , アイテム:스킬카드【【동물귀】】
13501 , アイテム:스킬카드【가짜얼음검】
13502 , アイテム:스킬카드【가짜얼음화살】
13503 , アイテム:스킬카드【가짜얼음벽】
13504 , アイテム:스킬카드【가짜얼음의땅】
13505 , アイテム:스킬카드【가짜얼음검이연참】
13506 , アイテム:스킬카드【에메랄드소드】
13507 , アイテム:스킬카드【가재가르기】
13508 , アイテム:스킬카드【열조】
13509 , アイテム:스킬카드【드래곤포스】
13510 , アイテム:스킬카드【혼사냥】
13511 , アイテム:스킬카드【그래비티프레스】
13512 , アイテム:스킬카드【풍파・카마이타치】
13513 , アイテム:스킬카드【끈자르기】
13514 , アイテム:스킬카드【대흡혈】
13515 , アイテム:스킬카드【만천화우】
13516 , アイテム:스킬카드【에브리데이드림】
13517 , アイテム:스킬카드【자신만의별】
13518 , アイテム:스킬카드【그림자속임수】
13519 , アイテム:스킬카드【힐링】
13521 , アイテム:스킬카드【연기회복】
13522 , アイテム:스킬카드【선풍감아올리기】
13523 , アイテム:스킬카드【단풍잎베기】
13524 , アイテム:스킬카드【눈보라베기】
13525 , アイテム:스킬카드【무영】
13526 , アイテム:스킬카드【되갚기】
13527 , アイテム:스킬카드【금시조왕선풍】
13528 , アイテム:스킬카드【산산히흩어지는벚꽃】
13529 , アイテム:스킬카드【분노폭발】
13530 , アイテム:스킬카드【분노오의】
13531 , アイテム:스킬카드【안느・무츠베】
13532 , アイテム:스킬카드【레라시우】
13533 , アイテム:스킬카드【누에타마】
13534 , アイテム:스킬카드【카무이・림세】
13535 , アイテム:스킬카드【에픈키네니타이】
13541 , アイテム:스킬카드【거대화의주탄】
13542 , アイテム:스킬카드【축소화의주탄】
13543 , アイテム:스킬카드【『망토회귀』】
13545 , アイテム:스킬카드【리본・부스트】
13546 , アイテム:스킬카드【B・레인보우EGG】
13547 , アイテム:스킬카드【니어데스리벤지】
13548 , アイテム:스킬카드【쿼드커즈】
13549 , アイテム:스킬카드【루푸시・쿠아레】
13550 , アイテム:스킬카드【콘루・멤】
13551 , アイテム:스킬카드【루푸시・테크・눔・치우】
13552 , アイテム:스킬카드【카무이・시투키】
13553 , アイテム:스킬카드【육도열화】
13554 , アイテム:스킬카드【재염】
13556 , アイテム:스킬카드【초열혼】
13557 , アイテム:스킬카드【대폭살】
13574 , アイテム:스킬카드【어택게인】
13575 , アイテム:스킬카드【디펜스게인】
13576 , アイテム:스킬카드【배드인밸리드】
13577 , アイテム:스킬카드【슬리프올】
13578 , アイテム:스킬카드【매드스트라이프】
13579 , アイテム:스킬카드【커스올】
13580 , アイテム:스킬카드【아이스：TROY】
13581 , アイテム:스킬카드【해킹원】
13582 , アイテム:스킬카드【해킹리액트】
13583 , アイテム:스킬카드【Ｂ데이터이레이저】
13584 , アイテム:스킬카드【스케이프고트】
13585 , アイテム:스킬카드【로스트파워】
13586 , アイテム:스킬카드【천벌잭2021】
13587 , アイテム:스킬카드【마법의비눗방울】
13589 , アイテム:스킬카드【기절의참격】
13590 , アイテム:스킬카드【재생의협주곡】
13591 , アイテム:스킬카드【인어공주의연심】
13592 , アイテム:스킬카드【맹독의협주곡】
13593 , アイテム:스킬카드【분기의합주】
13595 , アイテム:스킬카드【영자갑옷】
13596 , アイテム:스킬카드【추토의참격】
13597 , アイテム:스킬카드【질풍의상동곡】
13598 , アイテム:스킬카드【어둠에삼켜져라！】
13599 , アイテム:스킬카드【연색에너지】
13600 , アイテム:스킬카드【데빌트리거】
13601 , アイテム:스킬카드【환영검】
13602 , アイテム:스킬카드【열풍환영검】
13603 , アイテム:스킬카드【차원참】
13604 , アイテム:스킬카드【거합질주】
13605 , アイテム:스킬카드【에어트릭】
13606 , アイテム:스킬카드【염마도연참】
13607 , アイテム:스킬카드【조금만더힘을】
13608 , アイテム:스킬카드【에어하이크】
13609 , アイテム:스킬카드【롤링블레이즈】
13610 , アイテム:스킬카드【메테오】
13611 , アイテム:스킬카드【사색의프렐류드】
13612 , アイテム:스킬카드【도나영감소환】
13613 , アイテム:스킬카드【셋햇】
13614 , アイテム:스킬카드【레드샷】
13615 , アイテム:스킬카드【R・핫나이트】
13616 , アイテム:스킬카드【이나즈마】
13617 , アイテム:스킬카드【하이볼티지】
13618 , アイテム:스킬카드【코레다】
13620 , アイテム:스킬카드【사이플래시】
13621 , アイテム:스킬카드【아카식버스터】
13622 , アイテム:스킬카드【리빙데드】
13623 , アイテム:스킬카드【미제라블・머더케이스】
13624 , アイテム:스킬카드【크리피프렌즈】
13625 , アイテム:스킬카드【블리츠대쉬】
13626 , アイテム:스킬카드【SONG OF DIVA】
13627 , アイテム:스킬카드【X-ROSS DISASTER】
13628 , アイテム:스킬카드【스파크스텔라】
13629 , アイテム:스킬카드【앵커넥서스】
13630 , アイテム:스킬카드【오비탈에지】
13631 , アイテム:스킬카드【루미너리마인】
13632 , アイテム:스킬카드【키스오브디바】
13633 , アイテム:스킬카드【드래프트스파이럴】
13634 , アイテム:스킬카드【클로스랜서】
13635 , アイテム:스킬카드【DARKNESS TRIGGER】
13636 , アイテム:스킬카드【뇌격린】
13637 , アイテム:스킬카드【피뢰침】
13638 , アイテム:스킬카드【대조초래】
13639 , アイテム:스킬카드【대사초래】
13640 , アイテム:스킬카드【토룡초래】
13641 , アイテム:스킬카드【최면효초래】
13642 , アイテム:스킬카드【검호초래】
13643 , アイテム:스킬카드【플레임버라지】
13644 , アイテム:스킬카드【아이스버라지】
13645 , アイテム:스킬카드【선더버라지】
13647 , アイテム:스킬카드【파이어암즈】
13648 , アイテム:스킬카드【프리즈암즈】
13649 , アイテム:스킬카드【쇼크암즈】
13650 , アイテム:스킬카드【이미트웨폰】
13651 , アイテム:스킬카드【비호의구령】
13652 , アイテム:스킬카드【체이스세이버】
13653 , アイテム:스킬카드【체이스스러스트】
13654 , アイテム:스킬카드【체이스블로】
13655 , アイテム:스킬카드【체이스플레임】
13656 , アイテム:스킬카드【체이스아이스】
13657 , アイテム:스킬카드【체이스선더】
13658 , アイテム:스킬카드【다크에테르】
13659 , アイテム:스킬카드【자폭(비)】
13660 , アイテム:스킬카드【눈에서미사일！】
13661 , アイテム:스킬카드【입에서빔！】
13662 , アイテム:스킬카드【디바이드가드】
13663 , アイテム:스킬카드【라인디바이드】
13664 , アイテム:스킬카드【라인가드】
13665 , アイテム:스킬카드【사이코볼】
13666 , アイテム:스킬카드【사이코허리케인】
13667 , アイテム:스킬카드【파이어애로우】
13668 , アイテム:스킬카드【파이어사이코】
13669 , アイテム:스킬카드【사이코쉐이커】
13670 , アイテム:스킬카드【사이코파이널】
13671 , アイテム:스킬카드【브레이크】
13672 , アイテム:스킬카드【텔레포트】
13673 , アイテム:스킬카드【배틀텔레포트】
13674 , アイテム:스킬카드【에어】
13675 , アイテム:스킬카드【배틀에어】
13676 , アイテム:스킬카드【배틀히트】
13677 , アイテム:스킬카드【뉴에어】
13678 , アイテム:스킬카드【배틀홀텔레포트】
13679 , アイテム:스킬카드【점프】
13680 , アイテム:스킬카드【잔류사념】
13681 , アイテム:스킬카드【배틀실드】
13682 , アイテム:스킬카드【네코실드】
13683 , アイテム:스킬카드【사이코실드】
13684 , アイテム:스킬카드【미러실드】
13685 , アイテム:스킬카드【실드】
13686 , アイテム:스킬카드【레이건】
13687 , アイテム:스킬카드【하이퍼건】
13688 , アイテム:스킬카드【헬브레스】
13689 , アイテム:스킬카드【라그랑쥬】
13690 , アイテム:스킬카드【자이로SP】
13691 , アイテム:스킬카드【플라즈마포】
13692 , アイテム:스킬카드【딥마인드】
13693 , アイテム:스킬카드【오프마인드】
13694 , アイテム:스킬카드【마인드킬】
13695 , アイテム:스킬카드【배틀텔레파시】
13696 , アイテム:스킬카드【웨이브】
13697 , アイテム:스킬카드【배틀웨이브】
13698 , アイテム:스킬카드【텔레파시】
13699 , アイテム:스킬카드【하이퍼】
13700 , アイテム:스킬카드【대성이혼포격】
13701 , アイテム:스킬카드【리바이루】
13702 , アイテム:스킬카드【카리우】
13703 , アイテム:스킬카드【하이프】
13704 , アイテム:스킬카드【쿠랏토】
13900 , アイテム:스킬카드【오리지널공격】
13901 , アイテム:스킬카드【오리지널회복】
13902 , アイテム:스킬카드【오리지널상태이상】
13903 , アイテム:스킬카드【오리지널능력변동】
13904 , アイテム:스킬카드【전용기1】
13905 , アイテム:스킬카드【전용기2】
13906 , アイテム:스킬카드【전용기3】
13907 , アイテム:스킬카드【전용기4】
13908 , アイテム:스킬카드【전용기5】
13909 , アイテム:스킬카드【전용기6】
13910 , アイテム:스킬카드【전용기7】
13911 , アイテム:스킬카드【전용기8】
13912 , アイテム:스킬카드【전용기9】
13913 , アイテム:스킬카드【전용기10】
13914 , アイテム:스킬카드【전용기11】
13915 , アイテム:스킬카드【전용기12】
13918 , アイテム:스킬카드【마가츠히스킬】
13919 , アイテム:스킬카드【비소지스킬】
13920 , アイテム:스킬카드【각성스킬】
13960 , アイテム:스킬카드【다단촉수고문】
13961 , アイテム:스킬카드【촉수흉포화】
13965 , アイテム:스킬카드【스펌봄】
13966 , アイテム:스킬카드【스펌봄러시】
13967 , アイテム:스킬카드【나와라나의모든중마】
13968 , アイテム:스킬카드【암흑마하・갈다인】
13981 , アイテム:스킬카드【총기변형】
14000 , アイテム:스킬카드【화염격】
14001 , アイテム:스킬카드【다크세이버】
14002 , アイテム:스킬카드【광염난무】
14003 , アイテム:스킬카드【자매의정・극장판】
14004 , アイテム:스킬카드【더블어택】
14040 , アイテム:스킬카드【빙결격】
14041 , アイテム:스킬카드【임팩트샷】
14042 , アイテム:스킬카드【무빙난무】
14080 , アイテム:스킬카드【질풍격】
14081 , アイテム:스킬카드【어스블로우】
14082 , アイテム:스킬카드【질풍난무】
14083 , アイテム:스킬카드【천마유성열권】
14084 , アイテム:스킬카드【트리오・더・펀치】
14120 , アイテム:스킬카드【지뢰격】
14121 , アイテム:스킬카드【라이트스매셔】
14122 , アイテム:스킬카드【뇌진난무】
14160 , アイテム:스킬카드【메시아라이저】
14161 , アイテム:스킬카드【Ｌ메・디아】
14162 , アイテム:스킬카드【Ｌ메・디아라마】
14163 , アイテム:스킬카드【Ｌ메・디아라한】
14164 , アイテム:스킬카드【대천사의가호】
14165 , アイテム:스킬카드【대천사초빙】
14166 , アイテム:스킬카드【파나케이아의축복】
14167 , アイテム:스킬카드【전투의탈라】
14200 , アイテム:스킬카드【Ｌ히트라이저】
14201 , アイテム:스킬카드【마하・타루카쟈】
14202 , アイテム:스킬카드【마하・스쿠카쟈】
14203 , アイテム:스킬카드【마하・마카카쟈】
14204 , アイテム:스킬카드【마하・라쿠카쟈】
14205 , アイテム:스킬카드【돌격의봉화】
14206 , アイテム:스킬카드【Ｌ랜더마이저】
14207 , アイテム:스킬카드【마하・타룬다】
14208 , アイテム:스킬카드【마하・스쿤다】
14209 , アイテム:스킬카드【마하・라쿤다】
14210 , アイテム:스킬카드【Ｌ데・카쟈】
14211 , アイテム:스킬카드【Ｌ데・쿤다】
14212 , アイテム:스킬카드【마하・마칸다】
14213 , アイテム:스킬카드【마하・사마카쟈】
14214 , アイテム:스킬카드【마하・사만다】
14215 , アイテム:스킬카드【L라스타캔디】
14216 , アイテム:스킬카드【올드・원】
14217 , アイテム:스킬카드【HEY-HEY-HEY】
14220 , アイテム:스킬카드【Kawaii_Make_My_Day】
14236 , アイテム:스킬카드【올드・원2】
14237 , アイテム:스킬카드【올드・원3】
14238 , アイテム:스킬카드【돌격의봉화】
14239 , アイテム:스킬카드【돌격의봉화】
14280 , アイテム:스킬카드【타워인페르노】
14281 , アイテム:스킬카드【Ｌ마하・라기】
14282 , アイテム:스킬카드【Ｌ마하・라기온】
14283 , アイテム:스킬카드【Ｌ마하・라기다인】
14284 , アイテム:스킬카드【로와조・도・프】
14285 , アイテム:스킬카드【메가블레이즈】
14286 , アイテム:스킬카드【멜트다운】
14287 , アイテム:스킬카드【메갈로파이어】
14288 , アイテム:스킬카드【미티어스트라이크】
14320 , アイテム:스킬카드【Ｌ마하・부흐】
14321 , アイテム:스킬카드【Ｌ마하・부흐라】
14322 , アイテム:스킬카드【Ｌ마하・부흐다인】
14323 , アイテム:스킬카드【아이스블라스트】
14324 , アイテム:스킬카드【아이스크래쉬】
14325 , アイテム:스킬카드【아이스브레이크】
14326 , アイテム:스킬카드【핌블의겨울】
14360 , アイテム:스킬카드【Ｌ마하・지오】
14361 , アイテム:스킬카드【Ｌ마하・지온가】
14362 , アイテム:스킬카드【Ｌ마하・지오다인】
14363 , アイテム:스킬카드【선더블라스트】
14364 , アイテム:스킬카드【선더크래쉬】
14365 , アイテム:스킬카드【선더브레이크】
14366 , アイテム:스킬카드【이카즈치의호조】
14400 , アイテム:스킬카드【Ｌ마하・잔】
14401 , アイテム:스킬카드【Ｌ마하・잔마】
14402 , アイテム:스킬카드【Ｌ마하・잔다인】
14403 , アイテム:스킬카드【소닉블라스트】
14404 , アイテム:스킬카드【소닉크래쉬】
14405 , アイテム:스킬카드【소닉브레이크】
14406 , アイテム:스킬카드【원자파괴】
14407 , アイテム:스킬카드【스크류헤븐】
14440 , アイテム:스킬카드【Ｌ뉴로크런치】
14441 , アイテム:스킬카드【독룡의라가】
14442 , アイテム:스킬카드【사이코포스】
14480 , アイテム:스킬카드【Ｌ텐타라후】
14481 , アイテム:스킬카드【Ｌ섹시댄스】
14482 , アイテム:스킬카드【Ｌ파이널누드】
14483 , アイテム:스킬카드【몽상의라가】
14484 , アイテム:스킬카드【사심없는호곡】
14485 , アイテム:스킬카드【Ｌ퍼니시먼트】
14520 , アイテム:스킬카드【Ｌ마한마】
14521 , アイテム:스킬카드【Ｌ마한마온】
14522 , アイテム:스킬카드【신벌】
14523 , アイテム:스킬카드【Ｌ제나두】
14560 , アイテム:스킬카드【Ｌ마하무드】
14561 , アイテム:스킬카드【Ｌ마하무드온】
14562 , アイテム:스킬카드【Ｌ천년의저주】
14600 , アイテム:스킬카드【스톤라이즈】
14601 , アイテム:스킬카드【Ｌ마하・마그나】
14602 , アイテム:스킬카드【Ｌ마하・마그나스】
14603 , アイテム:스킬카드【Ｌ마하・마그다인】
14604 , アイテム:스킬카드【랜드스파크】
14605 , アイテム:스킬카드【크랙팡】
14606 , アイテム:스킬카드【라스트퀘이크】
14607 , アイテム:스킬카드【헬데저트】
14608 , アイテム:스킬카드【랜드슬라이드】
14640 , アイテム:스킬카드【하이드로부스트】
14641 , アイテム:스킬카드【Ｌ마하・아쿠아】
14642 , アイテム:스킬카드【Ｌ마하・아쿠에스】
14643 , アイテム:스킬카드【Ｌ마하・아쿠다인】
14644 , アイテム:스킬카드【질주수조파】
14645 , アイテム:스킬카드【타이달웨이브】
14646 , アイテム:스킬카드【베인스플래쉬】
14647 , アイテム:스킬카드【멜스트롬】
14648 , アイテム:스킬카드【애시드네뷸라】
14680 , アイテム:스킬카드【카마이타치】
14681 , アイテム:스킬카드【Ｌ마하・갈】
14682 , アイテム:스킬카드【Ｌ마하・갈라】
14683 , アイテム:스킬카드【Ｌ마하・갈다인】
14684 , アイテム:스킬카드【진공파】
14685 , アイテム:스킬카드【맥시템페스트】
14686 , アイテム:스킬카드【기가사이클론】
14687 , アイテム:스킬카드【스톰나이트메어】
14688 , アイテム:스킬카드【용비천상】
14720 , アイテム:스킬카드【Ｌ마하・그라이】
14721 , アイテム:스킬카드【Ｌ마하・그라이바】
14722 , アイテム:스킬카드【Ｌ마하・그라다인】
14723 , アイテム:스킬카드【그래비티블라스트】
14724 , アイテム:스킬카드【그래비티크래쉬】
14725 , アイテム:스킬카드【그래비티브레이크】
14726 , アイテム:스킬카드【블랙홀】
14727 , アイテム:스킬카드【모탈인헤일】
14760 , アイテム:스킬카드【히트블래스트】
14761 , アイテム:스킬카드【히트크래쉬】
14762 , アイテム:스킬카드【히트브레이크】
14763 , アイテム:스킬카드【마이크로노바】
14764 , アイテム:스킬카드【Ｌ플래시봄】
14800 , アイテム:스킬카드【사망유희】
14801 , アイテム:스킬카드【옴】
14802 , アイテム:스킬카드【Ｌ메기도】
14803 , アイテム:스킬카드【Ｌ메기도라】
14804 , アイテム:스킬카드【Ｌ메기도라온】
14805 , アイテム:스킬카드【파이널콜】
14806 , アイテム:스킬카드【귀신의격앙】
14840 , アイテム:스킬카드【화령마법탄】
14841 , アイテム:스킬카드【화환마법탄】
14842 , アイテム:스킬카드【화신마법탄】
14843 , アイテム:스킬카드【빙령마법탄】
14844 , アイテム:스킬카드【빙환마법탄】
14845 , アイテム:스킬카드【빙신마법탄】
14846 , アイテム:스킬카드【뇌령마법탄】
14847 , アイテム:스킬카드【뇌환마법탄】
14848 , アイテム:스킬카드【뇌신마법탄】
14849 , アイテム:스킬카드【성령마법탄】
14850 , アイテム:스킬카드【성환마법탄】
14851 , アイテム:스킬카드【성신마법탄】
14852 , アイテム:스킬카드【주령마법탄】
14853 , アイテム:스킬카드【주환마법탄】
14854 , アイテム:스킬카드【주신마법탄】
14855 , アイテム:스킬카드【집중사격】
14856 , アイテム:스킬카드【지고의마총】
14857 , アイテム:스킬카드【일제사격】
14858 , アイテム:스킬카드【만신마법탄】
14859 , アイテム:스킬카드【지령마법탄】
14860 , アイテム:스킬카드【지환마법탄】
14861 , アイテム:스킬카드【지신마법탄】
14862 , アイテム:스킬카드【수령마법탄】
14863 , アイテム:스킬카드【수환마법탄】
14864 , アイテム:스킬카드【수신마법탄】
14865 , アイテム:스킬카드【풍령마법탄】
14866 , アイテム:스킬카드【풍환마법탄】
14867 , アイテム:스킬카드【풍신마법탄】
14940 , アイテム:스킬카드【The Show Must Go On】
14941 , アイテム:스킬카드【Swan Lake Dive】
14942 , アイテム:스킬카드【대합창「영차콘체르토그로소」】
14943 , アイテム:스킬카드【「처음이자마지막인이름없는탄막」】
14950 , アイテム:스킬카드【칵테일샷】
14960 , アイテム:스킬카드【빅뱅어택】
14961 , アイテム:스킬카드【사하스라라】
14962 , アイテム:스킬카드【황룡보살진】
14963 , アイテム:스킬카드【누앵우화방진】
14964 , アイテム:스킬카드【Ｍ・빅뱅어택】
14965 , アイテム:스킬카드【사신방진】
14966 , アイテム:스킬카드【프레임・스나이퍼】
14967 , アイテム:스킬카드【애쉬・스톰】
14968 , アイテム:스킬카드【아포칼립스・케룹】
14969 , アイテム:스킬카드【극지의번개】
14970 , アイテム:스킬카드【이로하선배와순찰！】
14971 , アイテム:스킬카드【토르해머･더･리프】
15000 , アイテム:스킬카드【인간특효】
15001 , アイテム:스킬카드【지모신특효】
15002 , アイテム:스킬카드【여신특효】
15003 , アイテム:스킬카드【마왕특효】
15004 , アイテム:스킬카드【천사특효】
15005 , アイテム:스킬카드【요마특효】
15006 , アイテム:스킬카드【요정특효】
15007 , アイテム:스킬카드【요귀특효】
15008 , アイテム:스킬카드【용왕특효】
15009 , アイテム:스킬카드【마수특효】
15010 , アイテム:스킬카드【요조특효】
15011 , アイテム:스킬카드【외도특효】
15012 , アイテム:스킬카드【기계특효】
15013 , アイテム:스킬카드【정령특효】
15014 , アイテム:스킬카드【귀신특효】
15015 , アイテム:스킬카드【마신특효】
15016 , アイテム:스킬카드【사신특효】
15017 , アイテム:스킬카드【타천사특효】
15018 , アイテム:스킬카드【괴이특효】
15019 , アイテム:스킬카드【반마특효】
15020 , アイテム:스킬카드【마인특효】
15021 , アイテム:스킬카드【영웅특효】
15022 , アイテム:스킬카드【조마특효】
15023 , アイテム:스킬카드【검격인핸스】
15024 , アイテム:스킬카드【비구인핸스】
15025 , アイテム:스킬카드【타격인핸스】
15026 , アイテム:스킬카드【전술인핸스】
15027 , アイテム:스킬카드【화염인핸스】
15028 , アイテム:스킬카드【빙결인핸스】
15029 , アイテム:스킬카드【전격인핸스】
15030 , アイテム:스킬카드【충격인핸스】
15031 , アイテム:스킬카드【신경인핸스】
15032 , アイテム:스킬카드【정신인핸스】
15033 , アイテム:스킬카드【파마인핸스】
15034 , アイテム:스킬카드【주살인핸스】
15035 , アイテム:스킬카드【지변인핸스】
15036 , アイテム:스킬카드【수격인핸스】
15037 , アイテム:스킬카드【질풍인핸스】
15038 , アイテム:스킬카드【중력인핸스】
15039 , アイテム:스킬카드【핵열인핸스】
15040 , アイテム:스킬카드【리소스개방】
15041 , アイテム:스킬카드【재귀처리】
15042 , アイテム:스킬카드【숏컷】
15043 , アイテム:스킬카드【핫스탠바이】
15044 , アイテム:스킬카드【정의한】
15045 , アイテム:스킬카드【해석】
15046 , アイテム:스킬카드【매혹적인살육】
15047 , アイテム:스킬카드【엔터테이너】
15048 , アイテム:스킬카드【위협사격】
15049 , アイテム:스킬카드【의료키트】
15050 , アイテム:스킬카드【성대한접대】
15051 , アイテム:스킬카드【검약가】
15052 , アイテム:스킬카드【이럴줄알았지】
15053 , アイテム:스킬카드【마연의심득・치유】
15054 , アイテム:스킬카드【마연의심득・고양】
15055 , アイテム:스킬카드【마연의심득・침식】
15056 , アイテム:스킬카드【마연의심득・독】
15057 , アイテム:스킬카드【마연의심득・속박】
15058 , アイテム:스킬카드【마연의심득・행복】
15059 , アイテム:스킬카드【마연의심득・수면】
15060 , アイテム:스킬카드【마연의심득・흡수】
15061 , アイテム:스킬카드【마연의심득・공격】
15064 , アイテム:스킬카드【승리의작은숨결】
15065 , アイテム:스킬카드【승리의숨결】
15066 , アイテム:스킬카드【승리의작은차크라】
15067 , アイテム:스킬카드【승리의차크라】
15068 , アイテム:스킬카드【타룬다오토】
15069 , アイテム:스킬카드【스쿤다오토】
15070 , アイテム:스킬카드【마칸다오토】
15071 , アイテム:스킬카드【라쿤다오토】
15072 , アイテム:스킬카드【사만다오토】
15300 , アイテム:스킬카드【힘UP】
15301 , アイテム:스킬카드【지UP】
15302 , アイテム:스킬카드【마UP】
15303 , アイテム:스킬카드【내UP】
15304 , アイテム:스킬카드【속UP】
15305 , アイテム:스킬카드【운UP】
15306 , アイテム:스킬카드【ＢＧ타루・카쟈】
15307 , アイテム:스킬카드【ＢＧ스쿠・카쟈】
15308 , アイテム:스킬카드【ＢＧ마카・카쟈】
15309 , アイテム:스킬카드【ＢＧ라쿠・카쟈】
15310 , アイテム:스킬카드【ＢＧ사마・카쟈】
15311 , アイテム:스킬카드【ＢＧ라스타캔디】
15330 , アイテム:스킬카드【리커버리】
15331 , アイテム:스킬카드【이상적출】
15350 , アイテム:스킬카드【디플래그】
15351 , アイテム:스킬카드【체인업】
15352 , アイテム:스킬카드【도트사이트】
15353 , アイテム:스킬카드【할로우포인트】
15354 , アイテム:스킬카드【식스센스】
15355 , アイテム:스킬카드【WEAK킬러】
15356 , アイテム:스킬카드【WEAK프리크】
15357 , アイテム:스킬카드【WEAK스나이퍼】
15358 , アイテム:스킬카드【액막이호부】
15359 , アイテム:스킬카드【식재의부적】
15360 , アイテム:스킬카드【반응장갑】
15361 , アイテム:스킬카드【마돈나리리】
15500 , アイテム:스킬카드【응원】
15501 , アイテム:스킬카드【클락업】
15502 , アイテム:스킬카드【쿠즈노하학설】
15503 , アイテム:스킬카드【돌격지령】
15504 , アイテム:스킬카드【일기통관】
15505 , アイテム:스킬카드【혼의일격】
15600 , アイテム:스킬카드【리페어Ⅰ】
15601 , アイテム:스킬카드【리페어Ⅱ】
15602 , アイテム:스킬카드【리프레시】
15603 , アイテム:스킬카드【리빌드】
15604 , アイテム:스킬카드【리부트】
15620 , アイテム:스킬카드【컨버트】
15621 , アイテム:스킬카드【오라클】
19000 , アイテム:스킬카드【일도류오의・호접옥문】
19001 , アイテム:스킬카드【인법・공둔의술】
19002 , アイテム:스킬카드【일도류・바람베기】
19003 , アイテム:스킬카드【일도류・호접난무】
19004 , アイテム:스킬카드【일도류・바람의형】
19005 , アイテム:스킬카드【일도류・제1형】
19006 , アイテム:스킬카드【뇌격의쌍권총】
19007 , アイテム:스킬카드【인법・뇌둔의술】
19008 , アイテム:스킬카드【뇌격】
19009 , アイテム:스킬카드【뇌총격】
19010 , アイテム:스킬카드【비뢰섬】
19011 , アイテム:스킬카드【스파크】
19012 , アイテム:스킬카드【뇌격파】
19013 , アイテム:스킬카드【뇌운】
19014 , アイテム:스킬카드【뇌추＜토르해머＞】
;-------------------------------
;衣装番号
;-------------------------------
1 , 衣装:화이트브림
2 , 衣装:너스캡
3 , 衣装:경관모
4 , 衣装:토끼귀밴드
5 , 衣装:리본
6 , 衣装:후드
7 , 衣装:투구
8 , 衣装:모자
9 , 衣装:베일
10 , 衣装:티아라
11 , 衣装:카츄샤
12 , 衣装:헤어밴드
13 , 衣装:반다나
14 , 衣装:프로스트두건
15 , 衣装:랜턴햇
16 , 衣装:관
17 , 衣装:네코미미카츄샤
18 , 衣装:군모
19 , 衣装:헤드셋마이크
20 , 衣装:화관
21 , 衣装:헤드드레스
22 , 衣装:코후크
23 , 衣装:머리핀
24 , 衣装:비녀
25 , 衣装:머리장식
26 , 衣装:머리끈
27 , 衣装:꽃송이
28 , 衣装:왕관
29 , 衣装:금강권
30 , 衣装:월하향의머리장식
31 , 衣装:삿갓
32 , 衣装:헬멧
33 , 衣装:에보시
34 , 衣装:천개
35 , 衣装:카우보이모자
36 , 衣装:학생모
37 , 衣装:유즈키노키미사범학교제식모자
38 , 衣装:헌팅캡
39 , 衣装:디어스토커
40 , 衣装:트리코르느
41 , 衣装:광대모자
42 , 衣装:실크햇
43 , 衣装:불곰
44 , 衣装:흑곰
45 , 衣装:백곰
46 , 衣装:깃털모자
47 , 衣装:비행모
48 , 衣装:나이트캡
49 , 衣装:비니
50 , 衣装:베이스볼캡
51 , 衣装:러시아모자
52 , 衣装:정절의귀걸이
53 , 衣装:번식예찬귀표
54 , 衣装:윔플
55 , 衣装:마녀모자
56 , 衣装:니트모자
57 , 衣装:머리띠
101 , 衣装:겉옷
102 , 衣装:세일러복
103 , 衣装:체육복
104 , 衣装:비키니탑
105 , 衣装:간호사복
106 , 衣装:경관복
107 , 衣装:블라우스
108 , 衣装:탱크탑
109 , 衣装:튜브탑
110 , 衣装:런닝셔츠
111 , 衣装:터틀넥
112 , 衣装:스모크셔츠
113 , 衣装:스웨트셔츠
114 , 衣装:언더셔츠
115 , 衣装:기모노
116 , 衣装:시스루셔츠
117 , 衣装:캐미솔
118 , 衣装:유카타
119 , 衣装:깃세운옷
120 , 衣装:드레스셔츠
121 , 衣装:와이셔츠
122 , 衣装:고스로리옷（흑）
123 , 衣装:고스로리옷（백）
124 , 衣装:T셔츠
125 , 衣装:가슴장갑
126 , 衣装:가운
127 , 衣装:카우보이셔츠
128 , 衣装:튜닉
129 , 衣装:파자마
130 , 衣装:동정을죽이는스웨터
131 , 衣装:노슬리브셔츠
132 , 衣装:경기용유니폼
133 , 衣装:오프숄더
134 , 衣装:스웨터
201 , 衣装:스커트
202 , 衣装:퀼로트
203 , 衣装:몸뻬
204 , 衣装:바지
205 , 衣装:롱스커트
206 , 衣装:핫팬츠
207 , 衣装:미니스커트
208 , 衣装:타이트스커트
209 , 衣装:타이트미니스커트
210 , 衣装:오버올
211 , 衣装:블루머
212 , 衣装:비키니바텀
213 , 衣装:서스펜더스커트
214 , 衣装:점퍼스커트
215 , 衣装:하카마
216 , 衣装:숏팬츠
217 , 衣装:파레오
218 , 衣装:허리장갑
219 , 衣装:레더팬츠
221 , 衣装:플리츠스커트
222 , 衣装:청바지
223 , 衣装:치노팬츠
224 , 衣装:카고팬츠
225 , 衣装:슬랙스
226 , 衣装:플레어스커트
227 , 衣装:티어드스커트
228 , 衣装:머메이드스커트
229 , 衣装:피쉬테일스커트
230 , 衣装:사이클링팬츠
231 , 衣装:스커츠
232 , 衣装:파자마바지
233 , 衣装:하이웨스트스커트
234 , 衣装:하프팬츠
235 , 衣装:철벽스커트
236 , 衣装:콘돔허리미노
237 , 衣装:스윔스커트
238 , 衣装:파레오
301 , 衣装:나가기
302 , 衣装:로브
303 , 衣装:원피스
304 , 衣装:드레스
305 , 衣装:이브닝드레스(V넥)
306 , 衣装:전신갑주
307 , 衣装:에이프런드레스
308 , 衣装:메이드복
309 , 衣装:프렌치메이드복
310 , 衣装:차이나드레스
311 , 衣装:바니수트
312 , 衣装:본디지수트
313 , 衣装:인형탈
315 , 衣装:치하야
316 , 衣装:군복
317 , 衣装:민족의상
318 , 衣装:법의
319 , 衣装:관두의
320 , 衣装:트라이브수트
321 , 衣装:네코마타수트(의상)
322 , 衣装:웨딩드레스
323 , 衣装:시로무쿠
324 , 衣装:도사복
325 , 衣装:흰수의
326 , 衣装:도복
327 , 衣装:도포
328 , 衣装:웨스턴드레스
329 , 衣装:키톤
330 , 衣装:유즈키노키미사범학교교복
331 , 衣装:광대의옷
332 , 衣装:스팽글드레스
333 , 衣装:길리수트
334 , 衣装:고딕드레스(V넥)
335 , 衣装:고딕원피스
336 , 衣装:사무에
337 , 衣装:라이더수트
338 , 衣装:우주복
339 , 衣装:죄수복
340 , 衣装:촉수갑옷
341 , 衣装:보디콘수트
342 , 衣装:브랜드수트
343 , 衣装:미니원피스
344 , 衣装:웨이터복
345 , 衣装:디른들
346 , 衣装:5121소대제복
347 , 衣装:테크웨어（스커트）
348 , 衣装:테크웨어（바지）
349 , 衣装:수도복（스카풀라리오）
350 , 衣装:지뢰계여학생복
351 , 衣装:아라비안・하렘
352 , 衣装:서머원피스
353 , 衣装:상복
354 , 衣装:파일럿수트
401 , 衣装:장갑
402 , 衣装:소매
403 , 衣装:커프스
404 , 衣装:엘보글러브
405 , 衣装:레이스달린장갑
406 , 衣装:토시
407 , 衣装:육구글러브
408 , 衣装:파
409 , 衣装:반장갑
410 , 衣装:반지
411 , 衣装:팔찌
412 , 衣装:수갑
413 , 衣装:레이스커프스
414 , 衣装:롱글로브
415 , 衣装:순결의커프스
416 , 衣装:음탕의염주
417 , 衣装:퍼글러브
418 , 衣装:리스트워머
501 , 衣装:브래지어
502 , 衣装:스포츠브라
503 , 衣装:무명천
504 , 衣装:오픈브라
505 , 衣装:마이크로브라
506 , 衣装:네글리제
507 , 衣装:브래지어(흑)
508 , 衣装:브래지어(적)
509 , 衣装:레이스달린브래지어
510 , 衣装:임산부용브래지어
511 , 衣装:뷔스티에
512 , 衣装:니플리스
513 , 衣装:비늘브라
520 , 衣装:니플피어스
521 , 衣装:반창고
522 , 衣装:나가쥬반
523 , 衣装:하다코소데
524 , 衣装:탱크톱브라
525 , 衣装:주니어브라
526 , 衣装:브라캐미솔
527 , 衣装:탱크톱(이너)
528 , 衣装:티셔츠(이너)
529 , 衣装:촉수브라
530 , 衣装:쇼트T셔츠
531 , 衣装:캣란제리(상)
532 , 衣装:베이비돌
533 , 衣装:세일러수영복
534 , 衣装:안대비키니
535 , 衣装:플레어비키니
536 , 衣装:래시가드
601 , 衣装:드로워즈
602 , 衣装:팬티
603 , 衣装:오픈쇼츠
604 , 衣装:훈도시
605 , 衣装:마이크로비키니
606 , 衣装:트렁크스
607 , 衣装:부메랑팬츠
608 , 衣装:로인클로스
609 , 衣装:팬티(흑)
610 , 衣装:팬티(적)
611 , 衣装:레이스달린팬티
612 , 衣装:바이브달린쇼츠
613 , 衣装:Ａ바이브달린쇼츠
614 , 衣装:Ｗ바이브달린쇼츠
615 , 衣装:꼬리플러그
616 , 衣装:스패츠
617 , 衣装:줄무늬팬티
618 , 衣装:비늘팬티
620 , 衣装:라비아피어스
621 , 衣装:기저귀
622 , 衣装:로우라이즈
623 , 衣装:정조대
624 , 衣装:바이브달린정조대
625 , 衣装:Ａ바이브달린정조대
626 , 衣装:Ｗ바이브달린정조대
627 , 衣装:반창고
628 , 衣装:C스트링
629 , 衣装:G스트링
630 , 衣装:주니어쇼츠
631 , 衣装:보이렉팬티
632 , 衣装:복서브리프
633 , 衣装:브리프
634 , 衣装:촉수팬츠
635 , 衣装:롱복서브리프
636 , 衣装:작스트랩
637 , 衣装:정조의마에바리
638 , 衣装:생식환영표
639 , 衣装:거들
640 , 衣装:드로어즈
641 , 衣装:캣란제리(하)
642 , 衣装:언더스커트
643 , 衣装:비키니바텀
701 , 衣装:타이즈
702 , 衣装:타이즈（구멍뚫림）
703 , 衣装:슬링샷
704 , 衣装:레오타드
705 , 衣装:레오타드（구멍뚫림）
710 , 衣装:학교수영복
711 , 衣装:학교수영복（구멍뚫림）
712 , 衣装:새끼줄
713 , 衣装:경주용수영복
714 , 衣装:경주용수영복（구멍뚫림）
715 , 衣装:비키니수영복
716 , 衣装:원피스수영복
717 , 衣装:교정속옷
718 , 衣装:래핑리본
719 , 衣装:로엔그린
720 , 衣装:고무수트
721 , 衣装:잠수복
722 , 衣装:촉수수트
723 , 衣装:타이트보디수트
724 , 衣装:뱀
725 , 衣装:개각교정속옷
726 , 衣装:시미즈
727 , 衣装:세일러레오타드
801 , 衣装:양말
802 , 衣装:하이삭스
803 , 衣装:니삭스
804 , 衣装:사이하이삭스
805 , 衣装:가터스타킹
806 , 衣装:팬티스타킹
807 , 衣装:망사타이즈
808 , 衣装:버선
809 , 衣装:각반
810 , 衣装:검은색타이즈
811 , 衣装:캣삭스
812 , 衣装:붕대
901 , 衣装:부츠
902 , 衣装:하이부츠
903 , 衣装:샌들
904 , 衣装:그리브
905 , 衣装:게다
906 , 衣装:핀힐
907 , 衣装:하이힐
908 , 衣装:스니커
909 , 衣装:가죽구두
910 , 衣装:뮬
911 , 衣装:펌프스
912 , 衣装:짚신
913 , 衣装:슈즈
914 , 衣装:육구부츠
915 , 衣装:스파이크
916 , 衣装:조리
917 , 衣装:타이어
918 , 衣装:지하버선
919 , 衣装:캔버스신발
920 , 衣装:롤러스케이트
921 , 衣装:명주신
922 , 衣装:모카신
923 , 衣装:숏부츠
924 , 衣装:윈터부츠
1001 , 衣装:볼레로
1002 , 衣装:망토
1003 , 衣装:블레이저교복
1004 , 衣装:코트
1005 , 衣装:카디건
1006 , 衣装:백의
1010 , 衣装:흉갑
1011 , 衣装:교자
1012 , 衣装:모피
1013 , 衣装:후드집업
1014 , 衣装:자켓
1015 , 衣装:연미복
1016 , 衣装:가쿠란교복
1017 , 衣装:저지
1018 , 衣装:도테라
1019 , 衣装:베스트
1020 , 衣装:카리기누
1021 , 衣装:수트
1022 , 衣装:레더자켓
1023 , 衣装:소매있는앞치마
1024 , 衣装:스이칸
1025 , 衣装:진바오리
1026 , 衣装:하프코트
1027 , 衣装:히마티온
1028 , 衣装:인버네스
1029 , 衣装:하오리
1030 , 衣装:쥬스트콜
1031 , 衣装:쥬스트콜・아란베일
1032 , 衣装:보디아머
1033 , 衣装:우비
1034 , 衣装:산타코트
1035 , 衣装:서코트
1036 , 衣装:오버사이즈스웨터
1037 , 衣装:엘보우＆니가드
1038 , 衣装:언더바스트코르셋
1039 , 衣装:수단코트
1101 , 衣装:날개옷
1102 , 衣装:가터벨트
1103 , 衣装:안경
1104 , 衣装:구속구
1105 , 衣装:머플러
1106 , 衣装:안장
1107 , 衣装:오비
1108 , 衣装:벨트
1109 , 衣装:헤드폰
1110 , 衣装:쵸커
1111 , 衣装:페니스리본
1112 , 衣装:넥타이
1113 , 衣装:리본넥타이
1114 , 衣装:안대
1115 , 衣装:란도셀
1116 , 衣装:전속노예의목걸이
1117 , 衣装:배덕의반지
1118 , 衣装:선글라스
1119 , 衣装:서스펜더
1120 , 衣装:코르사쥬
1121 , 衣装:문신
1122 , 衣装:네츠케
1123 , 衣装:귀걸이
1124 , 衣装:카즈키
1125 , 衣装:가죽반바지
1126 , 衣装:가죽바지
1127 , 衣装:앵클릿
1128 , 衣装:넥클리스
1129 , 衣装:벨리체인
1130 , 衣装:금강저의반지
1131 , 衣装:홀스터
1132 , 衣装:회중시계
1133 , 衣装:퉁소
1134 , 衣装:육문전
1135 , 衣装:검정오비
1136 , 衣装:휴지
1137 , 衣装:잎사귀
1138 , 衣装:파이프
1139 , 衣装:프로테인
1140 , 衣装:가면「여우」
1141 , 衣装:가면「한냐」
1142 , 衣装:가면「불돌이」
1143 , 衣装:가면「늙은이」
1144 , 衣装:가면「젊은여자」
1145 , 衣装:가면「추녀」
1146 , 衣装:파니에
1147 , 衣装:빕칼라
1148 , 衣装:카메오브로치
1149 , 衣装:스틱
1150 , 衣装:변신벨트
1151 , 衣装:포스터
1152 , 衣装:브랜드가방
1153 , 衣装:럭색
1154 , 衣装:봉지
1155 , 衣装:모노클
1156 , 衣装:경전
1157 , 衣装:애독서
1158 , 衣装:시가(궐련)
1159 , 衣装:스톨
1160 , 衣装:컴팩트
1161 , 衣装:페티코트
1162 , 衣装:고글
1163 , 衣装:마스크
1164 , 衣装:담배
1165 , 衣装:씹는담배
1166 , 衣装:휴대용물담배
1167 , 衣装:담뱃대
1168 , 衣装:성냥
1169 , 衣装:종이성냥
1170 , 衣装:라이터
1171 , 衣装:지포라이터
1172 , 衣装:파이포
1173 , 衣装:전자담배
1174 , 衣装:피어스
1175 , 衣装:도미노마스크
1176 , 衣装:사용한콘돔
1177 , 衣装:피임의반지
1178 , 衣装:사진부착신분증
1179 , 衣装:페이스베일
1180 , 衣装:피어스
1181 , 衣装:우산
1182 , 衣装:팬던트
1183 , 衣装:가면
;-------------------------------
;イベント番号
;-------------------------------
1 , 이벤트:마요네님의포상
2 , 이벤트:자객
3 , 이벤트:대마궁으로의초대
4 , 이벤트:페르소나２
5 , 이벤트:페르소나
6 , 이벤트:이상한손님
7 , 이벤트:소문
8 , 이벤트:마요네의의뢰
9 , 이벤트:타르타로스관련
10 , 이벤트:캐릭터대화이벤트
11 , 이벤트:슈바르츠바스조사
12 , 이벤트:깊은안개속의스튜디오
13 , 이벤트:슈바르츠바스조사2
14 , 이벤트:두려움을모르는사자
15 , 이벤트:어령출현
16 , 이벤트:군청색의초대장
17 , 이벤트:조직으로부터의통지
18 , 이벤트:악마트레이드시스템에관하여
19 , 이벤트:단발이벤트
20 , 이벤트:미카게쵸에서1
21 , 이벤트:미카게쵸에서2
22 , 이벤트:성엘민학원1
23 , 이벤트:미카게쵸탈출・해방
24 , 이벤트:플라즈마월소실
25 , 이벤트:포레스트랜드
26 , 이벤트:파이어랜드
27 , 이벤트:무위스의공격
30 , 이벤트:진노의딸
31 , 이벤트:아내구출
32 , 이벤트:아이돌의말로
33 , 이벤트:드워프의요청
34 , 이벤트:카드서머너
35 , 이벤트:ＴＲＰＧ리플레이_재회
36 , 이벤트:시아크
37 , 이벤트:면담
38 , 이벤트:미스터리한소년의프레젠트
39 , 이벤트:미지에대한탐구
41 , 이벤트:나기이벤트
42 , 이벤트:장비지급에대해
43 , 이벤트:퍼스널트루퍼
44 , 이벤트:만화판데빌칠드런
45 , 이벤트:스킬설정
49 , 이벤트:도쿄타워를제압하라
50 , 이벤트:나이트・테일
51 , 이벤트:어제의내일을바꾸기위하여
52 , 이벤트:특이한악마의매매
54 , 이벤트:사랑의선물
55 , 이벤트:메시아・프로젝트
56 , 이벤트:건퍼레이드마치
60 , 이벤트:진4이벤트
63 , 이벤트:대마인
64 , 이벤트:흑룡의대마인
65 , 이벤트:D2이벤트
67 , 이벤트:테스트전투
70 , 이벤트:위전이벤트
71 , 이벤트:또다른if
72 , 이벤트:새로운각성
79 , 이벤트:하나다님의포상
80 , 이벤트:파아！
81 , 이벤트:안성맞춤인미끼
82 , 이벤트:영령소환
85 , 이벤트:데빌서바이버2이벤트
87 , 이벤트:冒険者登録
88 , 이벤트:조직으로부터의보너스
89 , 이벤트:악마인당신
90 , 이벤트:아케미의조언
91 , 이벤트:데몬패러사이트
92 , 이벤트:DMC
93 , 이벤트:레뷰스타라이트
94 , 이벤트:EX:유유유
95 , 이벤트:아이돌마스터
96 , 이벤트:라비리비
97 , 이벤트:멜티블러드
98 , 이벤트:페이트
99 , 이벤트:마도카마기카
100 , 이벤트:요스가
101 , 이벤트:거짓된최후의전쟁
102 , 이벤트:데빌칠드런炎・氷
103 , 이벤트:아리아
104 , 이벤트:루비의눈동자
109 , 이벤트:도사의무녀
110 , 이벤트:동면장치
200 , 이벤트:하얀강철의X
201 , 이벤트:하얀강철의X2
202 , 이벤트:하얀강철의X_챌린지배틀
203 , 이벤트:셉티마복원계획
240 , 이벤트:꿈틀거리는것과봉사종족
241 , 이벤트:어느퇴마사와의해후
242 , 이벤트:성실하고친절한열혈한
243 , 이벤트:천재인형
;-------------------------------
;依頼番号
;-------------------------------
1 , 依頼:ＣＯＭＰ장인의도움
2 , 依頼:카루코자카고교체육관(1)
3 , 依頼:카루코자카고교체육관(2)
4 , 依頼:페르소나２
5 , 依頼:데빌서머너
6 , 依頼:불사의존재
7 , 依頼:작열의꽃
8 , 依頼:도쿄수호격파
10 , 依頼:백합꽃공동모금
11 , 依頼:민속학자의 수색
12 , 依頼:데빌칠드런
13 , 依頼:공주무녀구출의뢰
14 , 依頼:아수라처럼
15 , 依頼:구출의뢰1
16 , 依頼:구출의뢰2
17 , 依頼:세이죠학원조사
18 , 依頼:사바트방해
19 , 依頼:에코빌딩습격
20 , 依頼:아마미바이패스의유령토벌의뢰
21 , 依頼:제4권은행
22 , 依頼:배신자숙청
23 , 依頼:연구재료수집
24 , 依頼:호사가의의뢰
25 , 依頼:악마빙의자
26 , 依頼:스토커
27 , 依頼:세이카학원조사
28 , 依頼:이유있는물건조사
29 , 依頼:기밀정보확보
30 , 依頼:데빌서바이벌２의뢰
31 , 依頼:비밀클럽
33 , 依頼:구성원탐색
34 , 依頼:아마미공항악마배제작전
35 , 依頼:업이잠든땅
36 , 依頼:하얀칼날의후계자
37 , 依頼:매혹된자의구원
38 , 依頼:감시탑강습
40 , 依頼:왕국점
41 , 依頼:데모니카훈련
42 , 依頼:유폐탑
43 , 依頼:악마의손・중개요청
44 , 依頼:가상명계
45 , 依頼:슬럼조사
50 , 依頼:나이트・테일
60 , 依頼:진4의뢰
70 , 依頼:20XX의뢰
80 , 依頼:신데렐라걸즈의뢰
82 , 依頼:이계에서의성별Ｘ
83 , 依頼:콜로세움에반란의소문
84 , 依頼:번지는그림은멜티포이즌
85 , 依頼:마인학원의뢰
86 , 依頼:사쿠라대전
95 , 依頼:킨키영무국의뢰
96 , 依頼:NGO의뢰
98 , 依頼:동방의뢰
99 , 依頼:나나도라의뢰
108 , 依頼:랜덤의뢰
;-------------------------------
;闘技場番号
;-------------------------------
0 , 闘技場:전투테스트
1 , 闘技場:사천왕에게도전
5 , 闘技場:가짜메시아
6 , 闘技場:2인조여성
8 , 闘技場:미실행이벤트
9 , 闘技場:마블랜드
10 , 闘技場:데빌콜로
11 , 闘技場:레미엘
12 , 闘技場:좋은녀석이지만먹보
13 , 闘技場:사대의사자
14 , 闘技場:음양사의후예
15 , 闘技場:보우건을쓰는남자
16 , 闘技場:굶주림에미친여자
17 , 闘技場:퇴마학생회의역습
18 , 闘技場:마요나카아레나
19 , 闘技場:실험체소녀A
20 , 闘技場:백의기사
21 , 闘技場:적의기사
22 , 闘技場:흑의기사
23 , 闘技場:역병의기사
24 , 闘技場:신의악의
26 , 闘技場:데미지콘테스트
30 , 闘技場:데스매치
50 , 闘技場:여왕들의 검～비스트 헌트～
51 , 闘技場:여왕들의 검～탈락자의 역습～
52 , 闘技場:여왕들의 검～그녀의 옆～
53 , 闘技場:데빌헌터
54 , 闘技場:극장주인
55 , 闘技場:사탄
60 , 闘技場:참귀의대마인
85 , 闘技場:선혈의용녀를주의
86 , 闘技場:우리의나태
87 , 闘技場:네자리는없다고
88 , 闘技場:해저의위협
89 , 闘技場:보석쟁탈전
90 , 闘技場:마가타마의수호자
99 , 闘技場:랜덤매치
;-------------------------------
ショップ番号
;-------------------------------
100 , ショップ:턴엔드
101 , ショップ:탐색
102 , ショップ:콜로세움참가
103 , ショップ:휴식
104 , ショップ:의뢰청부
105 , ショップ:이벤트
106 , ショップ:개별이벤트
107 , ショップ:납금
108 , ショップ:사교의관
109 , ショップ:벨벳룸
110 , ショップ:셋업
111 , ショップ:동료마강화
112 , ショップ:소지품확인
113 , ショップ:정크숍
114 , ショップ:마카교환
115 , ショップ:라그의가게
116 , ショップ:아이템합성
120 , ショップ:상점
121 , ショップ:COMPSMITH
122 , ショップ:요요조
123 , ショップ:로사・칸디타지점
201 , ショップ:조교한다
202 , ショップ:파트너변경
203 , ショップ:조수변경
204 , ショップ:조교아이템구입
205 , ショップ:능력의상승
206 , ショップ:노역/매각/경영
207 , ショップ:계약
208 , ショップ:의상방
209 , ショップ:육아실에간다
210 , ショップ:명칭/호칭변경
212 , ショップ:요바이필터
213 , ショップ:집회시킨다
214 , ショップ:교류한다
301 , ショップ:능력확인
302 , ショップ:캐릭터필터
303 , ショップ:캐릭터정렬
402 , ショップ:가챠！
403 , ショップ:촉수연구
185 , ショップ:예비변경
200 , ショップ:세이브
300 , ショップ:로드
400 , ショップ:옵션
777 , ショップ:환생리스타트
888 , ショップ:일기장ex
998 , ショップ:악마조교전

5074 , キャラ:쟌느·얼터
902 , キャラ:모·쇼보
